ISO-10303-21;
HEADER;
FILE_DESCRIPTION(('Open CASCADE Model'),'2;1');
FILE_NAME('Open CASCADE Shape Model','2026-10-01T02:41:39',('Author'),(
    'Open CASCADE'),'Open CASCADE STEP processor 8.0','build123d',
  'Unknown');
FILE_SCHEMA(('AUTOMOTIVE_DESIGN { 1 0 10303 214 1 1 1 1 }'));
ENDSEC;
DATA;
#1 = APPLICATION_PROTOCOL_DEFINITION('international standard',
  'automotive_design',2000,#2);
#2 = APPLICATION_CONTEXT(
  'core data for automotive mechanical design processes');
#3 = SHAPE_DEFINITION_REPRESENTATION(#4,#10);
#4 = PRODUCT_DEFINITION_SHAPE('','',#5);
#5 = PRODUCT_DEFINITION('design','',#6,#9);
#6 = PRODUCT_DEFINITION_FORMATION('','',#7);
#7 = PRODUCT('COMPOUND','COMPOUND','',(#8));
#8 = PRODUCT_CONTEXT('',#2,'mechanical');
#9 = PRODUCT_DEFINITION_CONTEXT('part definition',#2,'design');
#10 = SHAPE_REPRESENTATION('',(#11,#15,#3560,#5780),#5877);
#11 = AXIS2_PLACEMENT_3D('',#12,#13,#14);
#12 = CARTESIAN_POINT('',(0.,0.,0.));
#13 = DIRECTION('',(0.,0.,1.));
#14 = DIRECTION('',(1.,0.,-0.));
#15 = MANIFOLD_SOLID_BREP('',#16);
#16 = CLOSED_SHELL('',(#17,#248,#605,#659,#708,#814,#841,#917,#972,#1051
    ,#1158,#1257,#1284,#1383,#1410,#1464,#1569,#1643,#1749,#1776,#1847,
    #1897,#2057,#2797,#2854,#2859,#2904,#2911,#2940,#2947,#2999,#3053,
    #3166,#3248,#3297,#3408,#3435,#3442,#3497,#3552,#3556));
#17 = ADVANCED_FACE('',(#18),#33,.T.);
#18 = FACE_BOUND('',#19,.T.);
#19 = EDGE_LOOP('',(#20,#68,#104,#128,#150,#176,#177,#178,#214));
#20 = ORIENTED_EDGE('',*,*,#21,.T.);
#21 = EDGE_CURVE('',#22,#24,#26,.T.);
#22 = VERTEX_POINT('',#23);
#23 = CARTESIAN_POINT('',(93.5,-25.,33.));
#24 = VERTEX_POINT('',#25);
#25 = CARTESIAN_POINT('',(97.5,-29.,37.));
#26 = SURFACE_CURVE('',#27,(#32,#50),.PCURVE_S1.);
#27 = ELLIPSE('',#28,5.656854249492,4.);
#28 = AXIS2_PLACEMENT_3D('',#29,#30,#31);
#29 = CARTESIAN_POINT('',(97.5,-25.,33.));
#30 = DIRECTION('',(0.,0.707106781187,0.707106781187));
#31 = DIRECTION('',(0.,0.707106781187,-0.707106781187));
#32 = PCURVE('',#33,#38);
#33 = CYLINDRICAL_SURFACE('',#34,4.);
#34 = AXIS2_PLACEMENT_3D('',#35,#36,#37);
#35 = CARTESIAN_POINT('',(97.5,-25.,33.));
#36 = DIRECTION('',(0.,0.,1.));
#37 = DIRECTION('',(1.,0.,-0.));
#38 = DEFINITIONAL_REPRESENTATION('',(#39),#49);
#39 = B_SPLINE_CURVE_WITH_KNOTS('',8,(#40,#41,#42,#43,#44,#45,#46,#47,
    #48),.UNSPECIFIED.,.F.,.F.,(9,9),(1.570796326795,3.14159265359),
  .PIECEWISE_BEZIER_KNOTS.);
#40 = CARTESIAN_POINT('',(3.14159265359,0.));
#41 = CARTESIAN_POINT('',(3.337942194439,0.785398163397));
#42 = CARTESIAN_POINT('',(3.534291735282,1.57079651327));
#43 = CARTESIAN_POINT('',(3.730641276157,2.310053044846));
#44 = CARTESIAN_POINT('',(3.926990816955,2.957035002282));
#45 = CARTESIAN_POINT('',(4.123340357854,3.471272185365));
#46 = CARTESIAN_POINT('',(4.319689898681,3.823756896054));
#47 = CARTESIAN_POINT('',(4.516039439535,4.));
#48 = CARTESIAN_POINT('',(4.712388980385,4.));
#49 = ( GEOMETRIC_REPRESENTATION_CONTEXT(2) 
PARAMETRIC_REPRESENTATION_CONTEXT() REPRESENTATION_CONTEXT('2D SPACE',''
  ) );
#50 = PCURVE('',#51,#56);
#51 = CYLINDRICAL_SURFACE('',#52,4.);
#52 = AXIS2_PLACEMENT_3D('',#53,#54,#55);
#53 = CARTESIAN_POINT('',(97.5,-40.,33.));
#54 = DIRECTION('',(0.,1.,0.));
#55 = DIRECTION('',(0.,-0.,1.));
#56 = DEFINITIONAL_REPRESENTATION('',(#57),#67);
#57 = B_SPLINE_CURVE_WITH_KNOTS('',8,(#58,#59,#60,#61,#62,#63,#64,#65,
    #66),.UNSPECIFIED.,.F.,.F.,(9,9),(1.570796326795,3.14159265359),
  .PIECEWISE_BEZIER_KNOTS.);
#58 = CARTESIAN_POINT('',(4.712388980385,15.));
#59 = CARTESIAN_POINT('',(4.908738521234,14.214601836603));
#60 = CARTESIAN_POINT('',(5.105088062083,13.429203486719));
#61 = CARTESIAN_POINT('',(5.301437602934,12.689946955172));
#62 = CARTESIAN_POINT('',(5.497787143782,12.042964997694));
#63 = CARTESIAN_POINT('',(5.694136684633,11.528727814657));
#64 = CARTESIAN_POINT('',(5.89048622548,11.176243103933));
#65 = CARTESIAN_POINT('',(6.08683576633,11.));
#66 = CARTESIAN_POINT('',(6.28318530718,11.));
#67 = ( GEOMETRIC_REPRESENTATION_CONTEXT(2) 
PARAMETRIC_REPRESENTATION_CONTEXT() REPRESENTATION_CONTEXT('2D SPACE',''
  ) );
#68 = ORIENTED_EDGE('',*,*,#69,.T.);
#69 = EDGE_CURVE('',#24,#70,#72,.T.);
#70 = VERTEX_POINT('',#71);
#71 = CARTESIAN_POINT('',(101.5,-25.,33.));
#72 = SURFACE_CURVE('',#73,(#78,#91),.PCURVE_S1.);
#73 = ELLIPSE('',#74,5.656854249492,4.);
#74 = AXIS2_PLACEMENT_3D('',#75,#76,#77);
#75 = CARTESIAN_POINT('',(97.5,-25.,33.));
#76 = DIRECTION('',(0.,0.707106781187,0.707106781187));
#77 = DIRECTION('',(0.,0.707106781187,-0.707106781187));
#78 = PCURVE('',#33,#79);
#79 = DEFINITIONAL_REPRESENTATION('',(#80),#90);
#80 = B_SPLINE_CURVE_WITH_KNOTS('',8,(#81,#82,#83,#84,#85,#86,#87,#88,
    #89),.UNSPECIFIED.,.F.,.F.,(9,9),(3.14159265359,4.712388980385),
  .PIECEWISE_BEZIER_KNOTS.);
#81 = CARTESIAN_POINT('',(4.712388980385,4.));
#82 = CARTESIAN_POINT('',(4.908738521234,4.));
#83 = CARTESIAN_POINT('',(5.105088062085,3.823756896053));
#84 = CARTESIAN_POINT('',(5.301437602932,3.471272185358));
#85 = CARTESIAN_POINT('',(5.497787143785,2.957035002302));
#86 = CARTESIAN_POINT('',(5.694136684628,2.310053044841));
#87 = CARTESIAN_POINT('',(5.890486225482,1.57079651327));
#88 = CARTESIAN_POINT('',(6.08683576633,0.785398163397));
#89 = CARTESIAN_POINT('',(6.28318530718,0.));
#90 = ( GEOMETRIC_REPRESENTATION_CONTEXT(2) 
PARAMETRIC_REPRESENTATION_CONTEXT() REPRESENTATION_CONTEXT('2D SPACE',''
  ) );
#91 = PCURVE('',#51,#92);
#92 = DEFINITIONAL_REPRESENTATION('',(#93),#103);
#93 = B_SPLINE_CURVE_WITH_KNOTS('',8,(#94,#95,#96,#97,#98,#99,#100,#101,
    #102),.UNSPECIFIED.,.F.,.F.,(9,9),(3.14159265359,4.712388980385),
  .PIECEWISE_BEZIER_KNOTS.);
#94 = CARTESIAN_POINT('',(6.28318530718,11.));
#95 = CARTESIAN_POINT('',(6.479534848029,11.));
#96 = CARTESIAN_POINT('',(6.675884388879,11.176243103924));
#97 = CARTESIAN_POINT('',(6.872233929723,11.528727814679));
#98 = CARTESIAN_POINT('',(7.068583470581,12.042964997621));
#99 = CARTESIAN_POINT('',(7.264933011423,12.689946955215));
#100 = CARTESIAN_POINT('',(7.461282552276,13.429203486709));
#101 = CARTESIAN_POINT('',(7.657632093125,14.214601836603));
#102 = CARTESIAN_POINT('',(7.853981633974,15.));
#103 = ( GEOMETRIC_REPRESENTATION_CONTEXT(2) 
PARAMETRIC_REPRESENTATION_CONTEXT() REPRESENTATION_CONTEXT('2D SPACE',''
  ) );
#104 = ORIENTED_EDGE('',*,*,#105,.T.);
#105 = EDGE_CURVE('',#106,#108,#110,.T.);
#106 = VERTEX_POINT('',#107);
#107 = CARTESIAN_POINT('',(101.5,-25.,33.));
#108 = VERTEX_POINT('',#109);
#109 = CARTESIAN_POINT('',(101.5,-25.,95.5));
#110 = SEAM_CURVE('',#111,(#115,#122),.PCURVE_S1.);
#111 = LINE('',#112,#113);
#112 = CARTESIAN_POINT('',(101.5,-25.,33.));
#113 = VECTOR('',#114,1.);
#114 = DIRECTION('',(0.,0.,1.));
#115 = PCURVE('',#33,#116);
#116 = DEFINITIONAL_REPRESENTATION('',(#117),#121);
#117 = LINE('',#118,#119);
#118 = CARTESIAN_POINT('',(0.,0.));
#119 = VECTOR('',#120,1.);
#120 = DIRECTION('',(0.,1.));
#121 = ( GEOMETRIC_REPRESENTATION_CONTEXT(2) 
PARAMETRIC_REPRESENTATION_CONTEXT() REPRESENTATION_CONTEXT('2D SPACE',''
  ) );
#122 = PCURVE('',#33,#123);
#123 = DEFINITIONAL_REPRESENTATION('',(#124),#127);
#124 = B_SPLINE_CURVE_WITH_KNOTS('',1,(#125,#126),.UNSPECIFIED.,.F.,.F.,
  (2,2),(0.,63.5),.PIECEWISE_BEZIER_KNOTS.);
#125 = CARTESIAN_POINT('',(6.28318530718,0.));
#126 = CARTESIAN_POINT('',(6.28318530718,63.5));
#127 = ( GEOMETRIC_REPRESENTATION_CONTEXT(2) 
PARAMETRIC_REPRESENTATION_CONTEXT() REPRESENTATION_CONTEXT('2D SPACE',''
  ) );
#128 = ORIENTED_EDGE('',*,*,#129,.T.);
#129 = EDGE_CURVE('',#108,#130,#132,.T.);
#130 = VERTEX_POINT('',#131);
#131 = CARTESIAN_POINT('',(101.5,-25.,96.5));
#132 = SEAM_CURVE('',#133,(#137,#144),.PCURVE_S1.);
#133 = LINE('',#134,#135);
#134 = CARTESIAN_POINT('',(101.5,-25.,33.));
#135 = VECTOR('',#136,1.);
#136 = DIRECTION('',(0.,0.,1.));
#137 = PCURVE('',#33,#138);
#138 = DEFINITIONAL_REPRESENTATION('',(#139),#143);
#139 = LINE('',#140,#141);
#140 = CARTESIAN_POINT('',(0.,0.));
#141 = VECTOR('',#142,1.);
#142 = DIRECTION('',(0.,1.));
#143 = ( GEOMETRIC_REPRESENTATION_CONTEXT(2) 
PARAMETRIC_REPRESENTATION_CONTEXT() REPRESENTATION_CONTEXT('2D SPACE',''
  ) );
#144 = PCURVE('',#33,#145);
#145 = DEFINITIONAL_REPRESENTATION('',(#146),#149);
#146 = B_SPLINE_CURVE_WITH_KNOTS('',1,(#147,#148),.UNSPECIFIED.,.F.,.F.,
  (2,2),(0.,63.5),.PIECEWISE_BEZIER_KNOTS.);
#147 = CARTESIAN_POINT('',(6.28318530718,0.));
#148 = CARTESIAN_POINT('',(6.28318530718,63.5));
#149 = ( GEOMETRIC_REPRESENTATION_CONTEXT(2) 
PARAMETRIC_REPRESENTATION_CONTEXT() REPRESENTATION_CONTEXT('2D SPACE',''
  ) );
#150 = ORIENTED_EDGE('',*,*,#151,.F.);
#151 = EDGE_CURVE('',#130,#130,#152,.T.);
#152 = SURFACE_CURVE('',#153,(#158,#165),.PCURVE_S1.);
#153 = CIRCLE('',#154,4.);
#154 = AXIS2_PLACEMENT_3D('',#155,#156,#157);
#155 = CARTESIAN_POINT('',(97.5,-25.,96.5));
#156 = DIRECTION('',(0.,0.,1.));
#157 = DIRECTION('',(1.,0.,-0.));
#158 = PCURVE('',#33,#159);
#159 = DEFINITIONAL_REPRESENTATION('',(#160),#164);
#160 = LINE('',#161,#162);
#161 = CARTESIAN_POINT('',(0.,63.5));
#162 = VECTOR('',#163,1.);
#163 = DIRECTION('',(1.,0.));
#164 = ( GEOMETRIC_REPRESENTATION_CONTEXT(2) 
PARAMETRIC_REPRESENTATION_CONTEXT() REPRESENTATION_CONTEXT('2D SPACE',''
  ) );
#165 = PCURVE('',#166,#171);
#166 = TOROIDAL_SURFACE('',#167,17.5,4.);
#167 = AXIS2_PLACEMENT_3D('',#168,#169,#170);
#168 = CARTESIAN_POINT('',(115.,-25.,96.5));
#169 = DIRECTION('',(0.,1.,0.));
#170 = DIRECTION('',(0.,0.,-1.));
#171 = DEFINITIONAL_REPRESENTATION('',(#172),#175);
#172 = B_SPLINE_CURVE_WITH_KNOTS('',1,(#173,#174),.UNSPECIFIED.,.F.,.F.,
  (2,2),(0.,6.28318530718),.PIECEWISE_BEZIER_KNOTS.);
#173 = CARTESIAN_POINT('',(1.570796326795,9.424777960769));
#174 = CARTESIAN_POINT('',(1.570796326795,3.14159265359));
#175 = ( GEOMETRIC_REPRESENTATION_CONTEXT(2) 
PARAMETRIC_REPRESENTATION_CONTEXT() REPRESENTATION_CONTEXT('2D SPACE',''
  ) );
#176 = ORIENTED_EDGE('',*,*,#129,.F.);
#177 = ORIENTED_EDGE('',*,*,#105,.F.);
#178 = ORIENTED_EDGE('',*,*,#179,.F.);
#179 = EDGE_CURVE('',#180,#70,#182,.T.);
#180 = VERTEX_POINT('',#181);
#181 = CARTESIAN_POINT('',(97.5,-21.,37.));
#182 = SURFACE_CURVE('',#183,(#188,#201),.PCURVE_S1.);
#183 = ELLIPSE('',#184,5.656854249492,4.);
#184 = AXIS2_PLACEMENT_3D('',#185,#186,#187);
#185 = CARTESIAN_POINT('',(97.5,-25.,33.));
#186 = DIRECTION('',(0.,0.707106781187,-0.707106781187));
#187 = DIRECTION('',(0.,0.707106781187,0.707106781187));
#188 = PCURVE('',#33,#189);
#189 = DEFINITIONAL_REPRESENTATION('',(#190),#200);
#190 = B_SPLINE_CURVE_WITH_KNOTS('',8,(#191,#192,#193,#194,#195,#196,
    #197,#198,#199),.UNSPECIFIED.,.F.,.F.,(9,9),(0.,1.570796326795),
  .PIECEWISE_BEZIER_KNOTS.);
#191 = CARTESIAN_POINT('',(1.570796326795,4.));
#192 = CARTESIAN_POINT('',(1.374446785946,4.));
#193 = CARTESIAN_POINT('',(1.178097245095,3.823756896053));
#194 = CARTESIAN_POINT('',(0.981747704248,3.471272185358));
#195 = CARTESIAN_POINT('',(0.785398163396,2.957035002302));
#196 = CARTESIAN_POINT('',(0.589048622551,2.310053044841));
#197 = CARTESIAN_POINT('',(0.392699081698,1.57079651327));
#198 = CARTESIAN_POINT('',(0.196349540849,0.785398163397));
#199 = CARTESIAN_POINT('',(0.,0.));
#200 = ( GEOMETRIC_REPRESENTATION_CONTEXT(2) 
PARAMETRIC_REPRESENTATION_CONTEXT() REPRESENTATION_CONTEXT('2D SPACE',''
  ) );
#201 = PCURVE('',#51,#202);
#202 = DEFINITIONAL_REPRESENTATION('',(#203),#213);
#203 = B_SPLINE_CURVE_WITH_KNOTS('',8,(#204,#205,#206,#207,#208,#209,
    #210,#211,#212),.UNSPECIFIED.,.F.,.F.,(9,9),(0.,1.570796326795),
  .PIECEWISE_BEZIER_KNOTS.);
#204 = CARTESIAN_POINT('',(6.28318530718,19.));
#205 = CARTESIAN_POINT('',(6.479534848029,19.));
#206 = CARTESIAN_POINT('',(6.675884388879,18.823756896045));
#207 = CARTESIAN_POINT('',(6.872233929723,18.471272185387));
#208 = CARTESIAN_POINT('',(7.068583470581,17.957035002197));
#209 = CARTESIAN_POINT('',(7.264933011423,17.310053044872));
#210 = CARTESIAN_POINT('',(7.461282552276,16.57079651325));
#211 = CARTESIAN_POINT('',(7.657632093125,15.785398163397));
#212 = CARTESIAN_POINT('',(7.853981633974,15.));
#213 = ( GEOMETRIC_REPRESENTATION_CONTEXT(2) 
PARAMETRIC_REPRESENTATION_CONTEXT() REPRESENTATION_CONTEXT('2D SPACE',''
  ) );
#214 = ORIENTED_EDGE('',*,*,#215,.F.);
#215 = EDGE_CURVE('',#22,#180,#216,.T.);
#216 = SURFACE_CURVE('',#217,(#222,#235),.PCURVE_S1.);
#217 = ELLIPSE('',#218,5.656854249492,4.);
#218 = AXIS2_PLACEMENT_3D('',#219,#220,#221);
#219 = CARTESIAN_POINT('',(97.5,-25.,33.));
#220 = DIRECTION('',(0.,0.707106781187,-0.707106781187));
#221 = DIRECTION('',(0.,0.707106781187,0.707106781187));
#222 = PCURVE('',#33,#223);
#223 = DEFINITIONAL_REPRESENTATION('',(#224),#234);
#224 = B_SPLINE_CURVE_WITH_KNOTS('',8,(#225,#226,#227,#228,#229,#230,
    #231,#232,#233),.UNSPECIFIED.,.F.,.F.,(9,9),(4.712388980385,
    6.28318530718),.PIECEWISE_BEZIER_KNOTS.);
#225 = CARTESIAN_POINT('',(3.14159265359,0.));
#226 = CARTESIAN_POINT('',(2.94524311274,0.785398163397));
#227 = CARTESIAN_POINT('',(2.74889357189,1.570796513272));
#228 = CARTESIAN_POINT('',(2.552544031035,2.310053044839));
#229 = CARTESIAN_POINT('',(2.356194490192,2.957035002308));
#230 = CARTESIAN_POINT('',(2.159844949337,3.471272185356));
#231 = CARTESIAN_POINT('',(1.963495408493,3.823756896054));
#232 = CARTESIAN_POINT('',(1.767145867644,4.));
#233 = CARTESIAN_POINT('',(1.570796326795,4.));
#234 = ( GEOMETRIC_REPRESENTATION_CONTEXT(2) 
PARAMETRIC_REPRESENTATION_CONTEXT() REPRESENTATION_CONTEXT('2D SPACE',''
  ) );
#235 = PCURVE('',#51,#236);
#236 = DEFINITIONAL_REPRESENTATION('',(#237),#247);
#237 = B_SPLINE_CURVE_WITH_KNOTS('',8,(#238,#239,#240,#241,#242,#243,
    #244,#245,#246),.UNSPECIFIED.,.F.,.F.,(9,9),(4.712388980385,
    6.28318530718),.PIECEWISE_BEZIER_KNOTS.);
#238 = CARTESIAN_POINT('',(4.712388980385,15.));
#239 = CARTESIAN_POINT('',(4.908738521234,15.785398163397));
#240 = CARTESIAN_POINT('',(5.105088062084,16.570796513282));
#241 = CARTESIAN_POINT('',(5.301437602933,17.310053044726));
#242 = CARTESIAN_POINT('',(5.49778714378,17.95703500243));
#243 = CARTESIAN_POINT('',(5.694136684631,18.471272185263));
#244 = CARTESIAN_POINT('',(5.890486225481,18.823756896072));
#245 = CARTESIAN_POINT('',(6.08683576633,19.));
#246 = CARTESIAN_POINT('',(6.28318530718,19.));
#247 = ( GEOMETRIC_REPRESENTATION_CONTEXT(2) 
PARAMETRIC_REPRESENTATION_CONTEXT() REPRESENTATION_CONTEXT('2D SPACE',''
  ) );
#248 = ADVANCED_FACE('',(#249,#448,#599),#51,.T.);
#249 = FACE_BOUND('',#250,.T.);
#250 = EDGE_LOOP('',(#251,#277,#298,#325,#352,#373,#401,#429));
#251 = ORIENTED_EDGE('',*,*,#252,.T.);
#252 = EDGE_CURVE('',#106,#253,#255,.T.);
#253 = VERTEX_POINT('',#254);
#254 = CARTESIAN_POINT('',(101.5,25.,33.));
#255 = SURFACE_CURVE('',#256,(#260,#266),.PCURVE_S1.);
#256 = LINE('',#257,#258);
#257 = CARTESIAN_POINT('',(101.5,-40.,33.));
#258 = VECTOR('',#259,1.);
#259 = DIRECTION('',(0.,1.,0.));
#260 = PCURVE('',#51,#261);
#261 = DEFINITIONAL_REPRESENTATION('',(#262),#265);
#262 = B_SPLINE_CURVE_WITH_KNOTS('',1,(#263,#264),.UNSPECIFIED.,.F.,.F.,
  (2,2),(15.,65.),.PIECEWISE_BEZIER_KNOTS.);
#263 = CARTESIAN_POINT('',(7.853981633974,15.));
#264 = CARTESIAN_POINT('',(7.853981633974,65.));
#265 = ( GEOMETRIC_REPRESENTATION_CONTEXT(2) 
PARAMETRIC_REPRESENTATION_CONTEXT() REPRESENTATION_CONTEXT('2D SPACE',''
  ) );
#266 = PCURVE('',#267,#272);
#267 = CYLINDRICAL_SURFACE('',#268,4.);
#268 = AXIS2_PLACEMENT_3D('',#269,#270,#271);
#269 = CARTESIAN_POINT('',(97.5,-40.,33.));
#270 = DIRECTION('',(0.,1.,0.));
#271 = DIRECTION('',(0.,-0.,1.));
#272 = DEFINITIONAL_REPRESENTATION('',(#273),#276);
#273 = B_SPLINE_CURVE_WITH_KNOTS('',1,(#274,#275),.UNSPECIFIED.,.F.,.F.,
  (2,2),(0.,80.),.PIECEWISE_BEZIER_KNOTS.);
#274 = CARTESIAN_POINT('',(1.570796326795,0.));
#275 = CARTESIAN_POINT('',(1.570796326795,80.));
#276 = ( GEOMETRIC_REPRESENTATION_CONTEXT(2) 
PARAMETRIC_REPRESENTATION_CONTEXT() REPRESENTATION_CONTEXT('2D SPACE',''
  ) );
#277 = ORIENTED_EDGE('',*,*,#278,.T.);
#278 = EDGE_CURVE('',#253,#279,#281,.T.);
#279 = VERTEX_POINT('',#280);
#280 = CARTESIAN_POINT('',(101.5,40.,33.));
#281 = SURFACE_CURVE('',#282,(#286,#292),.PCURVE_S1.);
#282 = LINE('',#283,#284);
#283 = CARTESIAN_POINT('',(101.5,-40.,33.));
#284 = VECTOR('',#285,1.);
#285 = DIRECTION('',(0.,1.,0.));
#286 = PCURVE('',#51,#287);
#287 = DEFINITIONAL_REPRESENTATION('',(#288),#291);
#288 = B_SPLINE_CURVE_WITH_KNOTS('',1,(#289,#290),.UNSPECIFIED.,.F.,.F.,
  (2,2),(65.,80.),.PIECEWISE_BEZIER_KNOTS.);
#289 = CARTESIAN_POINT('',(7.853981633974,65.));
#290 = CARTESIAN_POINT('',(7.853981633974,80.));
#291 = ( GEOMETRIC_REPRESENTATION_CONTEXT(2) 
PARAMETRIC_REPRESENTATION_CONTEXT() REPRESENTATION_CONTEXT('2D SPACE',''
  ) );
#292 = PCURVE('',#267,#293);
#293 = DEFINITIONAL_REPRESENTATION('',(#294),#297);
#294 = B_SPLINE_CURVE_WITH_KNOTS('',1,(#295,#296),.UNSPECIFIED.,.F.,.F.,
  (2,2),(0.,80.),.PIECEWISE_BEZIER_KNOTS.);
#295 = CARTESIAN_POINT('',(1.570796326795,0.));
#296 = CARTESIAN_POINT('',(1.570796326795,80.));
#297 = ( GEOMETRIC_REPRESENTATION_CONTEXT(2) 
PARAMETRIC_REPRESENTATION_CONTEXT() REPRESENTATION_CONTEXT('2D SPACE',''
  ) );
#298 = ORIENTED_EDGE('',*,*,#299,.F.);
#299 = EDGE_CURVE('',#300,#279,#302,.T.);
#300 = VERTEX_POINT('',#301);
#301 = CARTESIAN_POINT('',(97.5,40.,37.));
#302 = SURFACE_CURVE('',#303,(#308,#314),.PCURVE_S1.);
#303 = CIRCLE('',#304,4.);
#304 = AXIS2_PLACEMENT_3D('',#305,#306,#307);
#305 = CARTESIAN_POINT('',(97.5,40.,33.));
#306 = DIRECTION('',(0.,1.,0.));
#307 = DIRECTION('',(0.,-0.,1.));
#308 = PCURVE('',#51,#309);
#309 = DEFINITIONAL_REPRESENTATION('',(#310),#313);
#310 = B_SPLINE_CURVE_WITH_KNOTS('',1,(#311,#312),.UNSPECIFIED.,.F.,.F.,
  (2,2),(0.,1.570796326795),.PIECEWISE_BEZIER_KNOTS.);
#311 = CARTESIAN_POINT('',(6.28318530718,80.));
#312 = CARTESIAN_POINT('',(7.853981633974,80.));
#313 = ( GEOMETRIC_REPRESENTATION_CONTEXT(2) 
PARAMETRIC_REPRESENTATION_CONTEXT() REPRESENTATION_CONTEXT('2D SPACE',''
  ) );
#314 = PCURVE('',#315,#320);
#315 = TOROIDAL_SURFACE('',#316,25.,4.);
#316 = AXIS2_PLACEMENT_3D('',#317,#318,#319);
#317 = CARTESIAN_POINT('',(72.5,40.,33.));
#318 = DIRECTION('',(0.,0.,1.));
#319 = DIRECTION('',(-1.,0.,0.));
#320 = DEFINITIONAL_REPRESENTATION('',(#321),#324);
#321 = B_SPLINE_CURVE_WITH_KNOTS('',1,(#322,#323),.UNSPECIFIED.,.F.,.F.,
  (2,2),(0.,6.28318530718),.PIECEWISE_BEZIER_KNOTS.);
#322 = CARTESIAN_POINT('',(3.14159265359,7.853981633974));
#323 = CARTESIAN_POINT('',(3.14159265359,1.570796326795));
#324 = ( GEOMETRIC_REPRESENTATION_CONTEXT(2) 
PARAMETRIC_REPRESENTATION_CONTEXT() REPRESENTATION_CONTEXT('2D SPACE',''
  ) );
#325 = ORIENTED_EDGE('',*,*,#326,.F.);
#326 = EDGE_CURVE('',#327,#300,#329,.T.);
#327 = VERTEX_POINT('',#328);
#328 = CARTESIAN_POINT('',(97.5,40.,29.));
#329 = SURFACE_CURVE('',#330,(#335,#341),.PCURVE_S1.);
#330 = CIRCLE('',#331,4.);
#331 = AXIS2_PLACEMENT_3D('',#332,#333,#334);
#332 = CARTESIAN_POINT('',(97.5,40.,33.));
#333 = DIRECTION('',(0.,1.,0.));
#334 = DIRECTION('',(0.,-0.,1.));
#335 = PCURVE('',#51,#336);
#336 = DEFINITIONAL_REPRESENTATION('',(#337),#340);
#337 = B_SPLINE_CURVE_WITH_KNOTS('',1,(#338,#339),.UNSPECIFIED.,.F.,.F.,
  (2,2),(3.14159265359,6.28318530718),.PIECEWISE_BEZIER_KNOTS.);
#338 = CARTESIAN_POINT('',(3.14159265359,80.));
#339 = CARTESIAN_POINT('',(6.28318530718,80.));
#340 = ( GEOMETRIC_REPRESENTATION_CONTEXT(2) 
PARAMETRIC_REPRESENTATION_CONTEXT() REPRESENTATION_CONTEXT('2D SPACE',''
  ) );
#341 = PCURVE('',#342,#347);
#342 = TOROIDAL_SURFACE('',#343,25.,4.);
#343 = AXIS2_PLACEMENT_3D('',#344,#345,#346);
#344 = CARTESIAN_POINT('',(72.5,40.,33.));
#345 = DIRECTION('',(0.,0.,1.));
#346 = DIRECTION('',(-1.,0.,0.));
#347 = DEFINITIONAL_REPRESENTATION('',(#348),#351);
#348 = B_SPLINE_CURVE_WITH_KNOTS('',1,(#349,#350),.UNSPECIFIED.,.F.,.F.,
  (2,2),(0.,6.28318530718),.PIECEWISE_BEZIER_KNOTS.);
#349 = CARTESIAN_POINT('',(3.14159265359,7.853981633974));
#350 = CARTESIAN_POINT('',(3.14159265359,1.570796326795));
#351 = ( GEOMETRIC_REPRESENTATION_CONTEXT(2) 
PARAMETRIC_REPRESENTATION_CONTEXT() REPRESENTATION_CONTEXT('2D SPACE',''
  ) );
#352 = ORIENTED_EDGE('',*,*,#353,.F.);
#353 = EDGE_CURVE('',#354,#327,#356,.T.);
#354 = VERTEX_POINT('',#355);
#355 = CARTESIAN_POINT('',(97.5,-40.,29.));
#356 = SURFACE_CURVE('',#357,(#361,#367),.PCURVE_S1.);
#357 = LINE('',#358,#359);
#358 = CARTESIAN_POINT('',(97.5,-40.,29.));
#359 = VECTOR('',#360,1.);
#360 = DIRECTION('',(0.,1.,0.));
#361 = PCURVE('',#51,#362);
#362 = DEFINITIONAL_REPRESENTATION('',(#363),#366);
#363 = B_SPLINE_CURVE_WITH_KNOTS('',1,(#364,#365),.UNSPECIFIED.,.F.,.F.,
  (2,2),(0.,80.),.PIECEWISE_BEZIER_KNOTS.);
#364 = CARTESIAN_POINT('',(3.14159265359,0.));
#365 = CARTESIAN_POINT('',(3.14159265359,80.));
#366 = ( GEOMETRIC_REPRESENTATION_CONTEXT(2) 
PARAMETRIC_REPRESENTATION_CONTEXT() REPRESENTATION_CONTEXT('2D SPACE',''
  ) );
#367 = PCURVE('',#267,#368);
#368 = DEFINITIONAL_REPRESENTATION('',(#369),#372);
#369 = B_SPLINE_CURVE_WITH_KNOTS('',1,(#370,#371),.UNSPECIFIED.,.F.,.F.,
  (2,2),(0.,80.),.PIECEWISE_BEZIER_KNOTS.);
#370 = CARTESIAN_POINT('',(3.14159265359,0.));
#371 = CARTESIAN_POINT('',(3.14159265359,80.));
#372 = ( GEOMETRIC_REPRESENTATION_CONTEXT(2) 
PARAMETRIC_REPRESENTATION_CONTEXT() REPRESENTATION_CONTEXT('2D SPACE',''
  ) );
#373 = ORIENTED_EDGE('',*,*,#374,.F.);
#374 = EDGE_CURVE('',#375,#354,#377,.T.);
#375 = VERTEX_POINT('',#376);
#376 = CARTESIAN_POINT('',(97.5,-40.,37.));
#377 = SURFACE_CURVE('',#378,(#383,#389),.PCURVE_S1.);
#378 = CIRCLE('',#379,4.);
#379 = AXIS2_PLACEMENT_3D('',#380,#381,#382);
#380 = CARTESIAN_POINT('',(97.5,-40.,33.));
#381 = DIRECTION('',(-2.449293598295E-16,-1.,0.));
#382 = DIRECTION('',(1.,-2.449293598295E-16,0.));
#383 = PCURVE('',#51,#384);
#384 = DEFINITIONAL_REPRESENTATION('',(#385),#388);
#385 = B_SPLINE_CURVE_WITH_KNOTS('',1,(#386,#387),.UNSPECIFIED.,.F.,.F.,
  (2,2),(1.570796326795,4.712388980385),.PIECEWISE_BEZIER_KNOTS.);
#386 = CARTESIAN_POINT('',(6.28318530718,0.));
#387 = CARTESIAN_POINT('',(3.14159265359,0.));
#388 = ( GEOMETRIC_REPRESENTATION_CONTEXT(2) 
PARAMETRIC_REPRESENTATION_CONTEXT() REPRESENTATION_CONTEXT('2D SPACE',''
  ) );
#389 = PCURVE('',#390,#395);
#390 = TOROIDAL_SURFACE('',#391,25.,4.);
#391 = AXIS2_PLACEMENT_3D('',#392,#393,#394);
#392 = CARTESIAN_POINT('',(72.5,-40.,33.));
#393 = DIRECTION('',(0.,-0.,1.));
#394 = DIRECTION('',(1.,0.,0.));
#395 = DEFINITIONAL_REPRESENTATION('',(#396),#400);
#396 = LINE('',#397,#398);
#397 = CARTESIAN_POINT('',(6.28318530718,0.));
#398 = VECTOR('',#399,1.);
#399 = DIRECTION('',(0.,1.));
#400 = ( GEOMETRIC_REPRESENTATION_CONTEXT(2) 
PARAMETRIC_REPRESENTATION_CONTEXT() REPRESENTATION_CONTEXT('2D SPACE',''
  ) );
#401 = ORIENTED_EDGE('',*,*,#402,.F.);
#402 = EDGE_CURVE('',#403,#375,#405,.T.);
#403 = VERTEX_POINT('',#404);
#404 = CARTESIAN_POINT('',(101.5,-40.,33.));
#405 = SURFACE_CURVE('',#406,(#411,#417),.PCURVE_S1.);
#406 = CIRCLE('',#407,4.);
#407 = AXIS2_PLACEMENT_3D('',#408,#409,#410);
#408 = CARTESIAN_POINT('',(97.5,-40.,33.));
#409 = DIRECTION('',(-2.449293598295E-16,-1.,0.));
#410 = DIRECTION('',(1.,-2.449293598295E-16,0.));
#411 = PCURVE('',#51,#412);
#412 = DEFINITIONAL_REPRESENTATION('',(#413),#416);
#413 = B_SPLINE_CURVE_WITH_KNOTS('',1,(#414,#415),.UNSPECIFIED.,.F.,.F.,
  (2,2),(6.28318530718,7.853981633974),.PIECEWISE_BEZIER_KNOTS.);
#414 = CARTESIAN_POINT('',(7.853981633974,0.));
#415 = CARTESIAN_POINT('',(6.28318530718,0.));
#416 = ( GEOMETRIC_REPRESENTATION_CONTEXT(2) 
PARAMETRIC_REPRESENTATION_CONTEXT() REPRESENTATION_CONTEXT('2D SPACE',''
  ) );
#417 = PCURVE('',#418,#423);
#418 = TOROIDAL_SURFACE('',#419,25.,4.);
#419 = AXIS2_PLACEMENT_3D('',#420,#421,#422);
#420 = CARTESIAN_POINT('',(72.5,-40.,33.));
#421 = DIRECTION('',(0.,-0.,1.));
#422 = DIRECTION('',(1.,0.,0.));
#423 = DEFINITIONAL_REPRESENTATION('',(#424),#428);
#424 = LINE('',#425,#426);
#425 = CARTESIAN_POINT('',(6.28318530718,0.));
#426 = VECTOR('',#427,1.);
#427 = DIRECTION('',(0.,1.));
#428 = ( GEOMETRIC_REPRESENTATION_CONTEXT(2) 
PARAMETRIC_REPRESENTATION_CONTEXT() REPRESENTATION_CONTEXT('2D SPACE',''
  ) );
#429 = ORIENTED_EDGE('',*,*,#430,.T.);
#430 = EDGE_CURVE('',#403,#106,#431,.T.);
#431 = SURFACE_CURVE('',#432,(#436,#442),.PCURVE_S1.);
#432 = LINE('',#433,#434);
#433 = CARTESIAN_POINT('',(101.5,-40.,33.));
#434 = VECTOR('',#435,1.);
#435 = DIRECTION('',(0.,1.,0.));
#436 = PCURVE('',#51,#437);
#437 = DEFINITIONAL_REPRESENTATION('',(#438),#441);
#438 = B_SPLINE_CURVE_WITH_KNOTS('',1,(#439,#440),.UNSPECIFIED.,.F.,.F.,
  (2,2),(0.,15.),.PIECEWISE_BEZIER_KNOTS.);
#439 = CARTESIAN_POINT('',(7.853981633974,0.));
#440 = CARTESIAN_POINT('',(7.853981633974,15.));
#441 = ( GEOMETRIC_REPRESENTATION_CONTEXT(2) 
PARAMETRIC_REPRESENTATION_CONTEXT() REPRESENTATION_CONTEXT('2D SPACE',''
  ) );
#442 = PCURVE('',#267,#443);
#443 = DEFINITIONAL_REPRESENTATION('',(#444),#447);
#444 = B_SPLINE_CURVE_WITH_KNOTS('',1,(#445,#446),.UNSPECIFIED.,.F.,.F.,
  (2,2),(0.,80.),.PIECEWISE_BEZIER_KNOTS.);
#445 = CARTESIAN_POINT('',(1.570796326795,0.));
#446 = CARTESIAN_POINT('',(1.570796326795,80.));
#447 = ( GEOMETRIC_REPRESENTATION_CONTEXT(2) 
PARAMETRIC_REPRESENTATION_CONTEXT() REPRESENTATION_CONTEXT('2D SPACE',''
  ) );
#448 = FACE_BOUND('',#449,.T.);
#449 = EDGE_LOOP('',(#450,#493,#529,#565));
#450 = ORIENTED_EDGE('',*,*,#451,.T.);
#451 = EDGE_CURVE('',#452,#454,#456,.T.);
#452 = VERTEX_POINT('',#453);
#453 = CARTESIAN_POINT('',(93.5,25.,33.));
#454 = VERTEX_POINT('',#455);
#455 = CARTESIAN_POINT('',(97.5,29.,37.));
#456 = SURFACE_CURVE('',#457,(#462,#475),.PCURVE_S1.);
#457 = ELLIPSE('',#458,5.656854249492,4.);
#458 = AXIS2_PLACEMENT_3D('',#459,#460,#461);
#459 = CARTESIAN_POINT('',(97.5,25.,33.));
#460 = DIRECTION('',(0.,0.707106781187,-0.707106781187));
#461 = DIRECTION('',(0.,0.707106781187,0.707106781187));
#462 = PCURVE('',#51,#463);
#463 = DEFINITIONAL_REPRESENTATION('',(#464),#474);
#464 = B_SPLINE_CURVE_WITH_KNOTS('',8,(#465,#466,#467,#468,#469,#470,
    #471,#472,#473),.UNSPECIFIED.,.F.,.F.,(9,9),(4.712388980385,
    6.28318530718),.PIECEWISE_BEZIER_KNOTS.);
#465 = CARTESIAN_POINT('',(4.712388980385,65.));
#466 = CARTESIAN_POINT('',(4.908738521234,65.785398163397));
#467 = CARTESIAN_POINT('',(5.105088062084,66.570796513261));
#468 = CARTESIAN_POINT('',(5.301437602933,67.310053044435));
#469 = CARTESIAN_POINT('',(5.49778714378,67.957035002648));
#470 = CARTESIAN_POINT('',(5.694136684631,68.471272184979));
#471 = CARTESIAN_POINT('',(5.890486225481,68.823756896076));
#472 = CARTESIAN_POINT('',(6.08683576633,69.));
#473 = CARTESIAN_POINT('',(6.28318530718,69.));
#474 = ( GEOMETRIC_REPRESENTATION_CONTEXT(2) 
PARAMETRIC_REPRESENTATION_CONTEXT() REPRESENTATION_CONTEXT('2D SPACE',''
  ) );
#475 = PCURVE('',#476,#481);
#476 = CYLINDRICAL_SURFACE('',#477,4.);
#477 = AXIS2_PLACEMENT_3D('',#478,#479,#480);
#478 = CARTESIAN_POINT('',(97.5,25.,33.));
#479 = DIRECTION('',(0.,0.,1.));
#480 = DIRECTION('',(1.,0.,-0.));
#481 = DEFINITIONAL_REPRESENTATION('',(#482),#492);
#482 = B_SPLINE_CURVE_WITH_KNOTS('',8,(#483,#484,#485,#486,#487,#488,
    #489,#490,#491),.UNSPECIFIED.,.F.,.F.,(9,9),(4.712388980385,
    6.28318530718),.PIECEWISE_BEZIER_KNOTS.);
#483 = CARTESIAN_POINT('',(3.14159265359,0.));
#484 = CARTESIAN_POINT('',(2.94524311274,0.785398163397));
#485 = CARTESIAN_POINT('',(2.748893571891,1.570796513272));
#486 = CARTESIAN_POINT('',(2.552544031034,2.310053044839));
#487 = CARTESIAN_POINT('',(2.356194490192,2.957035002308));
#488 = CARTESIAN_POINT('',(2.159844949336,3.471272185356));
#489 = CARTESIAN_POINT('',(1.963495408492,3.823756896054));
#490 = CARTESIAN_POINT('',(1.767145867644,4.));
#491 = CARTESIAN_POINT('',(1.570796326795,4.));
#492 = ( GEOMETRIC_REPRESENTATION_CONTEXT(2) 
PARAMETRIC_REPRESENTATION_CONTEXT() REPRESENTATION_CONTEXT('2D SPACE',''
  ) );
#493 = ORIENTED_EDGE('',*,*,#494,.T.);
#494 = EDGE_CURVE('',#454,#495,#497,.T.);
#495 = VERTEX_POINT('',#496);
#496 = CARTESIAN_POINT('',(101.5,25.,33.));
#497 = SURFACE_CURVE('',#498,(#503,#516),.PCURVE_S1.);
#498 = ELLIPSE('',#499,5.656854249492,4.);
#499 = AXIS2_PLACEMENT_3D('',#500,#501,#502);
#500 = CARTESIAN_POINT('',(97.5,25.,33.));
#501 = DIRECTION('',(0.,0.707106781187,-0.707106781187));
#502 = DIRECTION('',(0.,0.707106781187,0.707106781187));
#503 = PCURVE('',#51,#504);
#504 = DEFINITIONAL_REPRESENTATION('',(#505),#515);
#505 = B_SPLINE_CURVE_WITH_KNOTS('',8,(#506,#507,#508,#509,#510,#511,
    #512,#513,#514),.UNSPECIFIED.,.F.,.F.,(9,9),(0.,1.570796326795),
  .PIECEWISE_BEZIER_KNOTS.);
#506 = CARTESIAN_POINT('',(6.28318530718,69.));
#507 = CARTESIAN_POINT('',(6.479534848029,69.));
#508 = CARTESIAN_POINT('',(6.675884388879,68.823756895858));
#509 = CARTESIAN_POINT('',(6.872233929723,68.471272185998));
#510 = CARTESIAN_POINT('',(7.068583470581,67.957035001251));
#511 = CARTESIAN_POINT('',(7.264933011423,67.310053045396));
#512 = CARTESIAN_POINT('',(7.461282552276,66.570796513086));
#513 = CARTESIAN_POINT('',(7.657632093125,65.785398163397));
#514 = CARTESIAN_POINT('',(7.853981633974,65.));
#515 = ( GEOMETRIC_REPRESENTATION_CONTEXT(2) 
PARAMETRIC_REPRESENTATION_CONTEXT() REPRESENTATION_CONTEXT('2D SPACE',''
  ) );
#516 = PCURVE('',#476,#517);
#517 = DEFINITIONAL_REPRESENTATION('',(#518),#528);
#518 = B_SPLINE_CURVE_WITH_KNOTS('',8,(#519,#520,#521,#522,#523,#524,
    #525,#526,#527),.UNSPECIFIED.,.F.,.F.,(9,9),(0.,1.570796326795),
  .PIECEWISE_BEZIER_KNOTS.);
#519 = CARTESIAN_POINT('',(1.570796326795,4.));
#520 = CARTESIAN_POINT('',(1.374446785946,4.));
#521 = CARTESIAN_POINT('',(1.178097245095,3.823756896053));
#522 = CARTESIAN_POINT('',(0.981747704252,3.471272185358));
#523 = CARTESIAN_POINT('',(0.785398163391,2.957035002302));
#524 = CARTESIAN_POINT('',(0.589048622551,2.310053044841));
#525 = CARTESIAN_POINT('',(0.392699081697,1.57079651327));
#526 = CARTESIAN_POINT('',(0.196349540849,0.785398163397));
#527 = CARTESIAN_POINT('',(-1.7763568394E-15,0.));
#528 = ( GEOMETRIC_REPRESENTATION_CONTEXT(2) 
PARAMETRIC_REPRESENTATION_CONTEXT() REPRESENTATION_CONTEXT('2D SPACE',''
  ) );
#529 = ORIENTED_EDGE('',*,*,#530,.F.);
#530 = EDGE_CURVE('',#531,#495,#533,.T.);
#531 = VERTEX_POINT('',#532);
#532 = CARTESIAN_POINT('',(97.5,21.,37.));
#533 = SURFACE_CURVE('',#534,(#539,#552),.PCURVE_S1.);
#534 = ELLIPSE('',#535,5.656854249492,4.);
#535 = AXIS2_PLACEMENT_3D('',#536,#537,#538);
#536 = CARTESIAN_POINT('',(97.5,25.,33.));
#537 = DIRECTION('',(0.,0.707106781187,0.707106781187));
#538 = DIRECTION('',(0.,0.707106781187,-0.707106781187));
#539 = PCURVE('',#51,#540);
#540 = DEFINITIONAL_REPRESENTATION('',(#541),#551);
#541 = B_SPLINE_CURVE_WITH_KNOTS('',8,(#542,#543,#544,#545,#546,#547,
    #548,#549,#550),.UNSPECIFIED.,.F.,.F.,(9,9),(3.14159265359,
    4.712388980385),.PIECEWISE_BEZIER_KNOTS.);
#542 = CARTESIAN_POINT('',(6.28318530718,61.));
#543 = CARTESIAN_POINT('',(6.479534848029,61.));
#544 = CARTESIAN_POINT('',(6.675884388879,61.176243103844));
#545 = CARTESIAN_POINT('',(6.872233929723,61.528727814817));
#546 = CARTESIAN_POINT('',(7.068583470581,62.042964997003));
#547 = CARTESIAN_POINT('',(7.264933011423,62.689946955303));
#548 = CARTESIAN_POINT('',(7.461282552276,63.429203486608));
#549 = CARTESIAN_POINT('',(7.657632093125,64.214601836603));
#550 = CARTESIAN_POINT('',(7.853981633974,65.));
#551 = ( GEOMETRIC_REPRESENTATION_CONTEXT(2) 
PARAMETRIC_REPRESENTATION_CONTEXT() REPRESENTATION_CONTEXT('2D SPACE',''
  ) );
#552 = PCURVE('',#476,#553);
#553 = DEFINITIONAL_REPRESENTATION('',(#554),#564);
#554 = B_SPLINE_CURVE_WITH_KNOTS('',8,(#555,#556,#557,#558,#559,#560,
    #561,#562,#563),.UNSPECIFIED.,.F.,.F.,(9,9),(3.14159265359,
    4.712388980385),.PIECEWISE_BEZIER_KNOTS.);
#555 = CARTESIAN_POINT('',(4.712388980385,4.));
#556 = CARTESIAN_POINT('',(4.908738521234,4.));
#557 = CARTESIAN_POINT('',(5.105088062083,3.823756896053));
#558 = CARTESIAN_POINT('',(5.301437602917,3.471272185358));
#559 = CARTESIAN_POINT('',(5.497787143766,2.957035002302));
#560 = CARTESIAN_POINT('',(5.694136684611,2.310053044841));
#561 = CARTESIAN_POINT('',(5.890486225477,1.57079651327));
#562 = CARTESIAN_POINT('',(6.08683576633,0.785398163397));
#563 = CARTESIAN_POINT('',(6.28318530718,0.));
#564 = ( GEOMETRIC_REPRESENTATION_CONTEXT(2) 
PARAMETRIC_REPRESENTATION_CONTEXT() REPRESENTATION_CONTEXT('2D SPACE',''
  ) );
#565 = ORIENTED_EDGE('',*,*,#566,.F.);
#566 = EDGE_CURVE('',#452,#531,#567,.T.);
#567 = SURFACE_CURVE('',#568,(#573,#586),.PCURVE_S1.);
#568 = ELLIPSE('',#569,5.656854249492,4.);
#569 = AXIS2_PLACEMENT_3D('',#570,#571,#572);
#570 = CARTESIAN_POINT('',(97.5,25.,33.));
#571 = DIRECTION('',(0.,0.707106781187,0.707106781187));
#572 = DIRECTION('',(0.,0.707106781187,-0.707106781187));
#573 = PCURVE('',#51,#574);
#574 = DEFINITIONAL_REPRESENTATION('',(#575),#585);
#575 = B_SPLINE_CURVE_WITH_KNOTS('',8,(#576,#577,#578,#579,#580,#581,
    #582,#583,#584),.UNSPECIFIED.,.F.,.F.,(9,9),(1.570796326795,
    3.14159265359),.PIECEWISE_BEZIER_KNOTS.);
#576 = CARTESIAN_POINT('',(4.712388980385,65.));
#577 = CARTESIAN_POINT('',(4.908738521234,64.214601836603));
#578 = CARTESIAN_POINT('',(5.105088062083,63.42920348663));
#579 = CARTESIAN_POINT('',(5.301437602934,62.689946955274));
#580 = CARTESIAN_POINT('',(5.497787143782,62.042964997294));
#581 = CARTESIAN_POINT('',(5.694136684633,61.528727814759));
#582 = CARTESIAN_POINT('',(5.89048622548,61.176243103866));
#583 = CARTESIAN_POINT('',(6.08683576633,61.));
#584 = CARTESIAN_POINT('',(6.28318530718,61.));
#585 = ( GEOMETRIC_REPRESENTATION_CONTEXT(2) 
PARAMETRIC_REPRESENTATION_CONTEXT() REPRESENTATION_CONTEXT('2D SPACE',''
  ) );
#586 = PCURVE('',#476,#587);
#587 = DEFINITIONAL_REPRESENTATION('',(#588),#598);
#588 = B_SPLINE_CURVE_WITH_KNOTS('',8,(#589,#590,#591,#592,#593,#594,
    #595,#596,#597),.UNSPECIFIED.,.F.,.F.,(9,9),(1.570796326795,
    3.14159265359),.PIECEWISE_BEZIER_KNOTS.);
#589 = CARTESIAN_POINT('',(3.14159265359,0.));
#590 = CARTESIAN_POINT('',(3.337942194439,0.785398163397));
#591 = CARTESIAN_POINT('',(3.53429173529,1.57079651327));
#592 = CARTESIAN_POINT('',(3.730641276125,2.310053044846));
#593 = CARTESIAN_POINT('',(3.926990817006,2.957035002282));
#594 = CARTESIAN_POINT('',(4.123340357828,3.471272185365));
#595 = CARTESIAN_POINT('',(4.319689898685,3.823756896054));
#596 = CARTESIAN_POINT('',(4.516039439535,4.));
#597 = CARTESIAN_POINT('',(4.712388980385,4.));
#598 = ( GEOMETRIC_REPRESENTATION_CONTEXT(2) 
PARAMETRIC_REPRESENTATION_CONTEXT() REPRESENTATION_CONTEXT('2D SPACE',''
  ) );
#599 = FACE_BOUND('',#600,.T.);
#600 = EDGE_LOOP('',(#601,#602,#603,#604));
#601 = ORIENTED_EDGE('',*,*,#215,.T.);
#602 = ORIENTED_EDGE('',*,*,#179,.T.);
#603 = ORIENTED_EDGE('',*,*,#69,.F.);
#604 = ORIENTED_EDGE('',*,*,#21,.F.);
#605 = ADVANCED_FACE('',(#606),#166,.T.);
#606 = FACE_BOUND('',#607,.T.);
#607 = EDGE_LOOP('',(#608,#631,#657,#658));
#608 = ORIENTED_EDGE('',*,*,#609,.T.);
#609 = EDGE_CURVE('',#130,#610,#612,.T.);
#610 = VERTEX_POINT('',#611);
#611 = CARTESIAN_POINT('',(115.,-25.,110.));
#612 = SEAM_CURVE('',#613,(#618,#624),.PCURVE_S1.);
#613 = CIRCLE('',#614,13.5);
#614 = AXIS2_PLACEMENT_3D('',#615,#616,#617);
#615 = CARTESIAN_POINT('',(115.,-25.,96.5));
#616 = DIRECTION('',(0.,1.,0.));
#617 = DIRECTION('',(0.,0.,-1.));
#618 = PCURVE('',#166,#619);
#619 = DEFINITIONAL_REPRESENTATION('',(#620),#623);
#620 = B_SPLINE_CURVE_WITH_KNOTS('',1,(#621,#622),.UNSPECIFIED.,.F.,.F.,
  (2,2),(1.570796326795,3.14159265359),.PIECEWISE_BEZIER_KNOTS.);
#621 = CARTESIAN_POINT('',(1.570796326795,3.14159265359));
#622 = CARTESIAN_POINT('',(3.14159265359,3.14159265359));
#623 = ( GEOMETRIC_REPRESENTATION_CONTEXT(2) 
PARAMETRIC_REPRESENTATION_CONTEXT() REPRESENTATION_CONTEXT('2D SPACE',''
  ) );
#624 = PCURVE('',#166,#625);
#625 = DEFINITIONAL_REPRESENTATION('',(#626),#630);
#626 = LINE('',#627,#628);
#627 = CARTESIAN_POINT('',(0.,9.424777960769));
#628 = VECTOR('',#629,1.);
#629 = DIRECTION('',(1.,0.));
#630 = ( GEOMETRIC_REPRESENTATION_CONTEXT(2) 
PARAMETRIC_REPRESENTATION_CONTEXT() REPRESENTATION_CONTEXT('2D SPACE',''
  ) );
#631 = ORIENTED_EDGE('',*,*,#632,.T.);
#632 = EDGE_CURVE('',#610,#610,#633,.T.);
#633 = SURFACE_CURVE('',#634,(#639,#646),.PCURVE_S1.);
#634 = CIRCLE('',#635,4.);
#635 = AXIS2_PLACEMENT_3D('',#636,#637,#638);
#636 = CARTESIAN_POINT('',(115.,-25.,114.));
#637 = DIRECTION('',(-1.,0.,-1.224646799147E-16));
#638 = DIRECTION('',(-1.224646799147E-16,0.,1.));
#639 = PCURVE('',#166,#640);
#640 = DEFINITIONAL_REPRESENTATION('',(#641),#645);
#641 = LINE('',#642,#643);
#642 = CARTESIAN_POINT('',(3.14159265359,0.));
#643 = VECTOR('',#644,1.);
#644 = DIRECTION('',(0.,1.));
#645 = ( GEOMETRIC_REPRESENTATION_CONTEXT(2) 
PARAMETRIC_REPRESENTATION_CONTEXT() REPRESENTATION_CONTEXT('2D SPACE',''
  ) );
#646 = PCURVE('',#647,#652);
#647 = CYLINDRICAL_SURFACE('',#648,4.);
#648 = AXIS2_PLACEMENT_3D('',#649,#650,#651);
#649 = CARTESIAN_POINT('',(115.,-25.,114.));
#650 = DIRECTION('',(1.,0.,0.));
#651 = DIRECTION('',(0.,0.,-1.));
#652 = DEFINITIONAL_REPRESENTATION('',(#653),#656);
#653 = B_SPLINE_CURVE_WITH_KNOTS('',1,(#654,#655),.UNSPECIFIED.,.F.,.F.,
  (2,2),(3.14159265359,9.424777960769),.PIECEWISE_BEZIER_KNOTS.);
#654 = CARTESIAN_POINT('',(6.28318530718,0.));
#655 = CARTESIAN_POINT('',(0.,0.));
#656 = ( GEOMETRIC_REPRESENTATION_CONTEXT(2) 
PARAMETRIC_REPRESENTATION_CONTEXT() REPRESENTATION_CONTEXT('2D SPACE',''
  ) );
#657 = ORIENTED_EDGE('',*,*,#609,.F.);
#658 = ORIENTED_EDGE('',*,*,#151,.T.);
#659 = ADVANCED_FACE('',(#660),#267,.T.);
#660 = FACE_BOUND('',#661,.T.);
#661 = EDGE_LOOP('',(#662,#683,#684,#705,#706,#707));
#662 = ORIENTED_EDGE('',*,*,#663,.F.);
#663 = EDGE_CURVE('',#354,#403,#664,.T.);
#664 = SURFACE_CURVE('',#665,(#670,#676),.PCURVE_S1.);
#665 = CIRCLE('',#666,4.);
#666 = AXIS2_PLACEMENT_3D('',#667,#668,#669);
#667 = CARTESIAN_POINT('',(97.5,-40.,33.));
#668 = DIRECTION('',(-2.449293598295E-16,-1.,0.));
#669 = DIRECTION('',(1.,-2.449293598295E-16,0.));
#670 = PCURVE('',#267,#671);
#671 = DEFINITIONAL_REPRESENTATION('',(#672),#675);
#672 = B_SPLINE_CURVE_WITH_KNOTS('',1,(#673,#674),.UNSPECIFIED.,.F.,.F.,
  (2,2),(1.570796326795,7.853981633974),.PIECEWISE_BEZIER_KNOTS.);
#673 = CARTESIAN_POINT('',(6.28318530718,0.));
#674 = CARTESIAN_POINT('',(0.,0.));
#675 = ( GEOMETRIC_REPRESENTATION_CONTEXT(2) 
PARAMETRIC_REPRESENTATION_CONTEXT() REPRESENTATION_CONTEXT('2D SPACE',''
  ) );
#676 = PCURVE('',#418,#677);
#677 = DEFINITIONAL_REPRESENTATION('',(#678),#682);
#678 = LINE('',#679,#680);
#679 = CARTESIAN_POINT('',(6.28318530718,0.));
#680 = VECTOR('',#681,1.);
#681 = DIRECTION('',(0.,1.));
#682 = ( GEOMETRIC_REPRESENTATION_CONTEXT(2) 
PARAMETRIC_REPRESENTATION_CONTEXT() REPRESENTATION_CONTEXT('2D SPACE',''
  ) );
#683 = ORIENTED_EDGE('',*,*,#353,.T.);
#684 = ORIENTED_EDGE('',*,*,#685,.F.);
#685 = EDGE_CURVE('',#279,#327,#686,.T.);
#686 = SURFACE_CURVE('',#687,(#692,#699),.PCURVE_S1.);
#687 = CIRCLE('',#688,4.);
#688 = AXIS2_PLACEMENT_3D('',#689,#690,#691);
#689 = CARTESIAN_POINT('',(97.5,40.,33.));
#690 = DIRECTION('',(0.,1.,0.));
#691 = DIRECTION('',(0.,-0.,1.));
#692 = PCURVE('',#267,#693);
#693 = DEFINITIONAL_REPRESENTATION('',(#694),#698);
#694 = LINE('',#695,#696);
#695 = CARTESIAN_POINT('',(0.,80.));
#696 = VECTOR('',#697,1.);
#697 = DIRECTION('',(1.,0.));
#698 = ( GEOMETRIC_REPRESENTATION_CONTEXT(2) 
PARAMETRIC_REPRESENTATION_CONTEXT() REPRESENTATION_CONTEXT('2D SPACE',''
  ) );
#699 = PCURVE('',#315,#700);
#700 = DEFINITIONAL_REPRESENTATION('',(#701),#704);
#701 = B_SPLINE_CURVE_WITH_KNOTS('',1,(#702,#703),.UNSPECIFIED.,.F.,.F.,
  (2,2),(0.,6.28318530718),.PIECEWISE_BEZIER_KNOTS.);
#702 = CARTESIAN_POINT('',(3.14159265359,7.853981633974));
#703 = CARTESIAN_POINT('',(3.14159265359,1.570796326795));
#704 = ( GEOMETRIC_REPRESENTATION_CONTEXT(2) 
PARAMETRIC_REPRESENTATION_CONTEXT() REPRESENTATION_CONTEXT('2D SPACE',''
  ) );
#705 = ORIENTED_EDGE('',*,*,#278,.F.);
#706 = ORIENTED_EDGE('',*,*,#252,.F.);
#707 = ORIENTED_EDGE('',*,*,#430,.F.);
#708 = ADVANCED_FACE('',(#709),#315,.T.);
#709 = FACE_BOUND('',#710,.T.);
#710 = EDGE_LOOP('',(#711,#734,#735,#736,#760,#788));
#711 = ORIENTED_EDGE('',*,*,#712,.F.);
#712 = EDGE_CURVE('',#300,#713,#715,.T.);
#713 = VERTEX_POINT('',#714);
#714 = CARTESIAN_POINT('',(72.5,65.,37.));
#715 = SURFACE_CURVE('',#716,(#721,#728),.PCURVE_S1.);
#716 = CIRCLE('',#717,25.);
#717 = AXIS2_PLACEMENT_3D('',#718,#719,#720);
#718 = CARTESIAN_POINT('',(72.5,40.,37.));
#719 = DIRECTION('',(0.,0.,1.));
#720 = DIRECTION('',(-1.,0.,0.));
#721 = PCURVE('',#315,#722);
#722 = DEFINITIONAL_REPRESENTATION('',(#723),#727);
#723 = LINE('',#724,#725);
#724 = CARTESIAN_POINT('',(0.,7.853981633974));
#725 = VECTOR('',#726,1.);
#726 = DIRECTION('',(1.,0.));
#727 = ( GEOMETRIC_REPRESENTATION_CONTEXT(2) 
PARAMETRIC_REPRESENTATION_CONTEXT() REPRESENTATION_CONTEXT('2D SPACE',''
  ) );
#728 = PCURVE('',#342,#729);
#729 = DEFINITIONAL_REPRESENTATION('',(#730),#733);
#730 = B_SPLINE_CURVE_WITH_KNOTS('',1,(#731,#732),.UNSPECIFIED.,.F.,.F.,
  (2,2),(3.14159265359,4.712388980385),.PIECEWISE_BEZIER_KNOTS.);
#731 = CARTESIAN_POINT('',(3.14159265359,1.570796326795));
#732 = CARTESIAN_POINT('',(4.712388980385,1.570796326795));
#733 = ( GEOMETRIC_REPRESENTATION_CONTEXT(2) 
PARAMETRIC_REPRESENTATION_CONTEXT() REPRESENTATION_CONTEXT('2D SPACE',''
  ) );
#734 = ORIENTED_EDGE('',*,*,#299,.T.);
#735 = ORIENTED_EDGE('',*,*,#685,.T.);
#736 = ORIENTED_EDGE('',*,*,#737,.T.);
#737 = EDGE_CURVE('',#327,#738,#740,.T.);
#738 = VERTEX_POINT('',#739);
#739 = CARTESIAN_POINT('',(72.5,65.,29.));
#740 = SURFACE_CURVE('',#741,(#746,#753),.PCURVE_S1.);
#741 = CIRCLE('',#742,25.);
#742 = AXIS2_PLACEMENT_3D('',#743,#744,#745);
#743 = CARTESIAN_POINT('',(72.5,40.,29.));
#744 = DIRECTION('',(0.,0.,1.));
#745 = DIRECTION('',(-1.,0.,0.));
#746 = PCURVE('',#315,#747);
#747 = DEFINITIONAL_REPRESENTATION('',(#748),#752);
#748 = LINE('',#749,#750);
#749 = CARTESIAN_POINT('',(0.,4.712388980385));
#750 = VECTOR('',#751,1.);
#751 = DIRECTION('',(1.,0.));
#752 = ( GEOMETRIC_REPRESENTATION_CONTEXT(2) 
PARAMETRIC_REPRESENTATION_CONTEXT() REPRESENTATION_CONTEXT('2D SPACE',''
  ) );
#753 = PCURVE('',#342,#754);
#754 = DEFINITIONAL_REPRESENTATION('',(#755),#759);
#755 = LINE('',#756,#757);
#756 = CARTESIAN_POINT('',(0.,4.712388980385));
#757 = VECTOR('',#758,1.);
#758 = DIRECTION('',(1.,0.));
#759 = ( GEOMETRIC_REPRESENTATION_CONTEXT(2) 
PARAMETRIC_REPRESENTATION_CONTEXT() REPRESENTATION_CONTEXT('2D SPACE',''
  ) );
#760 = ORIENTED_EDGE('',*,*,#761,.T.);
#761 = EDGE_CURVE('',#738,#762,#764,.T.);
#762 = VERTEX_POINT('',#763);
#763 = CARTESIAN_POINT('',(72.5,69.,33.));
#764 = SURFACE_CURVE('',#765,(#770,#777),.PCURVE_S1.);
#765 = CIRCLE('',#766,4.);
#766 = AXIS2_PLACEMENT_3D('',#767,#768,#769);
#767 = CARTESIAN_POINT('',(72.5,65.,33.));
#768 = DIRECTION('',(1.,-1.836970198721E-16,0.));
#769 = DIRECTION('',(1.836970198721E-16,1.,0.));
#770 = PCURVE('',#315,#771);
#771 = DEFINITIONAL_REPRESENTATION('',(#772),#776);
#772 = LINE('',#773,#774);
#773 = CARTESIAN_POINT('',(4.712388980385,0.));
#774 = VECTOR('',#775,1.);
#775 = DIRECTION('',(0.,1.));
#776 = ( GEOMETRIC_REPRESENTATION_CONTEXT(2) 
PARAMETRIC_REPRESENTATION_CONTEXT() REPRESENTATION_CONTEXT('2D SPACE',''
  ) );
#777 = PCURVE('',#778,#783);
#778 = CYLINDRICAL_SURFACE('',#779,4.);
#779 = AXIS2_PLACEMENT_3D('',#780,#781,#782);
#780 = CARTESIAN_POINT('',(72.5,65.,33.));
#781 = DIRECTION('',(-1.,0.,0.));
#782 = DIRECTION('',(0.,0.,1.));
#783 = DEFINITIONAL_REPRESENTATION('',(#784),#787);
#784 = B_SPLINE_CURVE_WITH_KNOTS('',1,(#785,#786),.UNSPECIFIED.,.F.,.F.,
  (2,2),(1.570796326795,7.853981633974),.PIECEWISE_BEZIER_KNOTS.);
#785 = CARTESIAN_POINT('',(6.28318530718,0.));
#786 = CARTESIAN_POINT('',(0.,0.));
#787 = ( GEOMETRIC_REPRESENTATION_CONTEXT(2) 
PARAMETRIC_REPRESENTATION_CONTEXT() REPRESENTATION_CONTEXT('2D SPACE',''
  ) );
#788 = ORIENTED_EDGE('',*,*,#789,.T.);
#789 = EDGE_CURVE('',#762,#713,#790,.T.);
#790 = SURFACE_CURVE('',#791,(#796,#803),.PCURVE_S1.);
#791 = CIRCLE('',#792,4.);
#792 = AXIS2_PLACEMENT_3D('',#793,#794,#795);
#793 = CARTESIAN_POINT('',(72.5,65.,33.));
#794 = DIRECTION('',(1.,-1.836970198721E-16,0.));
#795 = DIRECTION('',(1.836970198721E-16,1.,0.));
#796 = PCURVE('',#315,#797);
#797 = DEFINITIONAL_REPRESENTATION('',(#798),#802);
#798 = LINE('',#799,#800);
#799 = CARTESIAN_POINT('',(4.712388980385,0.));
#800 = VECTOR('',#801,1.);
#801 = DIRECTION('',(0.,1.));
#802 = ( GEOMETRIC_REPRESENTATION_CONTEXT(2) 
PARAMETRIC_REPRESENTATION_CONTEXT() REPRESENTATION_CONTEXT('2D SPACE',''
  ) );
#803 = PCURVE('',#804,#809);
#804 = CYLINDRICAL_SURFACE('',#805,4.);
#805 = AXIS2_PLACEMENT_3D('',#806,#807,#808);
#806 = CARTESIAN_POINT('',(72.5,65.,33.));
#807 = DIRECTION('',(-1.,0.,0.));
#808 = DIRECTION('',(0.,0.,1.));
#809 = DEFINITIONAL_REPRESENTATION('',(#810),#813);
#810 = B_SPLINE_CURVE_WITH_KNOTS('',1,(#811,#812),.UNSPECIFIED.,.F.,.F.,
  (2,2),(6.28318530718,7.853981633974),.PIECEWISE_BEZIER_KNOTS.);
#811 = CARTESIAN_POINT('',(7.853981633974,0.));
#812 = CARTESIAN_POINT('',(6.28318530718,0.));
#813 = ( GEOMETRIC_REPRESENTATION_CONTEXT(2) 
PARAMETRIC_REPRESENTATION_CONTEXT() REPRESENTATION_CONTEXT('2D SPACE',''
  ) );
#814 = ADVANCED_FACE('',(#815),#342,.T.);
#815 = FACE_BOUND('',#816,.T.);
#816 = EDGE_LOOP('',(#817,#818,#819,#840));
#817 = ORIENTED_EDGE('',*,*,#326,.T.);
#818 = ORIENTED_EDGE('',*,*,#712,.T.);
#819 = ORIENTED_EDGE('',*,*,#820,.T.);
#820 = EDGE_CURVE('',#713,#738,#821,.T.);
#821 = SURFACE_CURVE('',#822,(#827,#834),.PCURVE_S1.);
#822 = CIRCLE('',#823,4.);
#823 = AXIS2_PLACEMENT_3D('',#824,#825,#826);
#824 = CARTESIAN_POINT('',(72.5,65.,33.));
#825 = DIRECTION('',(1.,-1.836970198721E-16,0.));
#826 = DIRECTION('',(1.836970198721E-16,1.,0.));
#827 = PCURVE('',#342,#828);
#828 = DEFINITIONAL_REPRESENTATION('',(#829),#833);
#829 = LINE('',#830,#831);
#830 = CARTESIAN_POINT('',(4.712388980385,0.));
#831 = VECTOR('',#832,1.);
#832 = DIRECTION('',(0.,1.));
#833 = ( GEOMETRIC_REPRESENTATION_CONTEXT(2) 
PARAMETRIC_REPRESENTATION_CONTEXT() REPRESENTATION_CONTEXT('2D SPACE',''
  ) );
#834 = PCURVE('',#804,#835);
#835 = DEFINITIONAL_REPRESENTATION('',(#836),#839);
#836 = B_SPLINE_CURVE_WITH_KNOTS('',1,(#837,#838),.UNSPECIFIED.,.F.,.F.,
  (2,2),(1.570796326795,4.712388980385),.PIECEWISE_BEZIER_KNOTS.);
#837 = CARTESIAN_POINT('',(6.28318530718,0.));
#838 = CARTESIAN_POINT('',(3.14159265359,0.));
#839 = ( GEOMETRIC_REPRESENTATION_CONTEXT(2) 
PARAMETRIC_REPRESENTATION_CONTEXT() REPRESENTATION_CONTEXT('2D SPACE',''
  ) );
#840 = ORIENTED_EDGE('',*,*,#737,.F.);
#841 = ADVANCED_FACE('',(#842),#390,.T.);
#842 = FACE_BOUND('',#843,.T.);
#843 = EDGE_LOOP('',(#844,#873,#894,#895));
#844 = ORIENTED_EDGE('',*,*,#845,.T.);
#845 = EDGE_CURVE('',#846,#848,#850,.T.);
#846 = VERTEX_POINT('',#847);
#847 = CARTESIAN_POINT('',(72.5,-65.,29.));
#848 = VERTEX_POINT('',#849);
#849 = CARTESIAN_POINT('',(72.5,-65.,37.));
#850 = SURFACE_CURVE('',#851,(#856,#862),.PCURVE_S1.);
#851 = CIRCLE('',#852,4.);
#852 = AXIS2_PLACEMENT_3D('',#853,#854,#855);
#853 = CARTESIAN_POINT('',(72.5,-65.,33.));
#854 = DIRECTION('',(1.,0.,-0.));
#855 = DIRECTION('',(0.,0.,1.));
#856 = PCURVE('',#390,#857);
#857 = DEFINITIONAL_REPRESENTATION('',(#858),#861);
#858 = B_SPLINE_CURVE_WITH_KNOTS('',1,(#859,#860),.UNSPECIFIED.,.F.,.F.,
  (2,2),(0.,6.28318530718),.PIECEWISE_BEZIER_KNOTS.);
#859 = CARTESIAN_POINT('',(4.712388980385,7.853981633974));
#860 = CARTESIAN_POINT('',(4.712388980385,1.570796326795));
#861 = ( GEOMETRIC_REPRESENTATION_CONTEXT(2) 
PARAMETRIC_REPRESENTATION_CONTEXT() REPRESENTATION_CONTEXT('2D SPACE',''
  ) );
#862 = PCURVE('',#863,#868);
#863 = CYLINDRICAL_SURFACE('',#864,4.);
#864 = AXIS2_PLACEMENT_3D('',#865,#866,#867);
#865 = CARTESIAN_POINT('',(-72.5,-65.,33.));
#866 = DIRECTION('',(1.,0.,0.));
#867 = DIRECTION('',(0.,0.,1.));
#868 = DEFINITIONAL_REPRESENTATION('',(#869),#872);
#869 = B_SPLINE_CURVE_WITH_KNOTS('',1,(#870,#871),.UNSPECIFIED.,.F.,.F.,
  (2,2),(3.14159265359,6.28318530718),.PIECEWISE_BEZIER_KNOTS.);
#870 = CARTESIAN_POINT('',(3.14159265359,145.));
#871 = CARTESIAN_POINT('',(6.28318530718,145.));
#872 = ( GEOMETRIC_REPRESENTATION_CONTEXT(2) 
PARAMETRIC_REPRESENTATION_CONTEXT() REPRESENTATION_CONTEXT('2D SPACE',''
  ) );
#873 = ORIENTED_EDGE('',*,*,#874,.T.);
#874 = EDGE_CURVE('',#848,#375,#875,.T.);
#875 = SURFACE_CURVE('',#876,(#881,#887),.PCURVE_S1.);
#876 = CIRCLE('',#877,25.);
#877 = AXIS2_PLACEMENT_3D('',#878,#879,#880);
#878 = CARTESIAN_POINT('',(72.5,-40.,37.));
#879 = DIRECTION('',(0.,-0.,1.));
#880 = DIRECTION('',(1.,0.,0.));
#881 = PCURVE('',#390,#882);
#882 = DEFINITIONAL_REPRESENTATION('',(#883),#886);
#883 = B_SPLINE_CURVE_WITH_KNOTS('',1,(#884,#885),.UNSPECIFIED.,.F.,.F.,
  (2,2),(4.712388980385,6.28318530718),.PIECEWISE_BEZIER_KNOTS.);
#884 = CARTESIAN_POINT('',(4.712388980385,1.570796326795));
#885 = CARTESIAN_POINT('',(6.28318530718,1.570796326795));
#886 = ( GEOMETRIC_REPRESENTATION_CONTEXT(2) 
PARAMETRIC_REPRESENTATION_CONTEXT() REPRESENTATION_CONTEXT('2D SPACE',''
  ) );
#887 = PCURVE('',#418,#888);
#888 = DEFINITIONAL_REPRESENTATION('',(#889),#893);
#889 = LINE('',#890,#891);
#890 = CARTESIAN_POINT('',(0.,7.853981633974));
#891 = VECTOR('',#892,1.);
#892 = DIRECTION('',(1.,0.));
#893 = ( GEOMETRIC_REPRESENTATION_CONTEXT(2) 
PARAMETRIC_REPRESENTATION_CONTEXT() REPRESENTATION_CONTEXT('2D SPACE',''
  ) );
#894 = ORIENTED_EDGE('',*,*,#374,.T.);
#895 = ORIENTED_EDGE('',*,*,#896,.F.);
#896 = EDGE_CURVE('',#846,#354,#897,.T.);
#897 = SURFACE_CURVE('',#898,(#903,#910),.PCURVE_S1.);
#898 = CIRCLE('',#899,25.);
#899 = AXIS2_PLACEMENT_3D('',#900,#901,#902);
#900 = CARTESIAN_POINT('',(72.5,-40.,29.));
#901 = DIRECTION('',(0.,-0.,1.));
#902 = DIRECTION('',(1.,0.,0.));
#903 = PCURVE('',#390,#904);
#904 = DEFINITIONAL_REPRESENTATION('',(#905),#909);
#905 = LINE('',#906,#907);
#906 = CARTESIAN_POINT('',(0.,4.712388980385));
#907 = VECTOR('',#908,1.);
#908 = DIRECTION('',(1.,0.));
#909 = ( GEOMETRIC_REPRESENTATION_CONTEXT(2) 
PARAMETRIC_REPRESENTATION_CONTEXT() REPRESENTATION_CONTEXT('2D SPACE',''
  ) );
#910 = PCURVE('',#418,#911);
#911 = DEFINITIONAL_REPRESENTATION('',(#912),#916);
#912 = LINE('',#913,#914);
#913 = CARTESIAN_POINT('',(0.,4.712388980385));
#914 = VECTOR('',#915,1.);
#915 = DIRECTION('',(1.,0.));
#916 = ( GEOMETRIC_REPRESENTATION_CONTEXT(2) 
PARAMETRIC_REPRESENTATION_CONTEXT() REPRESENTATION_CONTEXT('2D SPACE',''
  ) );
#917 = ADVANCED_FACE('',(#918),#418,.T.);
#918 = FACE_BOUND('',#919,.T.);
#919 = EDGE_LOOP('',(#920,#921,#943,#969,#970,#971));
#920 = ORIENTED_EDGE('',*,*,#874,.F.);
#921 = ORIENTED_EDGE('',*,*,#922,.T.);
#922 = EDGE_CURVE('',#848,#923,#925,.T.);
#923 = VERTEX_POINT('',#924);
#924 = CARTESIAN_POINT('',(72.5,-69.,33.));
#925 = SURFACE_CURVE('',#926,(#931,#937),.PCURVE_S1.);
#926 = CIRCLE('',#927,4.);
#927 = AXIS2_PLACEMENT_3D('',#928,#929,#930);
#928 = CARTESIAN_POINT('',(72.5,-65.,33.));
#929 = DIRECTION('',(1.,0.,-0.));
#930 = DIRECTION('',(0.,0.,1.));
#931 = PCURVE('',#418,#932);
#932 = DEFINITIONAL_REPRESENTATION('',(#933),#936);
#933 = B_SPLINE_CURVE_WITH_KNOTS('',1,(#934,#935),.UNSPECIFIED.,.F.,.F.,
  (2,2),(0.,6.28318530718),.PIECEWISE_BEZIER_KNOTS.);
#934 = CARTESIAN_POINT('',(4.712388980385,7.853981633974));
#935 = CARTESIAN_POINT('',(4.712388980385,1.570796326795));
#936 = ( GEOMETRIC_REPRESENTATION_CONTEXT(2) 
PARAMETRIC_REPRESENTATION_CONTEXT() REPRESENTATION_CONTEXT('2D SPACE',''
  ) );
#937 = PCURVE('',#863,#938);
#938 = DEFINITIONAL_REPRESENTATION('',(#939),#942);
#939 = B_SPLINE_CURVE_WITH_KNOTS('',1,(#940,#941),.UNSPECIFIED.,.F.,.F.,
  (2,2),(0.,1.570796326795),.PIECEWISE_BEZIER_KNOTS.);
#940 = CARTESIAN_POINT('',(6.28318530718,145.));
#941 = CARTESIAN_POINT('',(7.853981633974,145.));
#942 = ( GEOMETRIC_REPRESENTATION_CONTEXT(2) 
PARAMETRIC_REPRESENTATION_CONTEXT() REPRESENTATION_CONTEXT('2D SPACE',''
  ) );
#943 = ORIENTED_EDGE('',*,*,#944,.T.);
#944 = EDGE_CURVE('',#923,#846,#945,.T.);
#945 = SURFACE_CURVE('',#946,(#951,#957),.PCURVE_S1.);
#946 = CIRCLE('',#947,4.);
#947 = AXIS2_PLACEMENT_3D('',#948,#949,#950);
#948 = CARTESIAN_POINT('',(72.5,-65.,33.));
#949 = DIRECTION('',(1.,0.,-0.));
#950 = DIRECTION('',(0.,0.,1.));
#951 = PCURVE('',#418,#952);
#952 = DEFINITIONAL_REPRESENTATION('',(#953),#956);
#953 = B_SPLINE_CURVE_WITH_KNOTS('',1,(#954,#955),.UNSPECIFIED.,.F.,.F.,
  (2,2),(0.,6.28318530718),.PIECEWISE_BEZIER_KNOTS.);
#954 = CARTESIAN_POINT('',(4.712388980385,7.853981633974));
#955 = CARTESIAN_POINT('',(4.712388980385,1.570796326795));
#956 = ( GEOMETRIC_REPRESENTATION_CONTEXT(2) 
PARAMETRIC_REPRESENTATION_CONTEXT() REPRESENTATION_CONTEXT('2D SPACE',''
  ) );
#957 = PCURVE('',#958,#963);
#958 = CYLINDRICAL_SURFACE('',#959,4.);
#959 = AXIS2_PLACEMENT_3D('',#960,#961,#962);
#960 = CARTESIAN_POINT('',(-72.5,-65.,33.));
#961 = DIRECTION('',(1.,0.,0.));
#962 = DIRECTION('',(0.,0.,1.));
#963 = DEFINITIONAL_REPRESENTATION('',(#964),#968);
#964 = LINE('',#965,#966);
#965 = CARTESIAN_POINT('',(0.,145.));
#966 = VECTOR('',#967,1.);
#967 = DIRECTION('',(1.,0.));
#968 = ( GEOMETRIC_REPRESENTATION_CONTEXT(2) 
PARAMETRIC_REPRESENTATION_CONTEXT() REPRESENTATION_CONTEXT('2D SPACE',''
  ) );
#969 = ORIENTED_EDGE('',*,*,#896,.T.);
#970 = ORIENTED_EDGE('',*,*,#663,.T.);
#971 = ORIENTED_EDGE('',*,*,#402,.T.);
#972 = ADVANCED_FACE('',(#973),#476,.T.);
#973 = FACE_BOUND('',#974,.T.);
#974 = EDGE_LOOP('',(#975,#976,#977,#999,#1021,#1047,#1048,#1049,#1050)
  );
#975 = ORIENTED_EDGE('',*,*,#566,.T.);
#976 = ORIENTED_EDGE('',*,*,#530,.T.);
#977 = ORIENTED_EDGE('',*,*,#978,.T.);
#978 = EDGE_CURVE('',#253,#979,#981,.T.);
#979 = VERTEX_POINT('',#980);
#980 = CARTESIAN_POINT('',(101.5,25.,95.5));
#981 = SEAM_CURVE('',#982,(#986,#993),.PCURVE_S1.);
#982 = LINE('',#983,#984);
#983 = CARTESIAN_POINT('',(101.5,25.,33.));
#984 = VECTOR('',#985,1.);
#985 = DIRECTION('',(0.,0.,1.));
#986 = PCURVE('',#476,#987);
#987 = DEFINITIONAL_REPRESENTATION('',(#988),#992);
#988 = LINE('',#989,#990);
#989 = CARTESIAN_POINT('',(0.,0.));
#990 = VECTOR('',#991,1.);
#991 = DIRECTION('',(0.,1.));
#992 = ( GEOMETRIC_REPRESENTATION_CONTEXT(2) 
PARAMETRIC_REPRESENTATION_CONTEXT() REPRESENTATION_CONTEXT('2D SPACE',''
  ) );
#993 = PCURVE('',#476,#994);
#994 = DEFINITIONAL_REPRESENTATION('',(#995),#998);
#995 = B_SPLINE_CURVE_WITH_KNOTS('',1,(#996,#997),.UNSPECIFIED.,.F.,.F.,
  (2,2),(0.,63.5),.PIECEWISE_BEZIER_KNOTS.);
#996 = CARTESIAN_POINT('',(6.28318530718,0.));
#997 = CARTESIAN_POINT('',(6.28318530718,63.5));
#998 = ( GEOMETRIC_REPRESENTATION_CONTEXT(2) 
PARAMETRIC_REPRESENTATION_CONTEXT() REPRESENTATION_CONTEXT('2D SPACE',''
  ) );
#999 = ORIENTED_EDGE('',*,*,#1000,.T.);
#1000 = EDGE_CURVE('',#979,#1001,#1003,.T.);
#1001 = VERTEX_POINT('',#1002);
#1002 = CARTESIAN_POINT('',(101.5,25.,96.5));
#1003 = SEAM_CURVE('',#1004,(#1008,#1015),.PCURVE_S1.);
#1004 = LINE('',#1005,#1006);
#1005 = CARTESIAN_POINT('',(101.5,25.,33.));
#1006 = VECTOR('',#1007,1.);
#1007 = DIRECTION('',(0.,0.,1.));
#1008 = PCURVE('',#476,#1009);
#1009 = DEFINITIONAL_REPRESENTATION('',(#1010),#1014);
#1010 = LINE('',#1011,#1012);
#1011 = CARTESIAN_POINT('',(0.,0.));
#1012 = VECTOR('',#1013,1.);
#1013 = DIRECTION('',(0.,1.));
#1014 = ( GEOMETRIC_REPRESENTATION_CONTEXT(2) 
PARAMETRIC_REPRESENTATION_CONTEXT() REPRESENTATION_CONTEXT('2D SPACE',''
  ) );
#1015 = PCURVE('',#476,#1016);
#1016 = DEFINITIONAL_REPRESENTATION('',(#1017),#1020);
#1017 = B_SPLINE_CURVE_WITH_KNOTS('',1,(#1018,#1019),.UNSPECIFIED.,.F.,
  .F.,(2,2),(0.,63.5),.PIECEWISE_BEZIER_KNOTS.);
#1018 = CARTESIAN_POINT('',(6.28318530718,0.));
#1019 = CARTESIAN_POINT('',(6.28318530718,63.5));
#1020 = ( GEOMETRIC_REPRESENTATION_CONTEXT(2) 
PARAMETRIC_REPRESENTATION_CONTEXT() REPRESENTATION_CONTEXT('2D SPACE',''
  ) );
#1021 = ORIENTED_EDGE('',*,*,#1022,.F.);
#1022 = EDGE_CURVE('',#1001,#1001,#1023,.T.);
#1023 = SURFACE_CURVE('',#1024,(#1029,#1036),.PCURVE_S1.);
#1024 = CIRCLE('',#1025,4.);
#1025 = AXIS2_PLACEMENT_3D('',#1026,#1027,#1028);
#1026 = CARTESIAN_POINT('',(97.5,25.,96.5));
#1027 = DIRECTION('',(0.,0.,1.));
#1028 = DIRECTION('',(1.,0.,-0.));
#1029 = PCURVE('',#476,#1030);
#1030 = DEFINITIONAL_REPRESENTATION('',(#1031),#1035);
#1031 = LINE('',#1032,#1033);
#1032 = CARTESIAN_POINT('',(0.,63.5));
#1033 = VECTOR('',#1034,1.);
#1034 = DIRECTION('',(1.,0.));
#1035 = ( GEOMETRIC_REPRESENTATION_CONTEXT(2) 
PARAMETRIC_REPRESENTATION_CONTEXT() REPRESENTATION_CONTEXT('2D SPACE',''
  ) );
#1036 = PCURVE('',#1037,#1042);
#1037 = TOROIDAL_SURFACE('',#1038,17.5,4.);
#1038 = AXIS2_PLACEMENT_3D('',#1039,#1040,#1041);
#1039 = CARTESIAN_POINT('',(115.,25.,96.5));
#1040 = DIRECTION('',(-0.,1.,0.));
#1041 = DIRECTION('',(0.,0.,1.));
#1042 = DEFINITIONAL_REPRESENTATION('',(#1043),#1046);
#1043 = B_SPLINE_CURVE_WITH_KNOTS('',1,(#1044,#1045),.UNSPECIFIED.,.F.,
  .F.,(2,2),(0.,6.28318530718),.PIECEWISE_BEZIER_KNOTS.);
#1044 = CARTESIAN_POINT('',(4.712388980385,9.424777960769));
#1045 = CARTESIAN_POINT('',(4.712388980385,3.14159265359));
#1046 = ( GEOMETRIC_REPRESENTATION_CONTEXT(2) 
PARAMETRIC_REPRESENTATION_CONTEXT() REPRESENTATION_CONTEXT('2D SPACE',''
  ) );
#1047 = ORIENTED_EDGE('',*,*,#1000,.F.);
#1048 = ORIENTED_EDGE('',*,*,#978,.F.);
#1049 = ORIENTED_EDGE('',*,*,#494,.F.);
#1050 = ORIENTED_EDGE('',*,*,#451,.F.);
#1051 = ADVANCED_FACE('',(#1052),#647,.T.);
#1052 = FACE_BOUND('',#1053,.T.);
#1053 = EDGE_LOOP('',(#1054,#1055,#1077,#1106,#1135,#1157));
#1054 = ORIENTED_EDGE('',*,*,#632,.F.);
#1055 = ORIENTED_EDGE('',*,*,#1056,.T.);
#1056 = EDGE_CURVE('',#610,#1057,#1059,.T.);
#1057 = VERTEX_POINT('',#1058);
#1058 = CARTESIAN_POINT('',(135.5,-25.,110.));
#1059 = SEAM_CURVE('',#1060,(#1064,#1071),.PCURVE_S1.);
#1060 = LINE('',#1061,#1062);
#1061 = CARTESIAN_POINT('',(115.,-25.,110.));
#1062 = VECTOR('',#1063,1.);
#1063 = DIRECTION('',(1.,0.,0.));
#1064 = PCURVE('',#647,#1065);
#1065 = DEFINITIONAL_REPRESENTATION('',(#1066),#1070);
#1066 = LINE('',#1067,#1068);
#1067 = CARTESIAN_POINT('',(0.,0.));
#1068 = VECTOR('',#1069,1.);
#1069 = DIRECTION('',(0.,1.));
#1070 = ( GEOMETRIC_REPRESENTATION_CONTEXT(2) 
PARAMETRIC_REPRESENTATION_CONTEXT() REPRESENTATION_CONTEXT('2D SPACE',''
  ) );
#1071 = PCURVE('',#647,#1072);
#1072 = DEFINITIONAL_REPRESENTATION('',(#1073),#1076);
#1073 = B_SPLINE_CURVE_WITH_KNOTS('',1,(#1074,#1075),.UNSPECIFIED.,.F.,
  .F.,(2,2),(0.,20.5),.PIECEWISE_BEZIER_KNOTS.);
#1074 = CARTESIAN_POINT('',(6.28318530718,0.));
#1075 = CARTESIAN_POINT('',(6.28318530718,20.5));
#1076 = ( GEOMETRIC_REPRESENTATION_CONTEXT(2) 
PARAMETRIC_REPRESENTATION_CONTEXT() REPRESENTATION_CONTEXT('2D SPACE',''
  ) );
#1077 = ORIENTED_EDGE('',*,*,#1078,.F.);
#1078 = EDGE_CURVE('',#1079,#1057,#1081,.T.);
#1079 = VERTEX_POINT('',#1080);
#1080 = CARTESIAN_POINT('',(135.5,-22.35424868893,117.));
#1081 = SURFACE_CURVE('',#1082,(#1087,#1094),.PCURVE_S1.);
#1082 = CIRCLE('',#1083,4.);
#1083 = AXIS2_PLACEMENT_3D('',#1084,#1085,#1086);
#1084 = CARTESIAN_POINT('',(135.5,-25.,114.));
#1085 = DIRECTION('',(1.,0.,0.));
#1086 = DIRECTION('',(0.,0.,-1.));
#1087 = PCURVE('',#647,#1088);
#1088 = DEFINITIONAL_REPRESENTATION('',(#1089),#1093);
#1089 = LINE('',#1090,#1091);
#1090 = CARTESIAN_POINT('',(0.,20.5));
#1091 = VECTOR('',#1092,1.);
#1092 = DIRECTION('',(1.,0.));
#1093 = ( GEOMETRIC_REPRESENTATION_CONTEXT(2) 
PARAMETRIC_REPRESENTATION_CONTEXT() REPRESENTATION_CONTEXT('2D SPACE',''
  ) );
#1094 = PCURVE('',#1095,#1100);
#1095 = PLANE('',#1096);
#1096 = AXIS2_PLACEMENT_3D('',#1097,#1098,#1099);
#1097 = CARTESIAN_POINT('',(135.5,-25.,114.));
#1098 = DIRECTION('',(1.,0.,0.));
#1099 = DIRECTION('',(-0.,0.,1.));
#1100 = DEFINITIONAL_REPRESENTATION('',(#1101),#1105);
#1101 = CIRCLE('',#1102,4.);
#1102 = AXIS2_PLACEMENT_2D('',#1103,#1104);
#1103 = CARTESIAN_POINT('',(0.,0.));
#1104 = DIRECTION('',(-1.,0.));
#1105 = ( GEOMETRIC_REPRESENTATION_CONTEXT(2) 
PARAMETRIC_REPRESENTATION_CONTEXT() REPRESENTATION_CONTEXT('2D SPACE',''
  ) );
#1106 = ORIENTED_EDGE('',*,*,#1107,.F.);
#1107 = EDGE_CURVE('',#1108,#1079,#1110,.T.);
#1108 = VERTEX_POINT('',#1109);
#1109 = CARTESIAN_POINT('',(135.5,-22.35424868893,111.));
#1110 = SURFACE_CURVE('',#1111,(#1116,#1123),.PCURVE_S1.);
#1111 = CIRCLE('',#1112,4.);
#1112 = AXIS2_PLACEMENT_3D('',#1113,#1114,#1115);
#1113 = CARTESIAN_POINT('',(135.5,-25.,114.));
#1114 = DIRECTION('',(1.,0.,0.));
#1115 = DIRECTION('',(0.,0.,-1.));
#1116 = PCURVE('',#647,#1117);
#1117 = DEFINITIONAL_REPRESENTATION('',(#1118),#1122);
#1118 = LINE('',#1119,#1120);
#1119 = CARTESIAN_POINT('',(0.,20.5));
#1120 = VECTOR('',#1121,1.);
#1121 = DIRECTION('',(1.,0.));
#1122 = ( GEOMETRIC_REPRESENTATION_CONTEXT(2) 
PARAMETRIC_REPRESENTATION_CONTEXT() REPRESENTATION_CONTEXT('2D SPACE',''
  ) );
#1123 = PCURVE('',#1124,#1129);
#1124 = PLANE('',#1125);
#1125 = AXIS2_PLACEMENT_3D('',#1126,#1127,#1128);
#1126 = CARTESIAN_POINT('',(135.5,-25.,114.));
#1127 = DIRECTION('',(1.,0.,0.));
#1128 = DIRECTION('',(-0.,0.,1.));
#1129 = DEFINITIONAL_REPRESENTATION('',(#1130),#1134);
#1130 = CIRCLE('',#1131,4.);
#1131 = AXIS2_PLACEMENT_2D('',#1132,#1133);
#1132 = CARTESIAN_POINT('',(0.,0.));
#1133 = DIRECTION('',(-1.,0.));
#1134 = ( GEOMETRIC_REPRESENTATION_CONTEXT(2) 
PARAMETRIC_REPRESENTATION_CONTEXT() REPRESENTATION_CONTEXT('2D SPACE',''
  ) );
#1135 = ORIENTED_EDGE('',*,*,#1136,.F.);
#1136 = EDGE_CURVE('',#1057,#1108,#1137,.T.);
#1137 = SURFACE_CURVE('',#1138,(#1143,#1150),.PCURVE_S1.);
#1138 = CIRCLE('',#1139,4.);
#1139 = AXIS2_PLACEMENT_3D('',#1140,#1141,#1142);
#1140 = CARTESIAN_POINT('',(135.5,-25.,114.));
#1141 = DIRECTION('',(1.,0.,0.));
#1142 = DIRECTION('',(0.,0.,-1.));
#1143 = PCURVE('',#647,#1144);
#1144 = DEFINITIONAL_REPRESENTATION('',(#1145),#1149);
#1145 = LINE('',#1146,#1147);
#1146 = CARTESIAN_POINT('',(0.,20.5));
#1147 = VECTOR('',#1148,1.);
#1148 = DIRECTION('',(1.,0.));
#1149 = ( GEOMETRIC_REPRESENTATION_CONTEXT(2) 
PARAMETRIC_REPRESENTATION_CONTEXT() REPRESENTATION_CONTEXT('2D SPACE',''
  ) );
#1150 = PCURVE('',#1095,#1151);
#1151 = DEFINITIONAL_REPRESENTATION('',(#1152),#1156);
#1152 = CIRCLE('',#1153,4.);
#1153 = AXIS2_PLACEMENT_2D('',#1154,#1155);
#1154 = CARTESIAN_POINT('',(0.,0.));
#1155 = DIRECTION('',(-1.,0.));
#1156 = ( GEOMETRIC_REPRESENTATION_CONTEXT(2) 
PARAMETRIC_REPRESENTATION_CONTEXT() REPRESENTATION_CONTEXT('2D SPACE',''
  ) );
#1157 = ORIENTED_EDGE('',*,*,#1056,.F.);
#1158 = ADVANCED_FACE('',(#1159),#804,.T.);
#1159 = FACE_BOUND('',#1160,.T.);
#1160 = EDGE_LOOP('',(#1161,#1162,#1163,#1184,#1211,#1238));
#1161 = ORIENTED_EDGE('',*,*,#820,.F.);
#1162 = ORIENTED_EDGE('',*,*,#789,.F.);
#1163 = ORIENTED_EDGE('',*,*,#1164,.T.);
#1164 = EDGE_CURVE('',#762,#1165,#1167,.T.);
#1165 = VERTEX_POINT('',#1166);
#1166 = CARTESIAN_POINT('',(-72.5,69.,33.));
#1167 = SURFACE_CURVE('',#1168,(#1172,#1178),.PCURVE_S1.);
#1168 = LINE('',#1169,#1170);
#1169 = CARTESIAN_POINT('',(72.5,69.,33.));
#1170 = VECTOR('',#1171,1.);
#1171 = DIRECTION('',(-1.,0.,0.));
#1172 = PCURVE('',#804,#1173);
#1173 = DEFINITIONAL_REPRESENTATION('',(#1174),#1177);
#1174 = B_SPLINE_CURVE_WITH_KNOTS('',1,(#1175,#1176),.UNSPECIFIED.,.F.,
  .F.,(2,2),(0.,145.),.PIECEWISE_BEZIER_KNOTS.);
#1175 = CARTESIAN_POINT('',(7.853981633974,0.));
#1176 = CARTESIAN_POINT('',(7.853981633974,145.));
#1177 = ( GEOMETRIC_REPRESENTATION_CONTEXT(2) 
PARAMETRIC_REPRESENTATION_CONTEXT() REPRESENTATION_CONTEXT('2D SPACE',''
  ) );
#1178 = PCURVE('',#778,#1179);
#1179 = DEFINITIONAL_REPRESENTATION('',(#1180),#1183);
#1180 = B_SPLINE_CURVE_WITH_KNOTS('',1,(#1181,#1182),.UNSPECIFIED.,.F.,
  .F.,(2,2),(0.,145.),.PIECEWISE_BEZIER_KNOTS.);
#1181 = CARTESIAN_POINT('',(1.570796326795,0.));
#1182 = CARTESIAN_POINT('',(1.570796326795,145.));
#1183 = ( GEOMETRIC_REPRESENTATION_CONTEXT(2) 
PARAMETRIC_REPRESENTATION_CONTEXT() REPRESENTATION_CONTEXT('2D SPACE',''
  ) );
#1184 = ORIENTED_EDGE('',*,*,#1185,.F.);
#1185 = EDGE_CURVE('',#1186,#1165,#1188,.T.);
#1186 = VERTEX_POINT('',#1187);
#1187 = CARTESIAN_POINT('',(-72.5,65.,37.));
#1188 = SURFACE_CURVE('',#1189,(#1194,#1200),.PCURVE_S1.);
#1189 = CIRCLE('',#1190,4.);
#1190 = AXIS2_PLACEMENT_3D('',#1191,#1192,#1193);
#1191 = CARTESIAN_POINT('',(-72.5,65.,33.));
#1192 = DIRECTION('',(-1.,0.,0.));
#1193 = DIRECTION('',(0.,0.,1.));
#1194 = PCURVE('',#804,#1195);
#1195 = DEFINITIONAL_REPRESENTATION('',(#1196),#1199);
#1196 = B_SPLINE_CURVE_WITH_KNOTS('',1,(#1197,#1198),.UNSPECIFIED.,.F.,
  .F.,(2,2),(0.,1.570796326795),.PIECEWISE_BEZIER_KNOTS.);
#1197 = CARTESIAN_POINT('',(6.28318530718,145.));
#1198 = CARTESIAN_POINT('',(7.853981633974,145.));
#1199 = ( GEOMETRIC_REPRESENTATION_CONTEXT(2) 
PARAMETRIC_REPRESENTATION_CONTEXT() REPRESENTATION_CONTEXT('2D SPACE',''
  ) );
#1200 = PCURVE('',#1201,#1206);
#1201 = TOROIDAL_SURFACE('',#1202,25.,4.);
#1202 = AXIS2_PLACEMENT_3D('',#1203,#1204,#1205);
#1203 = CARTESIAN_POINT('',(-72.5,40.,33.));
#1204 = DIRECTION('',(0.,-0.,1.));
#1205 = DIRECTION('',(1.,0.,0.));
#1206 = DEFINITIONAL_REPRESENTATION('',(#1207),#1210);
#1207 = B_SPLINE_CURVE_WITH_KNOTS('',1,(#1208,#1209),.UNSPECIFIED.,.F.,
  .F.,(2,2),(0.,6.28318530718),.PIECEWISE_BEZIER_KNOTS.);
#1208 = CARTESIAN_POINT('',(1.570796326795,7.853981633974));
#1209 = CARTESIAN_POINT('',(1.570796326795,1.570796326795));
#1210 = ( GEOMETRIC_REPRESENTATION_CONTEXT(2) 
PARAMETRIC_REPRESENTATION_CONTEXT() REPRESENTATION_CONTEXT('2D SPACE',''
  ) );
#1211 = ORIENTED_EDGE('',*,*,#1212,.F.);
#1212 = EDGE_CURVE('',#1213,#1186,#1215,.T.);
#1213 = VERTEX_POINT('',#1214);
#1214 = CARTESIAN_POINT('',(-72.5,65.,29.));
#1215 = SURFACE_CURVE('',#1216,(#1221,#1227),.PCURVE_S1.);
#1216 = CIRCLE('',#1217,4.);
#1217 = AXIS2_PLACEMENT_3D('',#1218,#1219,#1220);
#1218 = CARTESIAN_POINT('',(-72.5,65.,33.));
#1219 = DIRECTION('',(-1.,0.,0.));
#1220 = DIRECTION('',(0.,0.,1.));
#1221 = PCURVE('',#804,#1222);
#1222 = DEFINITIONAL_REPRESENTATION('',(#1223),#1226);
#1223 = B_SPLINE_CURVE_WITH_KNOTS('',1,(#1224,#1225),.UNSPECIFIED.,.F.,
  .F.,(2,2),(3.14159265359,6.28318530718),.PIECEWISE_BEZIER_KNOTS.);
#1224 = CARTESIAN_POINT('',(3.14159265359,145.));
#1225 = CARTESIAN_POINT('',(6.28318530718,145.));
#1226 = ( GEOMETRIC_REPRESENTATION_CONTEXT(2) 
PARAMETRIC_REPRESENTATION_CONTEXT() REPRESENTATION_CONTEXT('2D SPACE',''
  ) );
#1227 = PCURVE('',#1228,#1233);
#1228 = TOROIDAL_SURFACE('',#1229,25.,4.);
#1229 = AXIS2_PLACEMENT_3D('',#1230,#1231,#1232);
#1230 = CARTESIAN_POINT('',(-72.5,40.,33.));
#1231 = DIRECTION('',(0.,-0.,1.));
#1232 = DIRECTION('',(1.,0.,0.));
#1233 = DEFINITIONAL_REPRESENTATION('',(#1234),#1237);
#1234 = B_SPLINE_CURVE_WITH_KNOTS('',1,(#1235,#1236),.UNSPECIFIED.,.F.,
  .F.,(2,2),(0.,6.28318530718),.PIECEWISE_BEZIER_KNOTS.);
#1235 = CARTESIAN_POINT('',(1.570796326795,7.853981633974));
#1236 = CARTESIAN_POINT('',(1.570796326795,1.570796326795));
#1237 = ( GEOMETRIC_REPRESENTATION_CONTEXT(2) 
PARAMETRIC_REPRESENTATION_CONTEXT() REPRESENTATION_CONTEXT('2D SPACE',''
  ) );
#1238 = ORIENTED_EDGE('',*,*,#1239,.F.);
#1239 = EDGE_CURVE('',#738,#1213,#1240,.T.);
#1240 = SURFACE_CURVE('',#1241,(#1245,#1251),.PCURVE_S1.);
#1241 = LINE('',#1242,#1243);
#1242 = CARTESIAN_POINT('',(72.5,65.,29.));
#1243 = VECTOR('',#1244,1.);
#1244 = DIRECTION('',(-1.,0.,0.));
#1245 = PCURVE('',#804,#1246);
#1246 = DEFINITIONAL_REPRESENTATION('',(#1247),#1250);
#1247 = B_SPLINE_CURVE_WITH_KNOTS('',1,(#1248,#1249),.UNSPECIFIED.,.F.,
  .F.,(2,2),(0.,145.),.PIECEWISE_BEZIER_KNOTS.);
#1248 = CARTESIAN_POINT('',(3.14159265359,0.));
#1249 = CARTESIAN_POINT('',(3.14159265359,145.));
#1250 = ( GEOMETRIC_REPRESENTATION_CONTEXT(2) 
PARAMETRIC_REPRESENTATION_CONTEXT() REPRESENTATION_CONTEXT('2D SPACE',''
  ) );
#1251 = PCURVE('',#778,#1252);
#1252 = DEFINITIONAL_REPRESENTATION('',(#1253),#1256);
#1253 = B_SPLINE_CURVE_WITH_KNOTS('',1,(#1254,#1255),.UNSPECIFIED.,.F.,
  .F.,(2,2),(0.,145.),.PIECEWISE_BEZIER_KNOTS.);
#1254 = CARTESIAN_POINT('',(3.14159265359,0.));
#1255 = CARTESIAN_POINT('',(3.14159265359,145.));
#1256 = ( GEOMETRIC_REPRESENTATION_CONTEXT(2) 
PARAMETRIC_REPRESENTATION_CONTEXT() REPRESENTATION_CONTEXT('2D SPACE',''
  ) );
#1257 = ADVANCED_FACE('',(#1258),#778,.T.);
#1258 = FACE_BOUND('',#1259,.T.);
#1259 = EDGE_LOOP('',(#1260,#1261,#1262,#1283));
#1260 = ORIENTED_EDGE('',*,*,#761,.F.);
#1261 = ORIENTED_EDGE('',*,*,#1239,.T.);
#1262 = ORIENTED_EDGE('',*,*,#1263,.F.);
#1263 = EDGE_CURVE('',#1165,#1213,#1264,.T.);
#1264 = SURFACE_CURVE('',#1265,(#1270,#1277),.PCURVE_S1.);
#1265 = CIRCLE('',#1266,4.);
#1266 = AXIS2_PLACEMENT_3D('',#1267,#1268,#1269);
#1267 = CARTESIAN_POINT('',(-72.5,65.,33.));
#1268 = DIRECTION('',(-1.,0.,0.));
#1269 = DIRECTION('',(0.,0.,1.));
#1270 = PCURVE('',#778,#1271);
#1271 = DEFINITIONAL_REPRESENTATION('',(#1272),#1276);
#1272 = LINE('',#1273,#1274);
#1273 = CARTESIAN_POINT('',(0.,145.));
#1274 = VECTOR('',#1275,1.);
#1275 = DIRECTION('',(1.,0.));
#1276 = ( GEOMETRIC_REPRESENTATION_CONTEXT(2) 
PARAMETRIC_REPRESENTATION_CONTEXT() REPRESENTATION_CONTEXT('2D SPACE',''
  ) );
#1277 = PCURVE('',#1201,#1278);
#1278 = DEFINITIONAL_REPRESENTATION('',(#1279),#1282);
#1279 = B_SPLINE_CURVE_WITH_KNOTS('',1,(#1280,#1281),.UNSPECIFIED.,.F.,
  .F.,(2,2),(0.,6.28318530718),.PIECEWISE_BEZIER_KNOTS.);
#1280 = CARTESIAN_POINT('',(1.570796326795,7.853981633974));
#1281 = CARTESIAN_POINT('',(1.570796326795,1.570796326795));
#1282 = ( GEOMETRIC_REPRESENTATION_CONTEXT(2) 
PARAMETRIC_REPRESENTATION_CONTEXT() REPRESENTATION_CONTEXT('2D SPACE',''
  ) );
#1283 = ORIENTED_EDGE('',*,*,#1164,.F.);
#1284 = ADVANCED_FACE('',(#1285),#863,.T.);
#1285 = FACE_BOUND('',#1286,.T.);
#1286 = EDGE_LOOP('',(#1287,#1316,#1343,#1362,#1363,#1364));
#1287 = ORIENTED_EDGE('',*,*,#1288,.T.);
#1288 = EDGE_CURVE('',#1289,#1291,#1293,.T.);
#1289 = VERTEX_POINT('',#1290);
#1290 = CARTESIAN_POINT('',(-72.5,-65.,29.));
#1291 = VERTEX_POINT('',#1292);
#1292 = CARTESIAN_POINT('',(-72.5,-65.,37.));
#1293 = SURFACE_CURVE('',#1294,(#1299,#1305),.PCURVE_S1.);
#1294 = CIRCLE('',#1295,4.);
#1295 = AXIS2_PLACEMENT_3D('',#1296,#1297,#1298);
#1296 = CARTESIAN_POINT('',(-72.5,-65.,33.));
#1297 = DIRECTION('',(1.,0.,-0.));
#1298 = DIRECTION('',(0.,0.,1.));
#1299 = PCURVE('',#863,#1300);
#1300 = DEFINITIONAL_REPRESENTATION('',(#1301),#1304);
#1301 = B_SPLINE_CURVE_WITH_KNOTS('',1,(#1302,#1303),.UNSPECIFIED.,.F.,
  .F.,(2,2),(3.14159265359,6.28318530718),.PIECEWISE_BEZIER_KNOTS.);
#1302 = CARTESIAN_POINT('',(3.14159265359,0.));
#1303 = CARTESIAN_POINT('',(6.28318530718,0.));
#1304 = ( GEOMETRIC_REPRESENTATION_CONTEXT(2) 
PARAMETRIC_REPRESENTATION_CONTEXT() REPRESENTATION_CONTEXT('2D SPACE',''
  ) );
#1305 = PCURVE('',#1306,#1311);
#1306 = TOROIDAL_SURFACE('',#1307,25.,4.);
#1307 = AXIS2_PLACEMENT_3D('',#1308,#1309,#1310);
#1308 = CARTESIAN_POINT('',(-72.5,-40.,33.));
#1309 = DIRECTION('',(0.,-0.,1.));
#1310 = DIRECTION('',(1.,0.,0.));
#1311 = DEFINITIONAL_REPRESENTATION('',(#1312),#1315);
#1312 = B_SPLINE_CURVE_WITH_KNOTS('',1,(#1313,#1314),.UNSPECIFIED.,.F.,
  .F.,(2,2),(0.,6.28318530718),.PIECEWISE_BEZIER_KNOTS.);
#1313 = CARTESIAN_POINT('',(4.712388980385,7.853981633974));
#1314 = CARTESIAN_POINT('',(4.712388980385,1.570796326795));
#1315 = ( GEOMETRIC_REPRESENTATION_CONTEXT(2) 
PARAMETRIC_REPRESENTATION_CONTEXT() REPRESENTATION_CONTEXT('2D SPACE',''
  ) );
#1316 = ORIENTED_EDGE('',*,*,#1317,.T.);
#1317 = EDGE_CURVE('',#1291,#1318,#1320,.T.);
#1318 = VERTEX_POINT('',#1319);
#1319 = CARTESIAN_POINT('',(-72.5,-69.,33.));
#1320 = SURFACE_CURVE('',#1321,(#1326,#1332),.PCURVE_S1.);
#1321 = CIRCLE('',#1322,4.);
#1322 = AXIS2_PLACEMENT_3D('',#1323,#1324,#1325);
#1323 = CARTESIAN_POINT('',(-72.5,-65.,33.));
#1324 = DIRECTION('',(1.,0.,-0.));
#1325 = DIRECTION('',(0.,0.,1.));
#1326 = PCURVE('',#863,#1327);
#1327 = DEFINITIONAL_REPRESENTATION('',(#1328),#1331);
#1328 = B_SPLINE_CURVE_WITH_KNOTS('',1,(#1329,#1330),.UNSPECIFIED.,.F.,
  .F.,(2,2),(0.,1.570796326795),.PIECEWISE_BEZIER_KNOTS.);
#1329 = CARTESIAN_POINT('',(6.28318530718,0.));
#1330 = CARTESIAN_POINT('',(7.853981633974,0.));
#1331 = ( GEOMETRIC_REPRESENTATION_CONTEXT(2) 
PARAMETRIC_REPRESENTATION_CONTEXT() REPRESENTATION_CONTEXT('2D SPACE',''
  ) );
#1332 = PCURVE('',#1333,#1338);
#1333 = TOROIDAL_SURFACE('',#1334,25.,4.);
#1334 = AXIS2_PLACEMENT_3D('',#1335,#1336,#1337);
#1335 = CARTESIAN_POINT('',(-72.5,-40.,33.));
#1336 = DIRECTION('',(0.,-0.,1.));
#1337 = DIRECTION('',(1.,0.,0.));
#1338 = DEFINITIONAL_REPRESENTATION('',(#1339),#1342);
#1339 = B_SPLINE_CURVE_WITH_KNOTS('',1,(#1340,#1341),.UNSPECIFIED.,.F.,
  .F.,(2,2),(0.,6.28318530718),.PIECEWISE_BEZIER_KNOTS.);
#1340 = CARTESIAN_POINT('',(4.712388980385,7.853981633974));
#1341 = CARTESIAN_POINT('',(4.712388980385,1.570796326795));
#1342 = ( GEOMETRIC_REPRESENTATION_CONTEXT(2) 
PARAMETRIC_REPRESENTATION_CONTEXT() REPRESENTATION_CONTEXT('2D SPACE',''
  ) );
#1343 = ORIENTED_EDGE('',*,*,#1344,.T.);
#1344 = EDGE_CURVE('',#1318,#923,#1345,.T.);
#1345 = SURFACE_CURVE('',#1346,(#1350,#1356),.PCURVE_S1.);
#1346 = LINE('',#1347,#1348);
#1347 = CARTESIAN_POINT('',(-72.5,-69.,33.));
#1348 = VECTOR('',#1349,1.);
#1349 = DIRECTION('',(1.,0.,0.));
#1350 = PCURVE('',#863,#1351);
#1351 = DEFINITIONAL_REPRESENTATION('',(#1352),#1355);
#1352 = B_SPLINE_CURVE_WITH_KNOTS('',1,(#1353,#1354),.UNSPECIFIED.,.F.,
  .F.,(2,2),(0.,145.),.PIECEWISE_BEZIER_KNOTS.);
#1353 = CARTESIAN_POINT('',(7.853981633974,0.));
#1354 = CARTESIAN_POINT('',(7.853981633974,145.));
#1355 = ( GEOMETRIC_REPRESENTATION_CONTEXT(2) 
PARAMETRIC_REPRESENTATION_CONTEXT() REPRESENTATION_CONTEXT('2D SPACE',''
  ) );
#1356 = PCURVE('',#958,#1357);
#1357 = DEFINITIONAL_REPRESENTATION('',(#1358),#1361);
#1358 = B_SPLINE_CURVE_WITH_KNOTS('',1,(#1359,#1360),.UNSPECIFIED.,.F.,
  .F.,(2,2),(0.,145.),.PIECEWISE_BEZIER_KNOTS.);
#1359 = CARTESIAN_POINT('',(1.570796326795,0.));
#1360 = CARTESIAN_POINT('',(1.570796326795,145.));
#1361 = ( GEOMETRIC_REPRESENTATION_CONTEXT(2) 
PARAMETRIC_REPRESENTATION_CONTEXT() REPRESENTATION_CONTEXT('2D SPACE',''
  ) );
#1362 = ORIENTED_EDGE('',*,*,#922,.F.);
#1363 = ORIENTED_EDGE('',*,*,#845,.F.);
#1364 = ORIENTED_EDGE('',*,*,#1365,.F.);
#1365 = EDGE_CURVE('',#1289,#846,#1366,.T.);
#1366 = SURFACE_CURVE('',#1367,(#1371,#1377),.PCURVE_S1.);
#1367 = LINE('',#1368,#1369);
#1368 = CARTESIAN_POINT('',(-72.5,-65.,29.));
#1369 = VECTOR('',#1370,1.);
#1370 = DIRECTION('',(1.,0.,0.));
#1371 = PCURVE('',#863,#1372);
#1372 = DEFINITIONAL_REPRESENTATION('',(#1373),#1376);
#1373 = B_SPLINE_CURVE_WITH_KNOTS('',1,(#1374,#1375),.UNSPECIFIED.,.F.,
  .F.,(2,2),(0.,145.),.PIECEWISE_BEZIER_KNOTS.);
#1374 = CARTESIAN_POINT('',(3.14159265359,0.));
#1375 = CARTESIAN_POINT('',(3.14159265359,145.));
#1376 = ( GEOMETRIC_REPRESENTATION_CONTEXT(2) 
PARAMETRIC_REPRESENTATION_CONTEXT() REPRESENTATION_CONTEXT('2D SPACE',''
  ) );
#1377 = PCURVE('',#958,#1378);
#1378 = DEFINITIONAL_REPRESENTATION('',(#1379),#1382);
#1379 = B_SPLINE_CURVE_WITH_KNOTS('',1,(#1380,#1381),.UNSPECIFIED.,.F.,
  .F.,(2,2),(0.,145.),.PIECEWISE_BEZIER_KNOTS.);
#1380 = CARTESIAN_POINT('',(3.14159265359,0.));
#1381 = CARTESIAN_POINT('',(3.14159265359,145.));
#1382 = ( GEOMETRIC_REPRESENTATION_CONTEXT(2) 
PARAMETRIC_REPRESENTATION_CONTEXT() REPRESENTATION_CONTEXT('2D SPACE',''
  ) );
#1383 = ADVANCED_FACE('',(#1384),#958,.T.);
#1384 = FACE_BOUND('',#1385,.T.);
#1385 = EDGE_LOOP('',(#1386,#1387,#1408,#1409));
#1386 = ORIENTED_EDGE('',*,*,#1344,.F.);
#1387 = ORIENTED_EDGE('',*,*,#1388,.T.);
#1388 = EDGE_CURVE('',#1318,#1289,#1389,.T.);
#1389 = SURFACE_CURVE('',#1390,(#1395,#1402),.PCURVE_S1.);
#1390 = CIRCLE('',#1391,4.);
#1391 = AXIS2_PLACEMENT_3D('',#1392,#1393,#1394);
#1392 = CARTESIAN_POINT('',(-72.5,-65.,33.));
#1393 = DIRECTION('',(1.,0.,-0.));
#1394 = DIRECTION('',(0.,0.,1.));
#1395 = PCURVE('',#958,#1396);
#1396 = DEFINITIONAL_REPRESENTATION('',(#1397),#1401);
#1397 = LINE('',#1398,#1399);
#1398 = CARTESIAN_POINT('',(0.,0.));
#1399 = VECTOR('',#1400,1.);
#1400 = DIRECTION('',(1.,0.));
#1401 = ( GEOMETRIC_REPRESENTATION_CONTEXT(2) 
PARAMETRIC_REPRESENTATION_CONTEXT() REPRESENTATION_CONTEXT('2D SPACE',''
  ) );
#1402 = PCURVE('',#1333,#1403);
#1403 = DEFINITIONAL_REPRESENTATION('',(#1404),#1407);
#1404 = B_SPLINE_CURVE_WITH_KNOTS('',1,(#1405,#1406),.UNSPECIFIED.,.F.,
  .F.,(2,2),(0.,6.28318530718),.PIECEWISE_BEZIER_KNOTS.);
#1405 = CARTESIAN_POINT('',(4.712388980385,7.853981633974));
#1406 = CARTESIAN_POINT('',(4.712388980385,1.570796326795));
#1407 = ( GEOMETRIC_REPRESENTATION_CONTEXT(2) 
PARAMETRIC_REPRESENTATION_CONTEXT() REPRESENTATION_CONTEXT('2D SPACE',''
  ) );
#1408 = ORIENTED_EDGE('',*,*,#1365,.T.);
#1409 = ORIENTED_EDGE('',*,*,#944,.F.);
#1410 = ADVANCED_FACE('',(#1411),#1037,.T.);
#1411 = FACE_BOUND('',#1412,.T.);
#1412 = EDGE_LOOP('',(#1413,#1436,#1462,#1463));
#1413 = ORIENTED_EDGE('',*,*,#1414,.T.);
#1414 = EDGE_CURVE('',#1001,#1415,#1417,.T.);
#1415 = VERTEX_POINT('',#1416);
#1416 = CARTESIAN_POINT('',(115.,25.,110.));
#1417 = SEAM_CURVE('',#1418,(#1423,#1429),.PCURVE_S1.);
#1418 = CIRCLE('',#1419,13.5);
#1419 = AXIS2_PLACEMENT_3D('',#1420,#1421,#1422);
#1420 = CARTESIAN_POINT('',(115.,25.,96.5));
#1421 = DIRECTION('',(-0.,1.,0.));
#1422 = DIRECTION('',(0.,0.,1.));
#1423 = PCURVE('',#1037,#1424);
#1424 = DEFINITIONAL_REPRESENTATION('',(#1425),#1428);
#1425 = B_SPLINE_CURVE_WITH_KNOTS('',1,(#1426,#1427),.UNSPECIFIED.,.F.,
  .F.,(2,2),(4.712388980385,6.28318530718),.PIECEWISE_BEZIER_KNOTS.);
#1426 = CARTESIAN_POINT('',(4.712388980385,3.14159265359));
#1427 = CARTESIAN_POINT('',(6.28318530718,3.14159265359));
#1428 = ( GEOMETRIC_REPRESENTATION_CONTEXT(2) 
PARAMETRIC_REPRESENTATION_CONTEXT() REPRESENTATION_CONTEXT('2D SPACE',''
  ) );
#1429 = PCURVE('',#1037,#1430);
#1430 = DEFINITIONAL_REPRESENTATION('',(#1431),#1435);
#1431 = LINE('',#1432,#1433);
#1432 = CARTESIAN_POINT('',(0.,9.424777960769));
#1433 = VECTOR('',#1434,1.);
#1434 = DIRECTION('',(1.,0.));
#1435 = ( GEOMETRIC_REPRESENTATION_CONTEXT(2) 
PARAMETRIC_REPRESENTATION_CONTEXT() REPRESENTATION_CONTEXT('2D SPACE',''
  ) );
#1436 = ORIENTED_EDGE('',*,*,#1437,.T.);
#1437 = EDGE_CURVE('',#1415,#1415,#1438,.T.);
#1438 = SURFACE_CURVE('',#1439,(#1444,#1451),.PCURVE_S1.);
#1439 = CIRCLE('',#1440,4.);
#1440 = AXIS2_PLACEMENT_3D('',#1441,#1442,#1443);
#1441 = CARTESIAN_POINT('',(115.,25.,114.));
#1442 = DIRECTION('',(-1.,0.,-2.449293598295E-16));
#1443 = DIRECTION('',(-2.449293598295E-16,0.,1.));
#1444 = PCURVE('',#1037,#1445);
#1445 = DEFINITIONAL_REPRESENTATION('',(#1446),#1450);
#1446 = LINE('',#1447,#1448);
#1447 = CARTESIAN_POINT('',(6.28318530718,0.));
#1448 = VECTOR('',#1449,1.);
#1449 = DIRECTION('',(0.,1.));
#1450 = ( GEOMETRIC_REPRESENTATION_CONTEXT(2) 
PARAMETRIC_REPRESENTATION_CONTEXT() REPRESENTATION_CONTEXT('2D SPACE',''
  ) );
#1451 = PCURVE('',#1452,#1457);
#1452 = CYLINDRICAL_SURFACE('',#1453,4.);
#1453 = AXIS2_PLACEMENT_3D('',#1454,#1455,#1456);
#1454 = CARTESIAN_POINT('',(115.,25.,114.));
#1455 = DIRECTION('',(1.,0.,0.));
#1456 = DIRECTION('',(0.,0.,-1.));
#1457 = DEFINITIONAL_REPRESENTATION('',(#1458),#1461);
#1458 = B_SPLINE_CURVE_WITH_KNOTS('',1,(#1459,#1460),.UNSPECIFIED.,.F.,
  .F.,(2,2),(3.14159265359,9.424777960769),.PIECEWISE_BEZIER_KNOTS.);
#1459 = CARTESIAN_POINT('',(6.28318530718,0.));
#1460 = CARTESIAN_POINT('',(0.,0.));
#1461 = ( GEOMETRIC_REPRESENTATION_CONTEXT(2) 
PARAMETRIC_REPRESENTATION_CONTEXT() REPRESENTATION_CONTEXT('2D SPACE',''
  ) );
#1462 = ORIENTED_EDGE('',*,*,#1414,.F.);
#1463 = ORIENTED_EDGE('',*,*,#1022,.T.);
#1464 = ADVANCED_FACE('',(#1465),#1095,.F.);
#1465 = FACE_BOUND('',#1466,.F.);
#1466 = EDGE_LOOP('',(#1467,#1468,#1496,#1525,#1549,#1568));
#1467 = ORIENTED_EDGE('',*,*,#1078,.F.);
#1468 = ORIENTED_EDGE('',*,*,#1469,.T.);
#1469 = EDGE_CURVE('',#1079,#1470,#1472,.T.);
#1470 = VERTEX_POINT('',#1471);
#1471 = CARTESIAN_POINT('',(135.5,-22.27924642791,117.));
#1472 = SURFACE_CURVE('',#1473,(#1477,#1484),.PCURVE_S1.);
#1473 = LINE('',#1474,#1475);
#1474 = CARTESIAN_POINT('',(135.5,-25.5,117.));
#1475 = VECTOR('',#1476,1.);
#1476 = DIRECTION('',(0.,1.,0.));
#1477 = PCURVE('',#1095,#1478);
#1478 = DEFINITIONAL_REPRESENTATION('',(#1479),#1483);
#1479 = LINE('',#1480,#1481);
#1480 = CARTESIAN_POINT('',(3.,0.5));
#1481 = VECTOR('',#1482,1.);
#1482 = DIRECTION('',(0.,-1.));
#1483 = ( GEOMETRIC_REPRESENTATION_CONTEXT(2) 
PARAMETRIC_REPRESENTATION_CONTEXT() REPRESENTATION_CONTEXT('2D SPACE',''
  ) );
#1484 = PCURVE('',#1485,#1490);
#1485 = CYLINDRICAL_SURFACE('',#1486,3.);
#1486 = AXIS2_PLACEMENT_3D('',#1487,#1488,#1489);
#1487 = CARTESIAN_POINT('',(135.5,-25.5,114.));
#1488 = DIRECTION('',(0.,1.,0.));
#1489 = DIRECTION('',(0.,-0.,1.));
#1490 = DEFINITIONAL_REPRESENTATION('',(#1491),#1495);
#1491 = LINE('',#1492,#1493);
#1492 = CARTESIAN_POINT('',(0.,-0.));
#1493 = VECTOR('',#1494,1.);
#1494 = DIRECTION('',(0.,1.));
#1495 = ( GEOMETRIC_REPRESENTATION_CONTEXT(2) 
PARAMETRIC_REPRESENTATION_CONTEXT() REPRESENTATION_CONTEXT('2D SPACE',''
  ) );
#1496 = ORIENTED_EDGE('',*,*,#1497,.T.);
#1497 = EDGE_CURVE('',#1470,#1498,#1500,.T.);
#1498 = VERTEX_POINT('',#1499);
#1499 = CARTESIAN_POINT('',(135.5,-25.,118.05));
#1500 = SURFACE_CURVE('',#1501,(#1506,#1513),.PCURVE_S1.);
#1501 = CIRCLE('',#1502,4.05);
#1502 = AXIS2_PLACEMENT_3D('',#1503,#1504,#1505);
#1503 = CARTESIAN_POINT('',(135.5,-25.,114.));
#1504 = DIRECTION('',(1.,0.,0.));
#1505 = DIRECTION('',(-0.,0.,1.));
#1506 = PCURVE('',#1095,#1507);
#1507 = DEFINITIONAL_REPRESENTATION('',(#1508),#1512);
#1508 = CIRCLE('',#1509,4.05);
#1509 = AXIS2_PLACEMENT_2D('',#1510,#1511);
#1510 = CARTESIAN_POINT('',(0.,0.));
#1511 = DIRECTION('',(1.,0.));
#1512 = ( GEOMETRIC_REPRESENTATION_CONTEXT(2) 
PARAMETRIC_REPRESENTATION_CONTEXT() REPRESENTATION_CONTEXT('2D SPACE',''
  ) );
#1513 = PCURVE('',#1514,#1519);
#1514 = CYLINDRICAL_SURFACE('',#1515,4.05);
#1515 = AXIS2_PLACEMENT_3D('',#1516,#1517,#1518);
#1516 = CARTESIAN_POINT('',(129.5,-25.,114.));
#1517 = DIRECTION('',(1.,0.,0.));
#1518 = DIRECTION('',(-0.,0.,1.));
#1519 = DEFINITIONAL_REPRESENTATION('',(#1520),#1524);
#1520 = LINE('',#1521,#1522);
#1521 = CARTESIAN_POINT('',(0.,6.));
#1522 = VECTOR('',#1523,1.);
#1523 = DIRECTION('',(1.,0.));
#1524 = ( GEOMETRIC_REPRESENTATION_CONTEXT(2) 
PARAMETRIC_REPRESENTATION_CONTEXT() REPRESENTATION_CONTEXT('2D SPACE',''
  ) );
#1525 = ORIENTED_EDGE('',*,*,#1526,.T.);
#1526 = EDGE_CURVE('',#1498,#1527,#1529,.T.);
#1527 = VERTEX_POINT('',#1528);
#1528 = CARTESIAN_POINT('',(135.5,-22.27924642791,111.));
#1529 = SURFACE_CURVE('',#1530,(#1535,#1542),.PCURVE_S1.);
#1530 = CIRCLE('',#1531,4.05);
#1531 = AXIS2_PLACEMENT_3D('',#1532,#1533,#1534);
#1532 = CARTESIAN_POINT('',(135.5,-25.,114.));
#1533 = DIRECTION('',(1.,0.,0.));
#1534 = DIRECTION('',(-0.,0.,1.));
#1535 = PCURVE('',#1095,#1536);
#1536 = DEFINITIONAL_REPRESENTATION('',(#1537),#1541);
#1537 = CIRCLE('',#1538,4.05);
#1538 = AXIS2_PLACEMENT_2D('',#1539,#1540);
#1539 = CARTESIAN_POINT('',(0.,0.));
#1540 = DIRECTION('',(1.,0.));
#1541 = ( GEOMETRIC_REPRESENTATION_CONTEXT(2) 
PARAMETRIC_REPRESENTATION_CONTEXT() REPRESENTATION_CONTEXT('2D SPACE',''
  ) );
#1542 = PCURVE('',#1514,#1543);
#1543 = DEFINITIONAL_REPRESENTATION('',(#1544),#1548);
#1544 = LINE('',#1545,#1546);
#1545 = CARTESIAN_POINT('',(0.,6.));
#1546 = VECTOR('',#1547,1.);
#1547 = DIRECTION('',(1.,0.));
#1548 = ( GEOMETRIC_REPRESENTATION_CONTEXT(2) 
PARAMETRIC_REPRESENTATION_CONTEXT() REPRESENTATION_CONTEXT('2D SPACE',''
  ) );
#1549 = ORIENTED_EDGE('',*,*,#1550,.F.);
#1550 = EDGE_CURVE('',#1108,#1527,#1551,.T.);
#1551 = SURFACE_CURVE('',#1552,(#1556,#1562),.PCURVE_S1.);
#1552 = LINE('',#1553,#1554);
#1553 = CARTESIAN_POINT('',(135.5,-25.5,111.));
#1554 = VECTOR('',#1555,1.);
#1555 = DIRECTION('',(0.,1.,0.));
#1556 = PCURVE('',#1095,#1557);
#1557 = DEFINITIONAL_REPRESENTATION('',(#1558),#1561);
#1558 = B_SPLINE_CURVE_WITH_KNOTS('',1,(#1559,#1560),.UNSPECIFIED.,.F.,
  .F.,(2,2),(-5.999999999062E-07,5.36),.PIECEWISE_BEZIER_KNOTS.);
#1559 = CARTESIAN_POINT('',(-3.,0.5000006));
#1560 = CARTESIAN_POINT('',(-3.,-4.86));
#1561 = ( GEOMETRIC_REPRESENTATION_CONTEXT(2) 
PARAMETRIC_REPRESENTATION_CONTEXT() REPRESENTATION_CONTEXT('2D SPACE',''
  ) );
#1562 = PCURVE('',#1485,#1563);
#1563 = DEFINITIONAL_REPRESENTATION('',(#1564),#1567);
#1564 = B_SPLINE_CURVE_WITH_KNOTS('',1,(#1565,#1566),.UNSPECIFIED.,.F.,
  .F.,(2,2),(-5.999999999062E-07,5.36),.PIECEWISE_BEZIER_KNOTS.);
#1565 = CARTESIAN_POINT('',(3.14159265359,-5.999999999062E-07));
#1566 = CARTESIAN_POINT('',(3.14159265359,5.36));
#1567 = ( GEOMETRIC_REPRESENTATION_CONTEXT(2) 
PARAMETRIC_REPRESENTATION_CONTEXT() REPRESENTATION_CONTEXT('2D SPACE',''
  ) );
#1568 = ORIENTED_EDGE('',*,*,#1136,.F.);
#1569 = ADVANCED_FACE('',(#1570),#1124,.T.);
#1570 = FACE_BOUND('',#1571,.T.);
#1571 = EDGE_LOOP('',(#1572,#1594,#1595,#1618));
#1572 = ORIENTED_EDGE('',*,*,#1573,.T.);
#1573 = EDGE_CURVE('',#1574,#1108,#1576,.T.);
#1574 = VERTEX_POINT('',#1575);
#1575 = CARTESIAN_POINT('',(135.5,-25.5,111.));
#1576 = SURFACE_CURVE('',#1577,(#1581,#1588),.PCURVE_S1.);
#1577 = LINE('',#1578,#1579);
#1578 = CARTESIAN_POINT('',(135.5,-25.5,111.));
#1579 = VECTOR('',#1580,1.);
#1580 = DIRECTION('',(0.,1.,0.));
#1581 = PCURVE('',#1124,#1582);
#1582 = DEFINITIONAL_REPRESENTATION('',(#1583),#1587);
#1583 = LINE('',#1584,#1585);
#1584 = CARTESIAN_POINT('',(-3.,0.5));
#1585 = VECTOR('',#1586,1.);
#1586 = DIRECTION('',(0.,-1.));
#1587 = ( GEOMETRIC_REPRESENTATION_CONTEXT(2) 
PARAMETRIC_REPRESENTATION_CONTEXT() REPRESENTATION_CONTEXT('2D SPACE',''
  ) );
#1588 = PCURVE('',#1485,#1589);
#1589 = DEFINITIONAL_REPRESENTATION('',(#1590),#1593);
#1590 = B_SPLINE_CURVE_WITH_KNOTS('',1,(#1591,#1592),.UNSPECIFIED.,.F.,
  .F.,(2,2),(-5.999999999062E-07,5.36),.PIECEWISE_BEZIER_KNOTS.);
#1591 = CARTESIAN_POINT('',(3.14159265359,-5.999999999062E-07));
#1592 = CARTESIAN_POINT('',(3.14159265359,5.36));
#1593 = ( GEOMETRIC_REPRESENTATION_CONTEXT(2) 
PARAMETRIC_REPRESENTATION_CONTEXT() REPRESENTATION_CONTEXT('2D SPACE',''
  ) );
#1594 = ORIENTED_EDGE('',*,*,#1107,.T.);
#1595 = ORIENTED_EDGE('',*,*,#1596,.F.);
#1596 = EDGE_CURVE('',#1597,#1079,#1599,.T.);
#1597 = VERTEX_POINT('',#1598);
#1598 = CARTESIAN_POINT('',(135.5,-25.5,117.));
#1599 = SURFACE_CURVE('',#1600,(#1604,#1611),.PCURVE_S1.);
#1600 = LINE('',#1601,#1602);
#1601 = CARTESIAN_POINT('',(135.5,-25.5,117.));
#1602 = VECTOR('',#1603,1.);
#1603 = DIRECTION('',(0.,1.,0.));
#1604 = PCURVE('',#1124,#1605);
#1605 = DEFINITIONAL_REPRESENTATION('',(#1606),#1610);
#1606 = LINE('',#1607,#1608);
#1607 = CARTESIAN_POINT('',(3.,0.5));
#1608 = VECTOR('',#1609,1.);
#1609 = DIRECTION('',(0.,-1.));
#1610 = ( GEOMETRIC_REPRESENTATION_CONTEXT(2) 
PARAMETRIC_REPRESENTATION_CONTEXT() REPRESENTATION_CONTEXT('2D SPACE',''
  ) );
#1611 = PCURVE('',#1485,#1612);
#1612 = DEFINITIONAL_REPRESENTATION('',(#1613),#1617);
#1613 = LINE('',#1614,#1615);
#1614 = CARTESIAN_POINT('',(0.,-0.));
#1615 = VECTOR('',#1616,1.);
#1616 = DIRECTION('',(0.,1.));
#1617 = ( GEOMETRIC_REPRESENTATION_CONTEXT(2) 
PARAMETRIC_REPRESENTATION_CONTEXT() REPRESENTATION_CONTEXT('2D SPACE',''
  ) );
#1618 = ORIENTED_EDGE('',*,*,#1619,.F.);
#1619 = EDGE_CURVE('',#1574,#1597,#1620,.T.);
#1620 = SURFACE_CURVE('',#1621,(#1625,#1632),.PCURVE_S1.);
#1621 = LINE('',#1622,#1623);
#1622 = CARTESIAN_POINT('',(135.5,-25.5,114.));
#1623 = VECTOR('',#1624,1.);
#1624 = DIRECTION('',(0.,0.,1.));
#1625 = PCURVE('',#1124,#1626);
#1626 = DEFINITIONAL_REPRESENTATION('',(#1627),#1631);
#1627 = LINE('',#1628,#1629);
#1628 = CARTESIAN_POINT('',(0.,0.5));
#1629 = VECTOR('',#1630,1.);
#1630 = DIRECTION('',(1.,0.));
#1631 = ( GEOMETRIC_REPRESENTATION_CONTEXT(2) 
PARAMETRIC_REPRESENTATION_CONTEXT() REPRESENTATION_CONTEXT('2D SPACE',''
  ) );
#1632 = PCURVE('',#1633,#1638);
#1633 = PLANE('',#1634);
#1634 = AXIS2_PLACEMENT_3D('',#1635,#1636,#1637);
#1635 = CARTESIAN_POINT('',(135.5,-25.5,114.));
#1636 = DIRECTION('',(0.,1.,0.));
#1637 = DIRECTION('',(0.,-0.,1.));
#1638 = DEFINITIONAL_REPRESENTATION('',(#1639),#1642);
#1639 = B_SPLINE_CURVE_WITH_KNOTS('',1,(#1640,#1641),.UNSPECIFIED.,.F.,
  .F.,(2,2),(-3.,3.),.PIECEWISE_BEZIER_KNOTS.);
#1640 = CARTESIAN_POINT('',(-3.,0.));
#1641 = CARTESIAN_POINT('',(3.,0.));
#1642 = ( GEOMETRIC_REPRESENTATION_CONTEXT(2) 
PARAMETRIC_REPRESENTATION_CONTEXT() REPRESENTATION_CONTEXT('2D SPACE',''
  ) );
#1643 = ADVANCED_FACE('',(#1644),#1201,.T.);
#1644 = FACE_BOUND('',#1645,.T.);
#1645 = EDGE_LOOP('',(#1646,#1669,#1670,#1671,#1695,#1723));
#1646 = ORIENTED_EDGE('',*,*,#1647,.F.);
#1647 = EDGE_CURVE('',#1186,#1648,#1650,.T.);
#1648 = VERTEX_POINT('',#1649);
#1649 = CARTESIAN_POINT('',(-97.5,40.,37.));
#1650 = SURFACE_CURVE('',#1651,(#1656,#1663),.PCURVE_S1.);
#1651 = CIRCLE('',#1652,25.);
#1652 = AXIS2_PLACEMENT_3D('',#1653,#1654,#1655);
#1653 = CARTESIAN_POINT('',(-72.5,40.,37.));
#1654 = DIRECTION('',(0.,-0.,1.));
#1655 = DIRECTION('',(1.,0.,0.));
#1656 = PCURVE('',#1201,#1657);
#1657 = DEFINITIONAL_REPRESENTATION('',(#1658),#1662);
#1658 = LINE('',#1659,#1660);
#1659 = CARTESIAN_POINT('',(0.,7.853981633974));
#1660 = VECTOR('',#1661,1.);
#1661 = DIRECTION('',(1.,0.));
#1662 = ( GEOMETRIC_REPRESENTATION_CONTEXT(2) 
PARAMETRIC_REPRESENTATION_CONTEXT() REPRESENTATION_CONTEXT('2D SPACE',''
  ) );
#1663 = PCURVE('',#1228,#1664);
#1664 = DEFINITIONAL_REPRESENTATION('',(#1665),#1668);
#1665 = B_SPLINE_CURVE_WITH_KNOTS('',1,(#1666,#1667),.UNSPECIFIED.,.F.,
  .F.,(2,2),(1.570796326795,3.14159265359),.PIECEWISE_BEZIER_KNOTS.);
#1666 = CARTESIAN_POINT('',(1.570796326795,1.570796326795));
#1667 = CARTESIAN_POINT('',(3.14159265359,1.570796326795));
#1668 = ( GEOMETRIC_REPRESENTATION_CONTEXT(2) 
PARAMETRIC_REPRESENTATION_CONTEXT() REPRESENTATION_CONTEXT('2D SPACE',''
  ) );
#1669 = ORIENTED_EDGE('',*,*,#1185,.T.);
#1670 = ORIENTED_EDGE('',*,*,#1263,.T.);
#1671 = ORIENTED_EDGE('',*,*,#1672,.T.);
#1672 = EDGE_CURVE('',#1213,#1673,#1675,.T.);
#1673 = VERTEX_POINT('',#1674);
#1674 = CARTESIAN_POINT('',(-97.5,40.,29.));
#1675 = SURFACE_CURVE('',#1676,(#1681,#1688),.PCURVE_S1.);
#1676 = CIRCLE('',#1677,25.);
#1677 = AXIS2_PLACEMENT_3D('',#1678,#1679,#1680);
#1678 = CARTESIAN_POINT('',(-72.5,40.,29.));
#1679 = DIRECTION('',(0.,-0.,1.));
#1680 = DIRECTION('',(1.,0.,0.));
#1681 = PCURVE('',#1201,#1682);
#1682 = DEFINITIONAL_REPRESENTATION('',(#1683),#1687);
#1683 = LINE('',#1684,#1685);
#1684 = CARTESIAN_POINT('',(0.,4.712388980385));
#1685 = VECTOR('',#1686,1.);
#1686 = DIRECTION('',(1.,0.));
#1687 = ( GEOMETRIC_REPRESENTATION_CONTEXT(2) 
PARAMETRIC_REPRESENTATION_CONTEXT() REPRESENTATION_CONTEXT('2D SPACE',''
  ) );
#1688 = PCURVE('',#1228,#1689);
#1689 = DEFINITIONAL_REPRESENTATION('',(#1690),#1694);
#1690 = LINE('',#1691,#1692);
#1691 = CARTESIAN_POINT('',(0.,4.712388980385));
#1692 = VECTOR('',#1693,1.);
#1693 = DIRECTION('',(1.,0.));
#1694 = ( GEOMETRIC_REPRESENTATION_CONTEXT(2) 
PARAMETRIC_REPRESENTATION_CONTEXT() REPRESENTATION_CONTEXT('2D SPACE',''
  ) );
#1695 = ORIENTED_EDGE('',*,*,#1696,.T.);
#1696 = EDGE_CURVE('',#1673,#1697,#1699,.T.);
#1697 = VERTEX_POINT('',#1698);
#1698 = CARTESIAN_POINT('',(-101.5,40.,33.));
#1699 = SURFACE_CURVE('',#1700,(#1705,#1712),.PCURVE_S1.);
#1700 = CIRCLE('',#1701,4.);
#1701 = AXIS2_PLACEMENT_3D('',#1702,#1703,#1704);
#1702 = CARTESIAN_POINT('',(-97.5,40.,33.));
#1703 = DIRECTION('',(1.224646799147E-16,1.,0.));
#1704 = DIRECTION('',(-1.,1.224646799147E-16,0.));
#1705 = PCURVE('',#1201,#1706);
#1706 = DEFINITIONAL_REPRESENTATION('',(#1707),#1711);
#1707 = LINE('',#1708,#1709);
#1708 = CARTESIAN_POINT('',(3.14159265359,0.));
#1709 = VECTOR('',#1710,1.);
#1710 = DIRECTION('',(0.,1.));
#1711 = ( GEOMETRIC_REPRESENTATION_CONTEXT(2) 
PARAMETRIC_REPRESENTATION_CONTEXT() REPRESENTATION_CONTEXT('2D SPACE',''
  ) );
#1712 = PCURVE('',#1713,#1718);
#1713 = CYLINDRICAL_SURFACE('',#1714,4.);
#1714 = AXIS2_PLACEMENT_3D('',#1715,#1716,#1717);
#1715 = CARTESIAN_POINT('',(-97.5,40.,33.));
#1716 = DIRECTION('',(0.,-1.,0.));
#1717 = DIRECTION('',(0.,0.,1.));
#1718 = DEFINITIONAL_REPRESENTATION('',(#1719),#1722);
#1719 = B_SPLINE_CURVE_WITH_KNOTS('',1,(#1720,#1721),.UNSPECIFIED.,.F.,
  .F.,(2,2),(1.570796326795,7.853981633974),.PIECEWISE_BEZIER_KNOTS.);
#1720 = CARTESIAN_POINT('',(6.28318530718,0.));
#1721 = CARTESIAN_POINT('',(0.,0.));
#1722 = ( GEOMETRIC_REPRESENTATION_CONTEXT(2) 
PARAMETRIC_REPRESENTATION_CONTEXT() REPRESENTATION_CONTEXT('2D SPACE',''
  ) );
#1723 = ORIENTED_EDGE('',*,*,#1724,.T.);
#1724 = EDGE_CURVE('',#1697,#1648,#1725,.T.);
#1725 = SURFACE_CURVE('',#1726,(#1731,#1738),.PCURVE_S1.);
#1726 = CIRCLE('',#1727,4.);
#1727 = AXIS2_PLACEMENT_3D('',#1728,#1729,#1730);
#1728 = CARTESIAN_POINT('',(-97.5,40.,33.));
#1729 = DIRECTION('',(1.224646799147E-16,1.,0.));
#1730 = DIRECTION('',(-1.,1.224646799147E-16,0.));
#1731 = PCURVE('',#1201,#1732);
#1732 = DEFINITIONAL_REPRESENTATION('',(#1733),#1737);
#1733 = LINE('',#1734,#1735);
#1734 = CARTESIAN_POINT('',(3.14159265359,0.));
#1735 = VECTOR('',#1736,1.);
#1736 = DIRECTION('',(0.,1.));
#1737 = ( GEOMETRIC_REPRESENTATION_CONTEXT(2) 
PARAMETRIC_REPRESENTATION_CONTEXT() REPRESENTATION_CONTEXT('2D SPACE',''
  ) );
#1738 = PCURVE('',#1739,#1744);
#1739 = CYLINDRICAL_SURFACE('',#1740,4.);
#1740 = AXIS2_PLACEMENT_3D('',#1741,#1742,#1743);
#1741 = CARTESIAN_POINT('',(-97.5,40.,33.));
#1742 = DIRECTION('',(0.,-1.,0.));
#1743 = DIRECTION('',(0.,0.,1.));
#1744 = DEFINITIONAL_REPRESENTATION('',(#1745),#1748);
#1745 = B_SPLINE_CURVE_WITH_KNOTS('',1,(#1746,#1747),.UNSPECIFIED.,.F.,
  .F.,(2,2),(6.28318530718,7.853981633974),.PIECEWISE_BEZIER_KNOTS.);
#1746 = CARTESIAN_POINT('',(7.853981633974,0.));
#1747 = CARTESIAN_POINT('',(6.28318530718,0.));
#1748 = ( GEOMETRIC_REPRESENTATION_CONTEXT(2) 
PARAMETRIC_REPRESENTATION_CONTEXT() REPRESENTATION_CONTEXT('2D SPACE',''
  ) );
#1749 = ADVANCED_FACE('',(#1750),#1228,.T.);
#1750 = FACE_BOUND('',#1751,.T.);
#1751 = EDGE_LOOP('',(#1752,#1753,#1754,#1775));
#1752 = ORIENTED_EDGE('',*,*,#1212,.T.);
#1753 = ORIENTED_EDGE('',*,*,#1647,.T.);
#1754 = ORIENTED_EDGE('',*,*,#1755,.T.);
#1755 = EDGE_CURVE('',#1648,#1673,#1756,.T.);
#1756 = SURFACE_CURVE('',#1757,(#1762,#1769),.PCURVE_S1.);
#1757 = CIRCLE('',#1758,4.);
#1758 = AXIS2_PLACEMENT_3D('',#1759,#1760,#1761);
#1759 = CARTESIAN_POINT('',(-97.5,40.,33.));
#1760 = DIRECTION('',(1.224646799147E-16,1.,0.));
#1761 = DIRECTION('',(-1.,1.224646799147E-16,0.));
#1762 = PCURVE('',#1228,#1763);
#1763 = DEFINITIONAL_REPRESENTATION('',(#1764),#1768);
#1764 = LINE('',#1765,#1766);
#1765 = CARTESIAN_POINT('',(3.14159265359,0.));
#1766 = VECTOR('',#1767,1.);
#1767 = DIRECTION('',(0.,1.));
#1768 = ( GEOMETRIC_REPRESENTATION_CONTEXT(2) 
PARAMETRIC_REPRESENTATION_CONTEXT() REPRESENTATION_CONTEXT('2D SPACE',''
  ) );
#1769 = PCURVE('',#1739,#1770);
#1770 = DEFINITIONAL_REPRESENTATION('',(#1771),#1774);
#1771 = B_SPLINE_CURVE_WITH_KNOTS('',1,(#1772,#1773),.UNSPECIFIED.,.F.,
  .F.,(2,2),(1.570796326795,4.712388980385),.PIECEWISE_BEZIER_KNOTS.);
#1772 = CARTESIAN_POINT('',(6.28318530718,0.));
#1773 = CARTESIAN_POINT('',(3.14159265359,0.));
#1774 = ( GEOMETRIC_REPRESENTATION_CONTEXT(2) 
PARAMETRIC_REPRESENTATION_CONTEXT() REPRESENTATION_CONTEXT('2D SPACE',''
  ) );
#1775 = ORIENTED_EDGE('',*,*,#1672,.F.);
#1776 = ADVANCED_FACE('',(#1777),#1306,.T.);
#1777 = FACE_BOUND('',#1778,.T.);
#1778 = EDGE_LOOP('',(#1779,#1803,#1824,#1825));
#1779 = ORIENTED_EDGE('',*,*,#1780,.T.);
#1780 = EDGE_CURVE('',#1781,#1783,#1785,.T.);
#1781 = VERTEX_POINT('',#1782);
#1782 = CARTESIAN_POINT('',(-97.5,-40.,29.));
#1783 = VERTEX_POINT('',#1784);
#1784 = CARTESIAN_POINT('',(-97.5,-40.,37.));
#1785 = SURFACE_CURVE('',#1786,(#1791,#1797),.PCURVE_S1.);
#1786 = CIRCLE('',#1787,4.);
#1787 = AXIS2_PLACEMENT_3D('',#1788,#1789,#1790);
#1788 = CARTESIAN_POINT('',(-97.5,-40.,33.));
#1789 = DIRECTION('',(0.,-1.,0.));
#1790 = DIRECTION('',(0.,0.,1.));
#1791 = PCURVE('',#1306,#1792);
#1792 = DEFINITIONAL_REPRESENTATION('',(#1793),#1796);
#1793 = B_SPLINE_CURVE_WITH_KNOTS('',1,(#1794,#1795),.UNSPECIFIED.,.F.,
  .F.,(2,2),(0.,6.28318530718),.PIECEWISE_BEZIER_KNOTS.);
#1794 = CARTESIAN_POINT('',(3.14159265359,7.853981633974));
#1795 = CARTESIAN_POINT('',(3.14159265359,1.570796326795));
#1796 = ( GEOMETRIC_REPRESENTATION_CONTEXT(2) 
PARAMETRIC_REPRESENTATION_CONTEXT() REPRESENTATION_CONTEXT('2D SPACE',''
  ) );
#1797 = PCURVE('',#1739,#1798);
#1798 = DEFINITIONAL_REPRESENTATION('',(#1799),#1802);
#1799 = B_SPLINE_CURVE_WITH_KNOTS('',1,(#1800,#1801),.UNSPECIFIED.,.F.,
  .F.,(2,2),(3.14159265359,6.28318530718),.PIECEWISE_BEZIER_KNOTS.);
#1800 = CARTESIAN_POINT('',(3.14159265359,80.));
#1801 = CARTESIAN_POINT('',(6.28318530718,80.));
#1802 = ( GEOMETRIC_REPRESENTATION_CONTEXT(2) 
PARAMETRIC_REPRESENTATION_CONTEXT() REPRESENTATION_CONTEXT('2D SPACE',''
  ) );
#1803 = ORIENTED_EDGE('',*,*,#1804,.T.);
#1804 = EDGE_CURVE('',#1783,#1291,#1805,.T.);
#1805 = SURFACE_CURVE('',#1806,(#1811,#1817),.PCURVE_S1.);
#1806 = CIRCLE('',#1807,25.);
#1807 = AXIS2_PLACEMENT_3D('',#1808,#1809,#1810);
#1808 = CARTESIAN_POINT('',(-72.5,-40.,37.));
#1809 = DIRECTION('',(0.,-0.,1.));
#1810 = DIRECTION('',(1.,0.,0.));
#1811 = PCURVE('',#1306,#1812);
#1812 = DEFINITIONAL_REPRESENTATION('',(#1813),#1816);
#1813 = B_SPLINE_CURVE_WITH_KNOTS('',1,(#1814,#1815),.UNSPECIFIED.,.F.,
  .F.,(2,2),(3.14159265359,4.712388980385),.PIECEWISE_BEZIER_KNOTS.);
#1814 = CARTESIAN_POINT('',(3.14159265359,1.570796326795));
#1815 = CARTESIAN_POINT('',(4.712388980385,1.570796326795));
#1816 = ( GEOMETRIC_REPRESENTATION_CONTEXT(2) 
PARAMETRIC_REPRESENTATION_CONTEXT() REPRESENTATION_CONTEXT('2D SPACE',''
  ) );
#1817 = PCURVE('',#1333,#1818);
#1818 = DEFINITIONAL_REPRESENTATION('',(#1819),#1823);
#1819 = LINE('',#1820,#1821);
#1820 = CARTESIAN_POINT('',(0.,7.853981633974));
#1821 = VECTOR('',#1822,1.);
#1822 = DIRECTION('',(1.,0.));
#1823 = ( GEOMETRIC_REPRESENTATION_CONTEXT(2) 
PARAMETRIC_REPRESENTATION_CONTEXT() REPRESENTATION_CONTEXT('2D SPACE',''
  ) );
#1824 = ORIENTED_EDGE('',*,*,#1288,.F.);
#1825 = ORIENTED_EDGE('',*,*,#1826,.F.);
#1826 = EDGE_CURVE('',#1781,#1289,#1827,.T.);
#1827 = SURFACE_CURVE('',#1828,(#1833,#1840),.PCURVE_S1.);
#1828 = CIRCLE('',#1829,25.);
#1829 = AXIS2_PLACEMENT_3D('',#1830,#1831,#1832);
#1830 = CARTESIAN_POINT('',(-72.5,-40.,29.));
#1831 = DIRECTION('',(0.,-0.,1.));
#1832 = DIRECTION('',(1.,0.,0.));
#1833 = PCURVE('',#1306,#1834);
#1834 = DEFINITIONAL_REPRESENTATION('',(#1835),#1839);
#1835 = LINE('',#1836,#1837);
#1836 = CARTESIAN_POINT('',(0.,4.712388980385));
#1837 = VECTOR('',#1838,1.);
#1838 = DIRECTION('',(1.,0.));
#1839 = ( GEOMETRIC_REPRESENTATION_CONTEXT(2) 
PARAMETRIC_REPRESENTATION_CONTEXT() REPRESENTATION_CONTEXT('2D SPACE',''
  ) );
#1840 = PCURVE('',#1333,#1841);
#1841 = DEFINITIONAL_REPRESENTATION('',(#1842),#1846);
#1842 = LINE('',#1843,#1844);
#1843 = CARTESIAN_POINT('',(0.,4.712388980385));
#1844 = VECTOR('',#1845,1.);
#1845 = DIRECTION('',(1.,0.));
#1846 = ( GEOMETRIC_REPRESENTATION_CONTEXT(2) 
PARAMETRIC_REPRESENTATION_CONTEXT() REPRESENTATION_CONTEXT('2D SPACE',''
  ) );
#1847 = ADVANCED_FACE('',(#1848),#1333,.T.);
#1848 = FACE_BOUND('',#1849,.T.);
#1849 = EDGE_LOOP('',(#1850,#1851,#1873,#1894,#1895,#1896));
#1850 = ORIENTED_EDGE('',*,*,#1804,.F.);
#1851 = ORIENTED_EDGE('',*,*,#1852,.T.);
#1852 = EDGE_CURVE('',#1783,#1853,#1855,.T.);
#1853 = VERTEX_POINT('',#1854);
#1854 = CARTESIAN_POINT('',(-101.5,-40.,33.));
#1855 = SURFACE_CURVE('',#1856,(#1861,#1867),.PCURVE_S1.);
#1856 = CIRCLE('',#1857,4.);
#1857 = AXIS2_PLACEMENT_3D('',#1858,#1859,#1860);
#1858 = CARTESIAN_POINT('',(-97.5,-40.,33.));
#1859 = DIRECTION('',(0.,-1.,0.));
#1860 = DIRECTION('',(0.,0.,1.));
#1861 = PCURVE('',#1333,#1862);
#1862 = DEFINITIONAL_REPRESENTATION('',(#1863),#1866);
#1863 = B_SPLINE_CURVE_WITH_KNOTS('',1,(#1864,#1865),.UNSPECIFIED.,.F.,
  .F.,(2,2),(0.,6.28318530718),.PIECEWISE_BEZIER_KNOTS.);
#1864 = CARTESIAN_POINT('',(3.14159265359,7.853981633974));
#1865 = CARTESIAN_POINT('',(3.14159265359,1.570796326795));
#1866 = ( GEOMETRIC_REPRESENTATION_CONTEXT(2) 
PARAMETRIC_REPRESENTATION_CONTEXT() REPRESENTATION_CONTEXT('2D SPACE',''
  ) );
#1867 = PCURVE('',#1739,#1868);
#1868 = DEFINITIONAL_REPRESENTATION('',(#1869),#1872);
#1869 = B_SPLINE_CURVE_WITH_KNOTS('',1,(#1870,#1871),.UNSPECIFIED.,.F.,
  .F.,(2,2),(0.,1.570796326795),.PIECEWISE_BEZIER_KNOTS.);
#1870 = CARTESIAN_POINT('',(6.28318530718,80.));
#1871 = CARTESIAN_POINT('',(7.853981633974,80.));
#1872 = ( GEOMETRIC_REPRESENTATION_CONTEXT(2) 
PARAMETRIC_REPRESENTATION_CONTEXT() REPRESENTATION_CONTEXT('2D SPACE',''
  ) );
#1873 = ORIENTED_EDGE('',*,*,#1874,.T.);
#1874 = EDGE_CURVE('',#1853,#1781,#1875,.T.);
#1875 = SURFACE_CURVE('',#1876,(#1881,#1887),.PCURVE_S1.);
#1876 = CIRCLE('',#1877,4.);
#1877 = AXIS2_PLACEMENT_3D('',#1878,#1879,#1880);
#1878 = CARTESIAN_POINT('',(-97.5,-40.,33.));
#1879 = DIRECTION('',(0.,-1.,0.));
#1880 = DIRECTION('',(0.,0.,1.));
#1881 = PCURVE('',#1333,#1882);
#1882 = DEFINITIONAL_REPRESENTATION('',(#1883),#1886);
#1883 = B_SPLINE_CURVE_WITH_KNOTS('',1,(#1884,#1885),.UNSPECIFIED.,.F.,
  .F.,(2,2),(0.,6.28318530718),.PIECEWISE_BEZIER_KNOTS.);
#1884 = CARTESIAN_POINT('',(3.14159265359,7.853981633974));
#1885 = CARTESIAN_POINT('',(3.14159265359,1.570796326795));
#1886 = ( GEOMETRIC_REPRESENTATION_CONTEXT(2) 
PARAMETRIC_REPRESENTATION_CONTEXT() REPRESENTATION_CONTEXT('2D SPACE',''
  ) );
#1887 = PCURVE('',#1713,#1888);
#1888 = DEFINITIONAL_REPRESENTATION('',(#1889),#1893);
#1889 = LINE('',#1890,#1891);
#1890 = CARTESIAN_POINT('',(0.,80.));
#1891 = VECTOR('',#1892,1.);
#1892 = DIRECTION('',(1.,0.));
#1893 = ( GEOMETRIC_REPRESENTATION_CONTEXT(2) 
PARAMETRIC_REPRESENTATION_CONTEXT() REPRESENTATION_CONTEXT('2D SPACE',''
  ) );
#1894 = ORIENTED_EDGE('',*,*,#1826,.T.);
#1895 = ORIENTED_EDGE('',*,*,#1388,.F.);
#1896 = ORIENTED_EDGE('',*,*,#1317,.F.);
#1897 = ADVANCED_FACE('',(#1898),#1452,.T.);
#1898 = FACE_BOUND('',#1899,.T.);
#1899 = EDGE_LOOP('',(#1900,#1901,#1923,#1952,#1981,#2010,#2034,#2056));
#1900 = ORIENTED_EDGE('',*,*,#1437,.F.);
#1901 = ORIENTED_EDGE('',*,*,#1902,.T.);
#1902 = EDGE_CURVE('',#1415,#1903,#1905,.T.);
#1903 = VERTEX_POINT('',#1904);
#1904 = CARTESIAN_POINT('',(135.5,25.,110.));
#1905 = SEAM_CURVE('',#1906,(#1910,#1917),.PCURVE_S1.);
#1906 = LINE('',#1907,#1908);
#1907 = CARTESIAN_POINT('',(115.,25.,110.));
#1908 = VECTOR('',#1909,1.);
#1909 = DIRECTION('',(1.,0.,0.));
#1910 = PCURVE('',#1452,#1911);
#1911 = DEFINITIONAL_REPRESENTATION('',(#1912),#1916);
#1912 = LINE('',#1913,#1914);
#1913 = CARTESIAN_POINT('',(0.,0.));
#1914 = VECTOR('',#1915,1.);
#1915 = DIRECTION('',(0.,1.));
#1916 = ( GEOMETRIC_REPRESENTATION_CONTEXT(2) 
PARAMETRIC_REPRESENTATION_CONTEXT() REPRESENTATION_CONTEXT('2D SPACE',''
  ) );
#1917 = PCURVE('',#1452,#1918);
#1918 = DEFINITIONAL_REPRESENTATION('',(#1919),#1922);
#1919 = B_SPLINE_CURVE_WITH_KNOTS('',1,(#1920,#1921),.UNSPECIFIED.,.F.,
  .F.,(2,2),(0.,20.5),.PIECEWISE_BEZIER_KNOTS.);
#1920 = CARTESIAN_POINT('',(6.28318530718,0.));
#1921 = CARTESIAN_POINT('',(6.28318530718,20.5));
#1922 = ( GEOMETRIC_REPRESENTATION_CONTEXT(2) 
PARAMETRIC_REPRESENTATION_CONTEXT() REPRESENTATION_CONTEXT('2D SPACE',''
  ) );
#1923 = ORIENTED_EDGE('',*,*,#1924,.F.);
#1924 = EDGE_CURVE('',#1925,#1903,#1927,.T.);
#1925 = VERTEX_POINT('',#1926);
#1926 = CARTESIAN_POINT('',(135.5,22.354248688936,111.));
#1927 = SURFACE_CURVE('',#1928,(#1933,#1940),.PCURVE_S1.);
#1928 = CIRCLE('',#1929,4.);
#1929 = AXIS2_PLACEMENT_3D('',#1930,#1931,#1932);
#1930 = CARTESIAN_POINT('',(135.5,25.,114.));
#1931 = DIRECTION('',(1.,0.,0.));
#1932 = DIRECTION('',(0.,0.,-1.));
#1933 = PCURVE('',#1452,#1934);
#1934 = DEFINITIONAL_REPRESENTATION('',(#1935),#1939);
#1935 = LINE('',#1936,#1937);
#1936 = CARTESIAN_POINT('',(0.,20.5));
#1937 = VECTOR('',#1938,1.);
#1938 = DIRECTION('',(1.,0.));
#1939 = ( GEOMETRIC_REPRESENTATION_CONTEXT(2) 
PARAMETRIC_REPRESENTATION_CONTEXT() REPRESENTATION_CONTEXT('2D SPACE',''
  ) );
#1940 = PCURVE('',#1941,#1946);
#1941 = PLANE('',#1942);
#1942 = AXIS2_PLACEMENT_3D('',#1943,#1944,#1945);
#1943 = CARTESIAN_POINT('',(135.5,25.,114.));
#1944 = DIRECTION('',(1.,0.,0.));
#1945 = DIRECTION('',(-0.,0.,1.));
#1946 = DEFINITIONAL_REPRESENTATION('',(#1947),#1951);
#1947 = CIRCLE('',#1948,4.);
#1948 = AXIS2_PLACEMENT_2D('',#1949,#1950);
#1949 = CARTESIAN_POINT('',(0.,0.));
#1950 = DIRECTION('',(-1.,0.));
#1951 = ( GEOMETRIC_REPRESENTATION_CONTEXT(2) 
PARAMETRIC_REPRESENTATION_CONTEXT() REPRESENTATION_CONTEXT('2D SPACE',''
  ) );
#1952 = ORIENTED_EDGE('',*,*,#1953,.F.);
#1953 = EDGE_CURVE('',#1954,#1925,#1956,.T.);
#1954 = VERTEX_POINT('',#1955);
#1955 = CARTESIAN_POINT('',(135.5,22.354248688935,117.));
#1956 = SURFACE_CURVE('',#1957,(#1962,#1969),.PCURVE_S1.);
#1957 = CIRCLE('',#1958,4.);
#1958 = AXIS2_PLACEMENT_3D('',#1959,#1960,#1961);
#1959 = CARTESIAN_POINT('',(135.5,25.,114.));
#1960 = DIRECTION('',(1.,0.,0.));
#1961 = DIRECTION('',(0.,0.,-1.));
#1962 = PCURVE('',#1452,#1963);
#1963 = DEFINITIONAL_REPRESENTATION('',(#1964),#1968);
#1964 = LINE('',#1965,#1966);
#1965 = CARTESIAN_POINT('',(0.,20.5));
#1966 = VECTOR('',#1967,1.);
#1967 = DIRECTION('',(1.,0.));
#1968 = ( GEOMETRIC_REPRESENTATION_CONTEXT(2) 
PARAMETRIC_REPRESENTATION_CONTEXT() REPRESENTATION_CONTEXT('2D SPACE',''
  ) );
#1969 = PCURVE('',#1970,#1975);
#1970 = PLANE('',#1971);
#1971 = AXIS2_PLACEMENT_3D('',#1972,#1973,#1974);
#1972 = CARTESIAN_POINT('',(135.5,25.,114.));
#1973 = DIRECTION('',(1.,0.,0.));
#1974 = DIRECTION('',(-0.,0.,1.));
#1975 = DEFINITIONAL_REPRESENTATION('',(#1976),#1980);
#1976 = CIRCLE('',#1977,4.);
#1977 = AXIS2_PLACEMENT_2D('',#1978,#1979);
#1978 = CARTESIAN_POINT('',(0.,0.));
#1979 = DIRECTION('',(-1.,0.));
#1980 = ( GEOMETRIC_REPRESENTATION_CONTEXT(2) 
PARAMETRIC_REPRESENTATION_CONTEXT() REPRESENTATION_CONTEXT('2D SPACE',''
  ) );
#1981 = ORIENTED_EDGE('',*,*,#1982,.F.);
#1982 = EDGE_CURVE('',#1983,#1954,#1985,.T.);
#1983 = VERTEX_POINT('',#1984);
#1984 = CARTESIAN_POINT('',(135.5,27.645751311065,117.));
#1985 = SURFACE_CURVE('',#1986,(#1991,#1998),.PCURVE_S1.);
#1986 = CIRCLE('',#1987,4.);
#1987 = AXIS2_PLACEMENT_3D('',#1988,#1989,#1990);
#1988 = CARTESIAN_POINT('',(135.5,25.,114.));
#1989 = DIRECTION('',(1.,0.,0.));
#1990 = DIRECTION('',(0.,0.,-1.));
#1991 = PCURVE('',#1452,#1992);
#1992 = DEFINITIONAL_REPRESENTATION('',(#1993),#1997);
#1993 = LINE('',#1994,#1995);
#1994 = CARTESIAN_POINT('',(0.,20.5));
#1995 = VECTOR('',#1996,1.);
#1996 = DIRECTION('',(1.,0.));
#1997 = ( GEOMETRIC_REPRESENTATION_CONTEXT(2) 
PARAMETRIC_REPRESENTATION_CONTEXT() REPRESENTATION_CONTEXT('2D SPACE',''
  ) );
#1998 = PCURVE('',#1999,#2004);
#1999 = PLANE('',#2000);
#2000 = AXIS2_PLACEMENT_3D('',#2001,#2002,#2003);
#2001 = CARTESIAN_POINT('',(135.5,25.,114.));
#2002 = DIRECTION('',(1.,0.,0.));
#2003 = DIRECTION('',(-0.,0.,1.));
#2004 = DEFINITIONAL_REPRESENTATION('',(#2005),#2009);
#2005 = CIRCLE('',#2006,4.);
#2006 = AXIS2_PLACEMENT_2D('',#2007,#2008);
#2007 = CARTESIAN_POINT('',(0.,0.));
#2008 = DIRECTION('',(-1.,0.));
#2009 = ( GEOMETRIC_REPRESENTATION_CONTEXT(2) 
PARAMETRIC_REPRESENTATION_CONTEXT() REPRESENTATION_CONTEXT('2D SPACE',''
  ) );
#2010 = ORIENTED_EDGE('',*,*,#2011,.F.);
#2011 = EDGE_CURVE('',#2012,#1983,#2014,.T.);
#2012 = VERTEX_POINT('',#2013);
#2013 = CARTESIAN_POINT('',(135.5,27.645751311064,111.));
#2014 = SURFACE_CURVE('',#2015,(#2020,#2027),.PCURVE_S1.);
#2015 = CIRCLE('',#2016,4.);
#2016 = AXIS2_PLACEMENT_3D('',#2017,#2018,#2019);
#2017 = CARTESIAN_POINT('',(135.5,25.,114.));
#2018 = DIRECTION('',(1.,0.,0.));
#2019 = DIRECTION('',(0.,0.,-1.));
#2020 = PCURVE('',#1452,#2021);
#2021 = DEFINITIONAL_REPRESENTATION('',(#2022),#2026);
#2022 = LINE('',#2023,#2024);
#2023 = CARTESIAN_POINT('',(0.,20.5));
#2024 = VECTOR('',#2025,1.);
#2025 = DIRECTION('',(1.,0.));
#2026 = ( GEOMETRIC_REPRESENTATION_CONTEXT(2) 
PARAMETRIC_REPRESENTATION_CONTEXT() REPRESENTATION_CONTEXT('2D SPACE',''
  ) );
#2027 = PCURVE('',#1970,#2028);
#2028 = DEFINITIONAL_REPRESENTATION('',(#2029),#2033);
#2029 = CIRCLE('',#2030,4.);
#2030 = AXIS2_PLACEMENT_2D('',#2031,#2032);
#2031 = CARTESIAN_POINT('',(0.,0.));
#2032 = DIRECTION('',(-1.,0.));
#2033 = ( GEOMETRIC_REPRESENTATION_CONTEXT(2) 
PARAMETRIC_REPRESENTATION_CONTEXT() REPRESENTATION_CONTEXT('2D SPACE',''
  ) );
#2034 = ORIENTED_EDGE('',*,*,#2035,.F.);
#2035 = EDGE_CURVE('',#1903,#2012,#2036,.T.);
#2036 = SURFACE_CURVE('',#2037,(#2042,#2049),.PCURVE_S1.);
#2037 = CIRCLE('',#2038,4.);
#2038 = AXIS2_PLACEMENT_3D('',#2039,#2040,#2041);
#2039 = CARTESIAN_POINT('',(135.5,25.,114.));
#2040 = DIRECTION('',(1.,0.,0.));
#2041 = DIRECTION('',(0.,0.,-1.));
#2042 = PCURVE('',#1452,#2043);
#2043 = DEFINITIONAL_REPRESENTATION('',(#2044),#2048);
#2044 = LINE('',#2045,#2046);
#2045 = CARTESIAN_POINT('',(0.,20.5));
#2046 = VECTOR('',#2047,1.);
#2047 = DIRECTION('',(1.,0.));
#2048 = ( GEOMETRIC_REPRESENTATION_CONTEXT(2) 
PARAMETRIC_REPRESENTATION_CONTEXT() REPRESENTATION_CONTEXT('2D SPACE',''
  ) );
#2049 = PCURVE('',#1941,#2050);
#2050 = DEFINITIONAL_REPRESENTATION('',(#2051),#2055);
#2051 = CIRCLE('',#2052,4.);
#2052 = AXIS2_PLACEMENT_2D('',#2053,#2054);
#2053 = CARTESIAN_POINT('',(0.,0.));
#2054 = DIRECTION('',(-1.,0.));
#2055 = ( GEOMETRIC_REPRESENTATION_CONTEXT(2) 
PARAMETRIC_REPRESENTATION_CONTEXT() REPRESENTATION_CONTEXT('2D SPACE',''
  ) );
#2056 = ORIENTED_EDGE('',*,*,#1902,.F.);
#2057 = ADVANCED_FACE('',(#2058),#1485,.F.);
#2058 = FACE_BOUND('',#2059,.F.);
#2059 = EDGE_LOOP('',(#2060,#2237,#2260,#2287,#2288,#2309,#2330,#2353,
    #2374,#2375,#2376,#2398,#2399,#2400,#2568,#2569,#2739,#2758,#2778));
#2060 = ORIENTED_EDGE('',*,*,#2061,.T.);
#2061 = EDGE_CURVE('',#2062,#2064,#2066,.T.);
#2062 = VERTEX_POINT('',#2063);
#2063 = CARTESIAN_POINT('',(135.5,27.720753572083,111.));
#2064 = VERTEX_POINT('',#2065);
#2065 = CARTESIAN_POINT('',(135.5,27.720753572082,117.));
#2066 = SURFACE_CURVE('',#2067,(#2120,#2176),.PCURVE_S1.);
#2067 = B_SPLINE_CURVE_WITH_KNOTS('',6,(#2068,#2069,#2070,#2071,#2072,
    #2073,#2074,#2075,#2076,#2077,#2078,#2079,#2080,#2081,#2082,#2083,
    #2084,#2085,#2086,#2087,#2088,#2089,#2090,#2091,#2092,#2093,#2094,
    #2095,#2096,#2097,#2098,#2099,#2100,#2101,#2102,#2103,#2104,#2105,
    #2106,#2107,#2108,#2109,#2110,#2111,#2112,#2113,#2114,#2115,#2116,
    #2117,#2118,#2119),.UNSPECIFIED.,.F.,.F.,(7,5,5,5,5,5,5,5,5,5,7),(0.
    ,9.780904744373E-02,0.215650050039,0.34103467971,0.432804987741,
    0.500406868267,0.567579353485,0.657079786843,0.78594966927,
    0.903822141761,1.),.UNSPECIFIED.);
#2068 = CARTESIAN_POINT('',(135.50000060003,27.720753572083,111.));
#2069 = CARTESIAN_POINT('',(135.35678142806,27.720753540495,
    110.99999997135));
#2070 = CARTESIAN_POINT('',(135.21400232013,27.729800089752,
    111.00820451814));
#2071 = CARTESIAN_POINT('',(135.07224091274,27.747790354514,
    111.02451988938));
#2072 = CARTESIAN_POINT('',(134.93213193198,27.774147326964,
    111.04879712145));
#2073 = CARTESIAN_POINT('',(134.79447113103,27.807816871749,
    111.08079462644));
#2074 = CARTESIAN_POINT('',(134.49865807213,27.895052451749,
    111.16703957913));
#2075 = CARTESIAN_POINT('',(134.34163107992,27.951414432257,
    111.2246335993));
#2076 = CARTESIAN_POINT('',(134.18921584052,28.014634201944,
    111.29229868888));
#2077 = CARTESIAN_POINT('',(134.04153841395,28.082952467744,
    111.36989726582));
#2078 = CARTESIAN_POINT('',(133.89885357819,28.154802500492,
    111.45741802742));
#2079 = CARTESIAN_POINT('',(133.61541136786,28.307418014963,
    111.65895959909));
#2080 = CARTESIAN_POINT('',(133.47532193728,28.388481745359,
    111.77434686513));
#2081 = CARTESIAN_POINT('',(133.34131252947,28.470416951169,
    111.90176524245));
#2082 = CARTESIAN_POINT('',(133.21393406617,28.551785307651,
    112.04206972951));
#2083 = CARTESIAN_POINT('',(133.09435165326,28.630859607989,
    112.19626124852));
#2084 = CARTESIAN_POINT('',(132.90415091001,28.759979942642,
    112.48893217333));
#2085 = CARTESIAN_POINT('',(132.82875963324,28.812288228054,
    112.62091227295));
#2086 = CARTESIAN_POINT('',(132.7594322813,28.861271310158,
    112.76125420974));
#2087 = CARTESIAN_POINT('',(132.69733360153,28.905779373809,
    112.90993473244));
#2088 = CARTESIAN_POINT('',(132.6437440617,28.944591954968,
    113.0668058062));
#2089 = CARTESIAN_POINT('',(132.56792673705,28.999883676237,
    113.35292211396));
#2090 = CARTESIAN_POINT('',(132.54115667182,29.019553042242,
    113.47856371251));
#2091 = CARTESIAN_POINT('',(132.5205660948,29.034764338224,
    113.6075207807));
#2092 = CARTESIAN_POINT('',(132.50669042764,29.045044649822,
    113.7387932072));
#2093 = CARTESIAN_POINT('',(132.49981894809,29.050134112467,
    113.87135314429));
#2094 = CARTESIAN_POINT('',(132.5001856382,29.049862490275,
    114.13611325412));
#2095 = CARTESIAN_POINT('',(132.5073337072,29.044568118145,
    114.26778068962));
#2096 = CARTESIAN_POINT('',(132.52138759968,29.034157145016,
    114.39813579027));
#2097 = CARTESIAN_POINT('',(132.54205716105,29.018890084171,
    114.52617486985));
#2098 = CARTESIAN_POINT('',(132.56881366984,28.999233891759,
    114.65092161016));
#2099 = CARTESIAN_POINT('',(132.64360961614,28.944694041681,
    114.93201051553));
#2100 = CARTESIAN_POINT('',(132.69577779149,28.906911768287,
    115.08511513092));
#2101 = CARTESIAN_POINT('',(132.75607077539,28.86368696458,
    115.2304463938));
#2102 = CARTESIAN_POINT('',(132.82329340178,28.816157267255,
    115.36784559566));
#2103 = CARTESIAN_POINT('',(132.89634723001,28.765401935921,
    115.49726862888));
#2104 = CARTESIAN_POINT('',(133.08631510203,28.636155147224,
    115.79368130855));
#2105 = CARTESIAN_POINT('',(133.20887241516,28.554953927333,
    115.9529106301));
#2106 = CARTESIAN_POINT('',(133.33970148602,28.471271369771,
    116.09742339918));
#2107 = CARTESIAN_POINT('',(133.47752460616,28.386988414551,
    116.22831272818));
#2108 = CARTESIAN_POINT('',(133.62174995828,28.303658900263,
    116.34650956088));
#2109 = CARTESIAN_POINT('',(133.9100799912,28.149099099757,
    116.54961580484));
#2110 = CARTESIAN_POINT('',(134.05318154987,28.077423076068,
    116.63653119678));
#2111 = CARTESIAN_POINT('',(134.20127534835,28.009360657774,
    116.7135177737));
#2112 = CARTESIAN_POINT('',(134.35410078166,27.946494254654,
    116.78055167321));
#2113 = CARTESIAN_POINT('',(134.51152693592,27.890595463013,
    116.83748687015));
#2114 = CARTESIAN_POINT('',(134.80577036097,27.805076063554,
    116.92180770697));
#2115 = CARTESIAN_POINT('',(134.94132311458,27.772432532553,
    116.95278213824));
#2116 = CARTESIAN_POINT('',(135.07922043332,27.746910748611,
    116.97627781035));
#2117 = CARTESIAN_POINT('',(135.21869899637,27.729503879302,
    116.99206412852));
#2118 = CARTESIAN_POINT('',(135.35914568067,27.720753572083,117.));
#2119 = CARTESIAN_POINT('',(135.5,27.720753572083,117.));
#2120 = PCURVE('',#1485,#2121);
#2121 = DEFINITIONAL_REPRESENTATION('',(#2122),#2175);
#2122 = B_SPLINE_CURVE_WITH_KNOTS('',6,(#2123,#2124,#2125,#2126,#2127,
    #2128,#2129,#2130,#2131,#2132,#2133,#2134,#2135,#2136,#2137,#2138,
    #2139,#2140,#2141,#2142,#2143,#2144,#2145,#2146,#2147,#2148,#2149,
    #2150,#2151,#2152,#2153,#2154,#2155,#2156,#2157,#2158,#2159,#2160,
    #2161,#2162,#2163,#2164,#2165,#2166,#2167,#2168,#2169,#2170,#2171,
    #2172,#2173,#2174),.UNSPECIFIED.,.F.,.F.,(7,5,5,5,5,5,5,5,5,5,7),(0.
    ,9.780904744373E-02,0.215650050039,0.34103467971,0.432804987741,
    0.500406868267,0.567579353485,0.657079786843,0.78594966927,
    0.903822141761,1.),.UNSPECIFIED.);
#2123 = CARTESIAN_POINT('',(3.141592453567,53.220753572083));
#2124 = CARTESIAN_POINT('',(3.189332177557,53.220753540495));
#2125 = CARTESIAN_POINT('',(3.236925141424,53.229800089752));
#2126 = CARTESIAN_POINT('',(3.284375133658,53.247790354514));
#2127 = CARTESIAN_POINT('',(3.331658732281,53.274147326964));
#2128 = CARTESIAN_POINT('',(3.37869683241,53.307816871749));
#2129 = CARTESIAN_POINT('',(3.481406540747,53.395052451749));
#2130 = CARTESIAN_POINT('',(3.537030322167,53.451414432257));
#2131 = CARTESIAN_POINT('',(3.592435569655,53.514634201944));
#2132 = CARTESIAN_POINT('',(3.647861281864,53.582952467744));
#2133 = CARTESIAN_POINT('',(3.703528902808,53.654802500492));
#2134 = CARTESIAN_POINT('',(3.819459193984,53.807418014963));
#2135 = CARTESIAN_POINT('',(3.879804548239,53.888481745359));
#2136 = CARTESIAN_POINT('',(3.941205810235,53.970416951169));
#2137 = CARTESIAN_POINT('',(4.004102488541,54.051785307651));
#2138 = CARTESIAN_POINT('',(4.068919453869,54.130859607989));
#2139 = CARTESIAN_POINT('',(4.185267873596,54.259979942642));
#2140 = CARTESIAN_POINT('',(4.235849595508,54.312288228054));
#2141 = CARTESIAN_POINT('',(4.287881958566,54.361271310158));
#2142 = CARTESIAN_POINT('',(4.341419967621,54.405779373809));
#2143 = CARTESIAN_POINT('',(4.396541732854,54.444591954968));
#2144 = CARTESIAN_POINT('',(4.495205476212,54.499883676237));
#2145 = CARTESIAN_POINT('',(4.537974488416,54.519553042242));
#2146 = CARTESIAN_POINT('',(4.581416064443,54.534764338224));
#2147 = CARTESIAN_POINT('',(4.625323206615,54.545044649822));
#2148 = CARTESIAN_POINT('',(4.669506653135,54.550134112467));
#2149 = CARTESIAN_POINT('',(4.757760107721,54.549862490275));
#2150 = CARTESIAN_POINT('',(4.801652525521,54.544568118145));
#2151 = CARTESIAN_POINT('',(4.845263831242,54.534157145016));
#2152 = CARTESIAN_POINT('',(4.888409287274,54.518890084171));
#2153 = CARTESIAN_POINT('',(4.930886687344,54.499233891759));
#2154 = CARTESIAN_POINT('',(5.02784338232,54.444694041681));
#2155 = CARTESIAN_POINT('',(5.081633952529,54.406911768287));
#2156 = CARTESIAN_POINT('',(5.13392175517,54.36368696458));
#2157 = CARTESIAN_POINT('',(5.184773697138,54.316157267255));
#2158 = CARTESIAN_POINT('',(5.234234793735,54.265401935921));
#2159 = CARTESIAN_POINT('',(5.351589085931,54.136155147224));
#2160 = CARTESIAN_POINT('',(5.418319302403,54.054953927333));
#2161 = CARTESIAN_POINT('',(5.483004242611,53.971271369771));
#2162 = CARTESIAN_POINT('',(5.546104291839,53.886988414551));
#2163 = CARTESIAN_POINT('',(5.608096564073,53.803658900263));
#2164 = CARTESIAN_POINT('',(5.725658062977,53.649099099757));
#2165 = CARTESIAN_POINT('',(5.781339210038,53.577423076068));
#2166 = CARTESIAN_POINT('',(5.836793134233,53.509360657774));
#2167 = CARTESIAN_POINT('',(5.892238106688,53.446494254654));
#2168 = CARTESIAN_POINT('',(5.947911320807,53.390595463013));
#2169 = CARTESIAN_POINT('',(6.049940290934,53.305076063554));
#2170 = CARTESIAN_POINT('',(6.096220438499,53.272432532553));
#2171 = CARTESIAN_POINT('',(6.142738899429,53.246910748611));
#2172 = CARTESIAN_POINT('',(6.189418370996,53.229503879302));
#2173 = CARTESIAN_POINT('',(6.236233867406,53.220753572083));
#2174 = CARTESIAN_POINT('',(6.28318530718,53.220753572083));
#2175 = ( GEOMETRIC_REPRESENTATION_CONTEXT(2) 
PARAMETRIC_REPRESENTATION_CONTEXT() REPRESENTATION_CONTEXT('2D SPACE',''
  ) );
#2176 = PCURVE('',#2177,#2182);
#2177 = CYLINDRICAL_SURFACE('',#2178,4.05);
#2178 = AXIS2_PLACEMENT_3D('',#2179,#2180,#2181);
#2179 = CARTESIAN_POINT('',(129.5,25.,114.));
#2180 = DIRECTION('',(1.,0.,0.));
#2181 = DIRECTION('',(-0.,0.,1.));
#2182 = DEFINITIONAL_REPRESENTATION('',(#2183),#2236);
#2183 = B_SPLINE_CURVE_WITH_KNOTS('',6,(#2184,#2185,#2186,#2187,#2188,
    #2189,#2190,#2191,#2192,#2193,#2194,#2195,#2196,#2197,#2198,#2199,
    #2200,#2201,#2202,#2203,#2204,#2205,#2206,#2207,#2208,#2209,#2210,
    #2211,#2212,#2213,#2214,#2215,#2216,#2217,#2218,#2219,#2220,#2221,
    #2222,#2223,#2224,#2225,#2226,#2227,#2228,#2229,#2230,#2231,#2232,
    #2233,#2234,#2235),.UNSPECIFIED.,.F.,.F.,(7,5,5,5,5,5,5,5,5,5,7),(0.
    ,9.780904744373E-02,0.215650050039,0.34103467971,0.432804987741,
    0.500406868267,0.567579353485,0.657079786843,0.78594966927,
    0.903822141761,1.),.UNSPECIFIED.);
#2184 = CARTESIAN_POINT('',(3.878216655609,6.0000006));
#2185 = CARTESIAN_POINT('',(3.87821664508,5.856781428028));
#2186 = CARTESIAN_POINT('',(3.881232139231,5.714002320276));
#2187 = CARTESIAN_POINT('',(3.887229000411,5.572240912596));
#2188 = CARTESIAN_POINT('',(3.896076237456,5.432131932039));
#2189 = CARTESIAN_POINT('',(3.907542768162,5.294471131034));
#2190 = CARTESIAN_POINT('',(3.937831968415,4.99865807213));
#2191 = CARTESIAN_POINT('',(3.957726510259,4.841631079924));
#2192 = CARTESIAN_POINT('',(3.98058147259,4.689215840523));
#2193 = CARTESIAN_POINT('',(4.006089359222,4.541538413956));
#2194 = CARTESIAN_POINT('',(4.034027266577,4.398853578191));
#2195 = CARTESIAN_POINT('',(4.096448318861,4.115411367861));
#2196 = CARTESIAN_POINT('',(4.131244952355,3.975321937285));
#2197 = CARTESIAN_POINT('',(4.168599644298,3.841312529472));
#2198 = CARTESIAN_POINT('',(4.20857540532,3.713934066173));
#2199 = CARTESIAN_POINT('',(4.251289039779,3.594351653266));
#2200 = CARTESIAN_POINT('',(4.330273730559,3.404150910018));
#2201 = CARTESIAN_POINT('',(4.365302042247,3.328759633249));
#2202 = CARTESIAN_POINT('',(4.401954869274,3.259432281305));
#2203 = CARTESIAN_POINT('',(4.440212393051,3.197333601537));
#2204 = CARTESIAN_POINT('',(4.480060723452,3.143744061705));
#2205 = CARTESIAN_POINT('',(4.552013779328,3.067926737054));
#2206 = CARTESIAN_POINT('',(4.583394405083,3.041156671821));
#2207 = CARTESIAN_POINT('',(4.615420889669,3.0205660948));
#2208 = CARTESIAN_POINT('',(4.647894822063,3.006690427649));
#2209 = CARTESIAN_POINT('',(4.680624307578,2.99981894809));
#2210 = CARTESIAN_POINT('',(4.745997208605,3.000185638208));
#2211 = CARTESIAN_POINT('',(4.778508956243,3.007333707203));
#2212 = CARTESIAN_POINT('',(4.810760423339,3.021387599681));
#2213 = CARTESIAN_POINT('',(4.842564195133,3.042057161055));
#2214 = CARTESIAN_POINT('',(4.873726442221,3.06881366984));
#2215 = CARTESIAN_POINT('',(4.94442550907,3.143609616148));
#2216 = CARTESIAN_POINT('',(4.983313951642,3.19577779149));
#2217 = CARTESIAN_POINT('',(5.02069273243,3.25607077539));
#2218 = CARTESIAN_POINT('',(5.056544468764,3.32329340178));
#2219 = CARTESIAN_POINT('',(5.090846217479,3.396347230014));
#2220 = CARTESIAN_POINT('',(5.170689536485,3.586315102031));
#2221 = CARTESIAN_POINT('',(5.214742138928,3.708872415164));
#2222 = CARTESIAN_POINT('',(5.255896976379,3.839701486028));
#2223 = CARTESIAN_POINT('',(5.294282019673,3.977524606169));
#2224 = CARTESIAN_POINT('',(5.32996645518,4.121749958284));
#2225 = CARTESIAN_POINT('',(5.392985494972,4.410079991204));
#2226 = CARTESIAN_POINT('',(5.420780957967,4.553181549877));
#2227 = CARTESIAN_POINT('',(5.446134058438,4.701275348354));
#2228 = CARTESIAN_POINT('',(5.468815911079,4.854100781667));
#2229 = CARTESIAN_POINT('',(5.488514339911,5.011526935926));
#2230 = CARTESIAN_POINT('',(5.518168209836,5.305770360975));
#2231 = CARTESIAN_POINT('',(5.529277285778,5.441323114585));
#2232 = CARTESIAN_POINT('',(5.537842171224,5.57922043332));
#2233 = CARTESIAN_POINT('',(5.543644555958,5.718698996376));
#2234 = CARTESIAN_POINT('',(5.54656130516,5.859145680679));
#2235 = CARTESIAN_POINT('',(5.54656130516,6.));
#2236 = ( GEOMETRIC_REPRESENTATION_CONTEXT(2) 
PARAMETRIC_REPRESENTATION_CONTEXT() REPRESENTATION_CONTEXT('2D SPACE',''
  ) );
#2237 = ORIENTED_EDGE('',*,*,#2238,.T.);
#2238 = EDGE_CURVE('',#2064,#2239,#2241,.T.);
#2239 = VERTEX_POINT('',#2240);
#2240 = CARTESIAN_POINT('',(135.5,30.,117.));
#2241 = SEAM_CURVE('',#2242,(#2246,#2253),.PCURVE_S1.);
#2242 = LINE('',#2243,#2244);
#2243 = CARTESIAN_POINT('',(135.5,-25.5,117.));
#2244 = VECTOR('',#2245,1.);
#2245 = DIRECTION('',(0.,1.,0.));
#2246 = PCURVE('',#1485,#2247);
#2247 = DEFINITIONAL_REPRESENTATION('',(#2248),#2252);
#2248 = LINE('',#2249,#2250);
#2249 = CARTESIAN_POINT('',(0.,-0.));
#2250 = VECTOR('',#2251,1.);
#2251 = DIRECTION('',(0.,1.));
#2252 = ( GEOMETRIC_REPRESENTATION_CONTEXT(2) 
PARAMETRIC_REPRESENTATION_CONTEXT() REPRESENTATION_CONTEXT('2D SPACE',''
  ) );
#2253 = PCURVE('',#1485,#2254);
#2254 = DEFINITIONAL_REPRESENTATION('',(#2255),#2259);
#2255 = LINE('',#2256,#2257);
#2256 = CARTESIAN_POINT('',(6.28318530718,-0.));
#2257 = VECTOR('',#2258,1.);
#2258 = DIRECTION('',(0.,1.));
#2259 = ( GEOMETRIC_REPRESENTATION_CONTEXT(2) 
PARAMETRIC_REPRESENTATION_CONTEXT() REPRESENTATION_CONTEXT('2D SPACE',''
  ) );
#2260 = ORIENTED_EDGE('',*,*,#2261,.F.);
#2261 = EDGE_CURVE('',#2239,#2239,#2262,.T.);
#2262 = SURFACE_CURVE('',#2263,(#2268,#2275),.PCURVE_S1.);
#2263 = CIRCLE('',#2264,3.);
#2264 = AXIS2_PLACEMENT_3D('',#2265,#2266,#2267);
#2265 = CARTESIAN_POINT('',(135.5,30.,114.));
#2266 = DIRECTION('',(0.,1.,0.));
#2267 = DIRECTION('',(0.,-0.,1.));
#2268 = PCURVE('',#1485,#2269);
#2269 = DEFINITIONAL_REPRESENTATION('',(#2270),#2274);
#2270 = LINE('',#2271,#2272);
#2271 = CARTESIAN_POINT('',(0.,55.5));
#2272 = VECTOR('',#2273,1.);
#2273 = DIRECTION('',(1.,0.));
#2274 = ( GEOMETRIC_REPRESENTATION_CONTEXT(2) 
PARAMETRIC_REPRESENTATION_CONTEXT() REPRESENTATION_CONTEXT('2D SPACE',''
  ) );
#2275 = PCURVE('',#2276,#2281);
#2276 = PLANE('',#2277);
#2277 = AXIS2_PLACEMENT_3D('',#2278,#2279,#2280);
#2278 = CARTESIAN_POINT('',(130.5,30.,104.));
#2279 = DIRECTION('',(-0.,1.,0.));
#2280 = DIRECTION('',(0.,0.,1.));
#2281 = DEFINITIONAL_REPRESENTATION('',(#2282),#2286);
#2282 = CIRCLE('',#2283,3.);
#2283 = AXIS2_PLACEMENT_2D('',#2284,#2285);
#2284 = CARTESIAN_POINT('',(10.,5.));
#2285 = DIRECTION('',(1.,0.));
#2286 = ( GEOMETRIC_REPRESENTATION_CONTEXT(2) 
PARAMETRIC_REPRESENTATION_CONTEXT() REPRESENTATION_CONTEXT('2D SPACE',''
  ) );
#2287 = ORIENTED_EDGE('',*,*,#2238,.F.);
#2288 = ORIENTED_EDGE('',*,*,#2289,.F.);
#2289 = EDGE_CURVE('',#1983,#2064,#2290,.T.);
#2290 = SURFACE_CURVE('',#2291,(#2295,#2302),.PCURVE_S1.);
#2291 = LINE('',#2292,#2293);
#2292 = CARTESIAN_POINT('',(135.5,-25.5,117.));
#2293 = VECTOR('',#2294,1.);
#2294 = DIRECTION('',(0.,1.,0.));
#2295 = PCURVE('',#1485,#2296);
#2296 = DEFINITIONAL_REPRESENTATION('',(#2297),#2301);
#2297 = LINE('',#2298,#2299);
#2298 = CARTESIAN_POINT('',(0.,-0.));
#2299 = VECTOR('',#2300,1.);
#2300 = DIRECTION('',(0.,1.));
#2301 = ( GEOMETRIC_REPRESENTATION_CONTEXT(2) 
PARAMETRIC_REPRESENTATION_CONTEXT() REPRESENTATION_CONTEXT('2D SPACE',''
  ) );
#2302 = PCURVE('',#1999,#2303);
#2303 = DEFINITIONAL_REPRESENTATION('',(#2304),#2308);
#2304 = LINE('',#2305,#2306);
#2305 = CARTESIAN_POINT('',(3.,50.5));
#2306 = VECTOR('',#2307,1.);
#2307 = DIRECTION('',(0.,-1.));
#2308 = ( GEOMETRIC_REPRESENTATION_CONTEXT(2) 
PARAMETRIC_REPRESENTATION_CONTEXT() REPRESENTATION_CONTEXT('2D SPACE',''
  ) );
#2309 = ORIENTED_EDGE('',*,*,#2310,.F.);
#2310 = EDGE_CURVE('',#1954,#1983,#2311,.T.);
#2311 = SURFACE_CURVE('',#2312,(#2316,#2323),.PCURVE_S1.);
#2312 = LINE('',#2313,#2314);
#2313 = CARTESIAN_POINT('',(135.5,-25.5,117.));
#2314 = VECTOR('',#2315,1.);
#2315 = DIRECTION('',(0.,1.,0.));
#2316 = PCURVE('',#1485,#2317);
#2317 = DEFINITIONAL_REPRESENTATION('',(#2318),#2322);
#2318 = LINE('',#2319,#2320);
#2319 = CARTESIAN_POINT('',(0.,-0.));
#2320 = VECTOR('',#2321,1.);
#2321 = DIRECTION('',(0.,1.));
#2322 = ( GEOMETRIC_REPRESENTATION_CONTEXT(2) 
PARAMETRIC_REPRESENTATION_CONTEXT() REPRESENTATION_CONTEXT('2D SPACE',''
  ) );
#2323 = PCURVE('',#1970,#2324);
#2324 = DEFINITIONAL_REPRESENTATION('',(#2325),#2329);
#2325 = LINE('',#2326,#2327);
#2326 = CARTESIAN_POINT('',(3.,50.5));
#2327 = VECTOR('',#2328,1.);
#2328 = DIRECTION('',(0.,-1.));
#2329 = ( GEOMETRIC_REPRESENTATION_CONTEXT(2) 
PARAMETRIC_REPRESENTATION_CONTEXT() REPRESENTATION_CONTEXT('2D SPACE',''
  ) );
#2330 = ORIENTED_EDGE('',*,*,#2331,.F.);
#2331 = EDGE_CURVE('',#2332,#1954,#2334,.T.);
#2332 = VERTEX_POINT('',#2333);
#2333 = CARTESIAN_POINT('',(135.5,22.279246427918,117.));
#2334 = SURFACE_CURVE('',#2335,(#2339,#2346),.PCURVE_S1.);
#2335 = LINE('',#2336,#2337);
#2336 = CARTESIAN_POINT('',(135.5,-25.5,117.));
#2337 = VECTOR('',#2338,1.);
#2338 = DIRECTION('',(0.,1.,0.));
#2339 = PCURVE('',#1485,#2340);
#2340 = DEFINITIONAL_REPRESENTATION('',(#2341),#2345);
#2341 = LINE('',#2342,#2343);
#2342 = CARTESIAN_POINT('',(0.,-0.));
#2343 = VECTOR('',#2344,1.);
#2344 = DIRECTION('',(0.,1.));
#2345 = ( GEOMETRIC_REPRESENTATION_CONTEXT(2) 
PARAMETRIC_REPRESENTATION_CONTEXT() REPRESENTATION_CONTEXT('2D SPACE',''
  ) );
#2346 = PCURVE('',#1999,#2347);
#2347 = DEFINITIONAL_REPRESENTATION('',(#2348),#2352);
#2348 = LINE('',#2349,#2350);
#2349 = CARTESIAN_POINT('',(3.,50.5));
#2350 = VECTOR('',#2351,1.);
#2351 = DIRECTION('',(0.,-1.));
#2352 = ( GEOMETRIC_REPRESENTATION_CONTEXT(2) 
PARAMETRIC_REPRESENTATION_CONTEXT() REPRESENTATION_CONTEXT('2D SPACE',''
  ) );
#2353 = ORIENTED_EDGE('',*,*,#2354,.F.);
#2354 = EDGE_CURVE('',#1470,#2332,#2355,.T.);
#2355 = SEAM_CURVE('',#2356,(#2360,#2367),.PCURVE_S1.);
#2356 = LINE('',#2357,#2358);
#2357 = CARTESIAN_POINT('',(135.5,-25.5,117.));
#2358 = VECTOR('',#2359,1.);
#2359 = DIRECTION('',(0.,1.,0.));
#2360 = PCURVE('',#1485,#2361);
#2361 = DEFINITIONAL_REPRESENTATION('',(#2362),#2366);
#2362 = LINE('',#2363,#2364);
#2363 = CARTESIAN_POINT('',(6.28318530718,-0.));
#2364 = VECTOR('',#2365,1.);
#2365 = DIRECTION('',(0.,1.));
#2366 = ( GEOMETRIC_REPRESENTATION_CONTEXT(2) 
PARAMETRIC_REPRESENTATION_CONTEXT() REPRESENTATION_CONTEXT('2D SPACE',''
  ) );
#2367 = PCURVE('',#1485,#2368);
#2368 = DEFINITIONAL_REPRESENTATION('',(#2369),#2373);
#2369 = LINE('',#2370,#2371);
#2370 = CARTESIAN_POINT('',(0.,-0.));
#2371 = VECTOR('',#2372,1.);
#2372 = DIRECTION('',(0.,1.));
#2373 = ( GEOMETRIC_REPRESENTATION_CONTEXT(2) 
PARAMETRIC_REPRESENTATION_CONTEXT() REPRESENTATION_CONTEXT('2D SPACE',''
  ) );
#2374 = ORIENTED_EDGE('',*,*,#1469,.F.);
#2375 = ORIENTED_EDGE('',*,*,#1596,.F.);
#2376 = ORIENTED_EDGE('',*,*,#2377,.T.);
#2377 = EDGE_CURVE('',#1597,#1574,#2378,.T.);
#2378 = SURFACE_CURVE('',#2379,(#2384,#2391),.PCURVE_S1.);
#2379 = CIRCLE('',#2380,3.);
#2380 = AXIS2_PLACEMENT_3D('',#2381,#2382,#2383);
#2381 = CARTESIAN_POINT('',(135.5,-25.5,114.));
#2382 = DIRECTION('',(0.,1.,0.));
#2383 = DIRECTION('',(0.,-0.,1.));
#2384 = PCURVE('',#1485,#2385);
#2385 = DEFINITIONAL_REPRESENTATION('',(#2386),#2390);
#2386 = LINE('',#2387,#2388);
#2387 = CARTESIAN_POINT('',(0.,0.));
#2388 = VECTOR('',#2389,1.);
#2389 = DIRECTION('',(1.,0.));
#2390 = ( GEOMETRIC_REPRESENTATION_CONTEXT(2) 
PARAMETRIC_REPRESENTATION_CONTEXT() REPRESENTATION_CONTEXT('2D SPACE',''
  ) );
#2391 = PCURVE('',#1633,#2392);
#2392 = DEFINITIONAL_REPRESENTATION('',(#2393),#2397);
#2393 = CIRCLE('',#2394,3.);
#2394 = AXIS2_PLACEMENT_2D('',#2395,#2396);
#2395 = CARTESIAN_POINT('',(0.,0.));
#2396 = DIRECTION('',(1.,0.));
#2397 = ( GEOMETRIC_REPRESENTATION_CONTEXT(2) 
PARAMETRIC_REPRESENTATION_CONTEXT() REPRESENTATION_CONTEXT('2D SPACE',''
  ) );
#2398 = ORIENTED_EDGE('',*,*,#1573,.T.);
#2399 = ORIENTED_EDGE('',*,*,#1550,.T.);
#2400 = ORIENTED_EDGE('',*,*,#2401,.T.);
#2401 = EDGE_CURVE('',#1527,#1470,#2402,.T.);
#2402 = SURFACE_CURVE('',#2403,(#2456,#2512),.PCURVE_S1.);
#2403 = B_SPLINE_CURVE_WITH_KNOTS('',6,(#2404,#2405,#2406,#2407,#2408,
    #2409,#2410,#2411,#2412,#2413,#2414,#2415,#2416,#2417,#2418,#2419,
    #2420,#2421,#2422,#2423,#2424,#2425,#2426,#2427,#2428,#2429,#2430,
    #2431,#2432,#2433,#2434,#2435,#2436,#2437,#2438,#2439,#2440,#2441,
    #2442,#2443,#2444,#2445,#2446,#2447,#2448,#2449,#2450,#2451,#2452,
    #2453,#2454,#2455),.UNSPECIFIED.,.F.,.F.,(7,5,5,5,5,5,5,5,5,5,7),(0.
    ,9.800279897963E-02,0.216077234737,0.341710240864,0.433662338193,
    0.545301385691,0.608417329702,0.659712457714,0.78567884008,
    0.903413409054,1.),.UNSPECIFIED.);
#2404 = CARTESIAN_POINT('',(135.50000060003,-22.27924642791,111.));
#2405 = CARTESIAN_POINT('',(135.35678142806,-22.2792464595,
    110.99999997135));
#2406 = CARTESIAN_POINT('',(135.21400232013,-22.27019991024,
    111.00820451814));
#2407 = CARTESIAN_POINT('',(135.07224091274,-22.25220964548,
    111.02451988938));
#2408 = CARTESIAN_POINT('',(134.93213193198,-22.22585267303,
    111.04879712145));
#2409 = CARTESIAN_POINT('',(134.79447113103,-22.19218312825,
    111.08079462644));
#2410 = CARTESIAN_POINT('',(134.49865807213,-22.10494754825,
    111.16703957913));
#2411 = CARTESIAN_POINT('',(134.34163107992,-22.04858556774,
    111.2246335993));
#2412 = CARTESIAN_POINT('',(134.18921584052,-21.98536579805,
    111.29229868888));
#2413 = CARTESIAN_POINT('',(134.04153841395,-21.91704753225,
    111.36989726582));
#2414 = CARTESIAN_POINT('',(133.89885357819,-21.8451974995,
    111.45741802742));
#2415 = CARTESIAN_POINT('',(133.61541136786,-21.69258198503,
    111.65895959909));
#2416 = CARTESIAN_POINT('',(133.47532193728,-21.61151825464,
    111.77434686513));
#2417 = CARTESIAN_POINT('',(133.34131252947,-21.52958304883,
    111.90176524245));
#2418 = CARTESIAN_POINT('',(133.21393406617,-21.44821469234,
    112.04206972951));
#2419 = CARTESIAN_POINT('',(133.09435165326,-21.36914039201,
    112.19626124852));
#2420 = CARTESIAN_POINT('',(132.90415091001,-21.24002005735,
    112.48893217333));
#2421 = CARTESIAN_POINT('',(132.82875963324,-21.18771177194,
    112.62091227295));
#2422 = CARTESIAN_POINT('',(132.7594322813,-21.13872868984,
    112.76125420974));
#2423 = CARTESIAN_POINT('',(132.69733360153,-21.09422062619,
    112.90993473244));
#2424 = CARTESIAN_POINT('',(132.6437440617,-21.05540804503,
    113.0668058062));
#2425 = CARTESIAN_POINT('',(132.54708215593,-20.98491488036,
    113.43158453861));
#2426 = CARTESIAN_POINT('',(132.50848978823,-20.95637334824,
    113.64408843882));
#2427 = CARTESIAN_POINT('',(132.48831772495,-20.9412913379,
    113.86410297665));
#2428 = CARTESIAN_POINT('',(132.4882607187,-20.94129142623,
    114.08629469846));
#2429 = CARTESIAN_POINT('',(132.50792692984,-20.95594487418,
    114.30524741868));
#2430 = CARTESIAN_POINT('',(132.56544612523,-20.99826181929,
    114.63481754797));
#2431 = CARTESIAN_POINT('',(132.59164794095,-21.01747930558,
    114.75097992439));
#2432 = CARTESIAN_POINT('',(132.62286284108,-21.04026712083,
    114.86389476196));
#2433 = CARTESIAN_POINT('',(132.65863283446,-21.06620866247,
    114.97321586317));
#2434 = CARTESIAN_POINT('',(132.69845090283,-21.09484282798,
    115.07863178166));
#2435 = CARTESIAN_POINT('',(132.77694940006,-21.15072815536,
    115.26214233174));
#2436 = CARTESIAN_POINT('',(132.81449306222,-21.1772673892,
    115.34176599661));
#2437 = CARTESIAN_POINT('',(132.85417415131,-21.2050861724,
    115.41875818069));
#2438 = CARTESIAN_POINT('',(132.89580106843,-21.23399386958,
    115.49314845629));
#2439 = CARTESIAN_POINT('',(132.93920256753,-21.26381335689,
    115.56497528885));
#2440 = CARTESIAN_POINT('',(133.09479616873,-21.36944702107,
    115.80449164741));
#2441 = CARTESIAN_POINT('',(133.21526771486,-21.44910182974,
    115.95969348824));
#2442 = CARTESIAN_POINT('',(133.3436345255,-21.53107116711,
    116.10081815238));
#2443 = CARTESIAN_POINT('',(133.47871104094,-21.61359388079,
    116.2288874406));
#2444 = CARTESIAN_POINT('',(133.61994124413,-21.69520398596,
    116.34477161203));
#2445 = CARTESIAN_POINT('',(133.90498655477,-21.84832167832,
    116.54644626381));
#2446 = CARTESIAN_POINT('',(134.0480691312,-21.92016246648,
    116.63373653968));
#2447 = CARTESIAN_POINT('',(134.19615583654,-21.9884179422,
    116.71107790061));
#2448 = CARTESIAN_POINT('',(134.34898752137,-22.05150699609,
    116.77845176862));
#2449 = CARTESIAN_POINT('',(134.50643492121,-22.10765688776,
    116.83571520976));
#2450 = CARTESIAN_POINT('',(134.80146272417,-22.19388408513,
    116.92082086945));
#2451 = CARTESIAN_POINT('',(134.93781939769,-22.22691704165,
    116.9521832107));
#2452 = CARTESIAN_POINT('',(135.07655960725,-22.25275559332,
    116.97597522195));
#2453 = CARTESIAN_POINT('',(135.21690814148,-22.27038372851,
    116.99196219477));
#2454 = CARTESIAN_POINT('',(135.35824392529,-22.27924642791,117.));
#2455 = CARTESIAN_POINT('',(135.5,-22.27924642791,117.));
#2456 = PCURVE('',#1485,#2457);
#2457 = DEFINITIONAL_REPRESENTATION('',(#2458),#2511);
#2458 = B_SPLINE_CURVE_WITH_KNOTS('',6,(#2459,#2460,#2461,#2462,#2463,
    #2464,#2465,#2466,#2467,#2468,#2469,#2470,#2471,#2472,#2473,#2474,
    #2475,#2476,#2477,#2478,#2479,#2480,#2481,#2482,#2483,#2484,#2485,
    #2486,#2487,#2488,#2489,#2490,#2491,#2492,#2493,#2494,#2495,#2496,
    #2497,#2498,#2499,#2500,#2501,#2502,#2503,#2504,#2505,#2506,#2507,
    #2508,#2509,#2510),.UNSPECIFIED.,.F.,.F.,(7,5,5,5,5,5,5,5,5,5,7),(0.
    ,9.800279897963E-02,0.216077234737,0.341710240864,0.433662338193,
    0.545301385691,0.608417329702,0.659712457714,0.78567884008,
    0.903413409054,1.),.UNSPECIFIED.);
#2459 = CARTESIAN_POINT('',(3.141592453567,3.220753572083));
#2460 = CARTESIAN_POINT('',(3.189332177557,3.220753540495));
#2461 = CARTESIAN_POINT('',(3.236925141424,3.229800089752));
#2462 = CARTESIAN_POINT('',(3.284375133658,3.247790354514));
#2463 = CARTESIAN_POINT('',(3.331658732281,3.274147326964));
#2464 = CARTESIAN_POINT('',(3.37869683241,3.307816871749));
#2465 = CARTESIAN_POINT('',(3.481406540747,3.395052451748));
#2466 = CARTESIAN_POINT('',(3.537030322167,3.451414432257));
#2467 = CARTESIAN_POINT('',(3.592435569655,3.514634201944));
#2468 = CARTESIAN_POINT('',(3.647861281864,3.582952467744));
#2469 = CARTESIAN_POINT('',(3.703528902808,3.654802500492));
#2470 = CARTESIAN_POINT('',(3.819459193984,3.807418014963));
#2471 = CARTESIAN_POINT('',(3.879804548239,3.888481745359));
#2472 = CARTESIAN_POINT('',(3.941205810235,3.970416951169));
#2473 = CARTESIAN_POINT('',(4.004102488541,4.051785307651));
#2474 = CARTESIAN_POINT('',(4.068919453869,4.130859607989));
#2475 = CARTESIAN_POINT('',(4.185267873596,4.259979942642));
#2476 = CARTESIAN_POINT('',(4.235849595508,4.312288228054));
#2477 = CARTESIAN_POINT('',(4.287881958566,4.361271310158));
#2478 = CARTESIAN_POINT('',(4.341419967621,4.405779373809));
#2479 = CARTESIAN_POINT('',(4.396541732854,4.444591954968));
#2480 = CARTESIAN_POINT('',(4.522331260612,4.515085119636));
#2481 = CARTESIAN_POINT('',(4.594097747363,4.543626651757));
#2482 = CARTESIAN_POINT('',(4.667302457727,4.558708662093));
#2483 = CARTESIAN_POINT('',(4.740911321842,4.558708573764));
#2484 = CARTESIAN_POINT('',(4.813935792336,4.544055125818));
#2485 = CARTESIAN_POINT('',(4.925453069501,4.501738180709));
#2486 = CARTESIAN_POINT('',(4.965098927624,4.482520694415));
#2487 = CARTESIAN_POINT('',(5.004083194829,4.45973287917));
#2488 = CARTESIAN_POINT('',(5.042365385519,4.433791337521));
#2489 = CARTESIAN_POINT('',(5.079892353338,4.405157172015));
#2490 = CARTESIAN_POINT('',(5.146423996654,4.349271844631));
#2491 = CARTESIAN_POINT('',(5.175748236177,4.322732610793));
#2492 = CARTESIAN_POINT('',(5.204593949853,4.294913827598));
#2493 = CARTESIAN_POINT('',(5.232984865336,4.266006130414));
#2494 = CARTESIAN_POINT('',(5.260943790527,4.23618664311));
#2495 = CARTESIAN_POINT('',(5.356149681307,4.130552978928));
#2496 = CARTESIAN_POINT('',(5.421409518825,4.050898170259));
#2497 = CARTESIAN_POINT('',(5.484724722999,3.968928832885));
#2498 = CARTESIAN_POINT('',(5.546528715413,3.886406119201));
#2499 = CARTESIAN_POINT('',(5.607269921343,3.804796014039));
#2500 = CARTESIAN_POINT('',(5.723661737726,3.651678321676));
#2501 = CARTESIAN_POINT('',(5.77940195783,3.579837533514));
#2502 = CARTESIAN_POINT('',(5.834907930709,3.511582057796));
#2503 = CARTESIAN_POINT('',(5.890399983361,3.448493003901));
#2504 = CARTESIAN_POINT('',(5.946116885016,3.392343112234));
#2505 = CARTESIAN_POINT('',(6.048469422753,3.306115914867));
#2506 = CARTESIAN_POINT('',(6.095038388152,3.273082958349));
#2507 = CARTESIAN_POINT('',(6.141848347114,3.247244406678));
#2508 = CARTESIAN_POINT('',(6.188821421786,3.22961627149));
#2509 = CARTESIAN_POINT('',(6.235933282279,3.220753572083));
#2510 = CARTESIAN_POINT('',(6.28318530718,3.220753572083));
#2511 = ( GEOMETRIC_REPRESENTATION_CONTEXT(2) 
PARAMETRIC_REPRESENTATION_CONTEXT() REPRESENTATION_CONTEXT('2D SPACE',''
  ) );
#2512 = PCURVE('',#1514,#2513);
#2513 = DEFINITIONAL_REPRESENTATION('',(#2514),#2567);
#2514 = B_SPLINE_CURVE_WITH_KNOTS('',6,(#2515,#2516,#2517,#2518,#2519,
    #2520,#2521,#2522,#2523,#2524,#2525,#2526,#2527,#2528,#2529,#2530,
    #2531,#2532,#2533,#2534,#2535,#2536,#2537,#2538,#2539,#2540,#2541,
    #2542,#2543,#2544,#2545,#2546,#2547,#2548,#2549,#2550,#2551,#2552,
    #2553,#2554,#2555,#2556,#2557,#2558,#2559,#2560,#2561,#2562,#2563,
    #2564,#2565,#2566),.UNSPECIFIED.,.F.,.F.,(7,5,5,5,5,5,5,5,5,5,7),(0.
    ,9.800279897963E-02,0.216077234737,0.341710240864,0.433662338193,
    0.545301385691,0.608417329702,0.659712457714,0.78567884008,
    0.903413409054,1.),.UNSPECIFIED.);
#2515 = CARTESIAN_POINT('',(3.878216655609,6.0000006));
#2516 = CARTESIAN_POINT('',(3.87821664508,5.856781428028));
#2517 = CARTESIAN_POINT('',(3.881232139231,5.714002320275));
#2518 = CARTESIAN_POINT('',(3.887229000411,5.572240912596));
#2519 = CARTESIAN_POINT('',(3.896076237456,5.432131932039));
#2520 = CARTESIAN_POINT('',(3.907542768162,5.294471131034));
#2521 = CARTESIAN_POINT('',(3.937831968415,4.99865807213));
#2522 = CARTESIAN_POINT('',(3.957726510259,4.841631079924));
#2523 = CARTESIAN_POINT('',(3.98058147259,4.689215840523));
#2524 = CARTESIAN_POINT('',(4.006089359222,4.541538413956));
#2525 = CARTESIAN_POINT('',(4.034027266577,4.398853578191));
#2526 = CARTESIAN_POINT('',(4.096448318861,4.115411367861));
#2527 = CARTESIAN_POINT('',(4.131244952355,3.975321937285));
#2528 = CARTESIAN_POINT('',(4.168599644298,3.841312529472));
#2529 = CARTESIAN_POINT('',(4.20857540532,3.713934066173));
#2530 = CARTESIAN_POINT('',(4.251289039779,3.594351653266));
#2531 = CARTESIAN_POINT('',(4.330273730559,3.404150910018));
#2532 = CARTESIAN_POINT('',(4.365302042247,3.328759633249));
#2533 = CARTESIAN_POINT('',(4.401954869274,3.259432281305));
#2534 = CARTESIAN_POINT('',(4.440212393051,3.197333601537));
#2535 = CARTESIAN_POINT('',(4.480060723452,3.143744061705));
#2536 = CARTESIAN_POINT('',(4.571795950713,3.047082155931));
#2537 = CARTESIAN_POINT('',(4.624650353329,3.008489788235));
#2538 = CARTESIAN_POINT('',(4.678922337274,2.988317724956));
#2539 = CARTESIAN_POINT('',(4.733595475307,2.988260718702));
#2540 = CARTESIAN_POINT('',(4.787678738598,3.007926929848));
#2541 = CARTESIAN_POINT('',(4.869722141063,3.065446125235));
#2542 = CARTESIAN_POINT('',(4.898774940237,3.091647940954));
#2543 = CARTESIAN_POINT('',(4.927191598065,3.122862841081));
#2544 = CARTESIAN_POINT('',(4.954911699019,3.158632834468));
#2545 = CARTESIAN_POINT('',(4.981871046784,3.198450902833));
#2546 = CARTESIAN_POINT('',(5.029236828284,3.276949400068));
#2547 = CARTESIAN_POINT('',(5.049953241357,3.314493062228));
#2548 = CARTESIAN_POINT('',(5.070157358506,3.354174151315));
#2549 = CARTESIAN_POINT('',(5.089855498491,3.395801068437));
#2550 = CARTESIAN_POINT('',(5.109053570594,3.43920256753));
#2551 = CARTESIAN_POINT('',(5.173689564726,3.594796168739));
#2552 = CARTESIAN_POINT('',(5.216688975544,3.715267714862));
#2553 = CARTESIAN_POINT('',(5.256913042906,3.843634525501));
#2554 = CARTESIAN_POINT('',(5.294480584029,3.978711040942));
#2555 = CARTESIAN_POINT('',(5.329454917455,4.119941244136));
#2556 = CARTESIAN_POINT('',(5.391977069791,4.404986554773));
#2557 = CARTESIAN_POINT('',(5.419869634805,4.548069131209));
#2558 = CARTESIAN_POINT('',(5.445319737866,4.696155836544));
#2559 = CARTESIAN_POINT('',(5.468100280928,4.848987521378));
#2560 = CARTESIAN_POINT('',(5.487899931344,5.006434921213));
#2561 = CARTESIAN_POINT('',(5.517814306816,5.301462724174));
#2562 = CARTESIAN_POINT('',(5.529058988006,5.437819397694));
#2563 = CARTESIAN_POINT('',(5.537730948738,5.576559607258));
#2564 = CARTESIAN_POINT('',(5.54360709273,5.716908141482));
#2565 = CARTESIAN_POINT('',(5.54656130516,5.858243925299));
#2566 = CARTESIAN_POINT('',(5.54656130516,6.));
#2567 = ( GEOMETRIC_REPRESENTATION_CONTEXT(2) 
PARAMETRIC_REPRESENTATION_CONTEXT() REPRESENTATION_CONTEXT('2D SPACE',''
  ) );
#2568 = ORIENTED_EDGE('',*,*,#2354,.T.);
#2569 = ORIENTED_EDGE('',*,*,#2570,.F.);
#2570 = EDGE_CURVE('',#2571,#2332,#2573,.T.);
#2571 = VERTEX_POINT('',#2572);
#2572 = CARTESIAN_POINT('',(135.5,22.279246427917,111.));
#2573 = SURFACE_CURVE('',#2574,(#2627,#2683),.PCURVE_S1.);
#2574 = B_SPLINE_CURVE_WITH_KNOTS('',6,(#2575,#2576,#2577,#2578,#2579,
    #2580,#2581,#2582,#2583,#2584,#2585,#2586,#2587,#2588,#2589,#2590,
    #2591,#2592,#2593,#2594,#2595,#2596,#2597,#2598,#2599,#2600,#2601,
    #2602,#2603,#2604,#2605,#2606,#2607,#2608,#2609,#2610,#2611,#2612,
    #2613,#2614,#2615,#2616,#2617,#2618,#2619,#2620,#2621,#2622,#2623,
    #2624,#2625,#2626),.UNSPECIFIED.,.F.,.F.,(7,5,5,5,5,5,5,5,5,5,7),(0.
    ,9.780904742229E-02,0.215650049992,0.341034679635,0.432804987646,
    0.500406868165,0.567579353394,0.657079786777,0.785949669241,
    0.903822141754,1.),.UNSPECIFIED.);
#2575 = CARTESIAN_POINT('',(135.50000060003,22.279246427917,111.));
#2576 = CARTESIAN_POINT('',(135.35678142806,22.279246459505,
    110.99999997135));
#2577 = CARTESIAN_POINT('',(135.21400232013,22.270199910248,
    111.00820451814));
#2578 = CARTESIAN_POINT('',(135.07224091274,22.252209645486,
    111.02451988938));
#2579 = CARTESIAN_POINT('',(134.93213193198,22.225852673036,
    111.04879712145));
#2580 = CARTESIAN_POINT('',(134.79447113103,22.192183128251,
    111.08079462644));
#2581 = CARTESIAN_POINT('',(134.49865807213,22.104947548251,
    111.16703957913));
#2582 = CARTESIAN_POINT('',(134.34163107992,22.048585567743,
    111.2246335993));
#2583 = CARTESIAN_POINT('',(134.18921584052,21.985365798056,
    111.29229868888));
#2584 = CARTESIAN_POINT('',(134.04153841395,21.917047532256,
    111.36989726582));
#2585 = CARTESIAN_POINT('',(133.89885357819,21.845197499508,
    111.45741802742));
#2586 = CARTESIAN_POINT('',(133.61541136786,21.692581985037,
    111.65895959909));
#2587 = CARTESIAN_POINT('',(133.47532193728,21.611518254641,
    111.77434686513));
#2588 = CARTESIAN_POINT('',(133.34131252947,21.529583048831,
    111.90176524245));
#2589 = CARTESIAN_POINT('',(133.21393406617,21.448214692349,
    112.04206972951));
#2590 = CARTESIAN_POINT('',(133.09435165326,21.369140392011,
    112.19626124852));
#2591 = CARTESIAN_POINT('',(132.90415091001,21.240020057358,
    112.48893217333));
#2592 = CARTESIAN_POINT('',(132.82875963324,21.187711771946,
    112.62091227295));
#2593 = CARTESIAN_POINT('',(132.7594322813,21.138728689842,
    112.76125420974));
#2594 = CARTESIAN_POINT('',(132.69733360153,21.094220626191,
    112.90993473244));
#2595 = CARTESIAN_POINT('',(132.6437440617,21.055408045032,
    113.0668058062));
#2596 = CARTESIAN_POINT('',(132.56792673705,21.00011632376,
    113.35292211397));
#2597 = CARTESIAN_POINT('',(132.54115667182,20.98044695776,
    113.4785637125));
#2598 = CARTESIAN_POINT('',(132.5205660948,20.965235661778,
    113.60752078068));
#2599 = CARTESIAN_POINT('',(132.50669042764,20.954955350177,
    113.7387932072));
#2600 = CARTESIAN_POINT('',(132.49981894809,20.949865887533,
    113.87135314431));
#2601 = CARTESIAN_POINT('',(132.5001856382,20.950137509725,
    114.13611325413));
#2602 = CARTESIAN_POINT('',(132.5073337072,20.955431881856,
    114.26778068962));
#2603 = CARTESIAN_POINT('',(132.52138759967,20.965842854983,
    114.39813579026));
#2604 = CARTESIAN_POINT('',(132.54205716105,20.981109915827,
    114.52617486984));
#2605 = CARTESIAN_POINT('',(132.56881366984,21.000766108244,
    114.65092161017));
#2606 = CARTESIAN_POINT('',(132.64360961614,21.055305958319,
    114.93201051553));
#2607 = CARTESIAN_POINT('',(132.69577779149,21.093088231713,
    115.08511513091));
#2608 = CARTESIAN_POINT('',(132.75607077538,21.136313035419,
    115.2304463938));
#2609 = CARTESIAN_POINT('',(132.82329340177,21.183842732744,
    115.36784559566));
#2610 = CARTESIAN_POINT('',(132.89634723001,21.23459806408,
    115.49726862888));
#2611 = CARTESIAN_POINT('',(133.08631510203,21.363844852777,
    115.79368130855));
#2612 = CARTESIAN_POINT('',(133.20887241516,21.445046072667,
    115.9529106301));
#2613 = CARTESIAN_POINT('',(133.33970148602,21.528728630229,
    116.09742339918));
#2614 = CARTESIAN_POINT('',(133.47752460616,21.613011585449,
    116.22831272818));
#2615 = CARTESIAN_POINT('',(133.62174995828,21.696341099737,
    116.34650956088));
#2616 = CARTESIAN_POINT('',(133.91007999118,21.850900900235,
    116.54961580483));
#2617 = CARTESIAN_POINT('',(134.05318154988,21.922576923936,
    116.63653119678));
#2618 = CARTESIAN_POINT('',(134.20127534837,21.990639342234,
    116.71351777371));
#2619 = CARTESIAN_POINT('',(134.35410078167,22.053505745345,
    116.78055167321));
#2620 = CARTESIAN_POINT('',(134.5115269359,22.109404536982,
    116.83748687015));
#2621 = CARTESIAN_POINT('',(134.80577036097,22.194923936446,
    116.92180770697));
#2622 = CARTESIAN_POINT('',(134.94132311458,22.227567467447,
    116.95278213824));
#2623 = CARTESIAN_POINT('',(135.07922043332,22.253089251389,
    116.97627781035));
#2624 = CARTESIAN_POINT('',(135.21869899637,22.270496120697,
    116.99206412852));
#2625 = CARTESIAN_POINT('',(135.35914568067,22.279246427917,117.));
#2626 = CARTESIAN_POINT('',(135.5,22.279246427917,117.));
#2627 = PCURVE('',#1485,#2628);
#2628 = DEFINITIONAL_REPRESENTATION('',(#2629),#2682);
#2629 = B_SPLINE_CURVE_WITH_KNOTS('',6,(#2630,#2631,#2632,#2633,#2634,
    #2635,#2636,#2637,#2638,#2639,#2640,#2641,#2642,#2643,#2644,#2645,
    #2646,#2647,#2648,#2649,#2650,#2651,#2652,#2653,#2654,#2655,#2656,
    #2657,#2658,#2659,#2660,#2661,#2662,#2663,#2664,#2665,#2666,#2667,
    #2668,#2669,#2670,#2671,#2672,#2673,#2674,#2675,#2676,#2677,#2678,
    #2679,#2680,#2681),.UNSPECIFIED.,.F.,.F.,(7,5,5,5,5,5,5,5,5,5,7),(0.
    ,9.780904742229E-02,0.215650049992,0.341034679635,0.432804987646,
    0.500406868165,0.567579353394,0.657079786777,0.785949669241,
    0.903822141754,1.),.UNSPECIFIED.);
#2630 = CARTESIAN_POINT('',(3.141592453567,47.779246427917));
#2631 = CARTESIAN_POINT('',(3.189332177557,47.779246459505));
#2632 = CARTESIAN_POINT('',(3.236925141424,47.770199910248));
#2633 = CARTESIAN_POINT('',(3.284375133658,47.752209645486));
#2634 = CARTESIAN_POINT('',(3.331658732281,47.725852673036));
#2635 = CARTESIAN_POINT('',(3.37869683241,47.692183128251));
#2636 = CARTESIAN_POINT('',(3.481406540747,47.604947548251));
#2637 = CARTESIAN_POINT('',(3.537030322167,47.548585567743));
#2638 = CARTESIAN_POINT('',(3.592435569655,47.485365798056));
#2639 = CARTESIAN_POINT('',(3.647861281864,47.417047532256));
#2640 = CARTESIAN_POINT('',(3.703528902808,47.345197499508));
#2641 = CARTESIAN_POINT('',(3.819459193984,47.192581985037));
#2642 = CARTESIAN_POINT('',(3.879804548239,47.111518254641));
#2643 = CARTESIAN_POINT('',(3.941205810235,47.029583048831));
#2644 = CARTESIAN_POINT('',(4.004102488541,46.948214692349));
#2645 = CARTESIAN_POINT('',(4.068919453869,46.869140392011));
#2646 = CARTESIAN_POINT('',(4.185267873596,46.740020057358));
#2647 = CARTESIAN_POINT('',(4.235849595508,46.687711771946));
#2648 = CARTESIAN_POINT('',(4.287881958565,46.638728689842));
#2649 = CARTESIAN_POINT('',(4.341419967621,46.594220626191));
#2650 = CARTESIAN_POINT('',(4.396541732854,46.555408045032));
#2651 = CARTESIAN_POINT('',(4.495205476217,46.50011632376));
#2652 = CARTESIAN_POINT('',(4.537974488415,46.48044695776));
#2653 = CARTESIAN_POINT('',(4.581416064437,46.465235661778));
#2654 = CARTESIAN_POINT('',(4.625323206613,46.454955350177));
#2655 = CARTESIAN_POINT('',(4.669506653141,46.449865887533));
#2656 = CARTESIAN_POINT('',(4.757760107726,46.450137509725));
#2657 = CARTESIAN_POINT('',(4.80165252552,46.455431881856));
#2658 = CARTESIAN_POINT('',(4.845263831238,46.465842854983));
#2659 = CARTESIAN_POINT('',(4.888409287273,46.481109915827));
#2660 = CARTESIAN_POINT('',(4.930886687348,46.500766108244));
#2661 = CARTESIAN_POINT('',(5.027843382321,46.555305958319));
#2662 = CARTESIAN_POINT('',(5.081633952528,46.593088231713));
#2663 = CARTESIAN_POINT('',(5.133921755169,46.636313035419));
#2664 = CARTESIAN_POINT('',(5.184773697138,46.683842732744));
#2665 = CARTESIAN_POINT('',(5.234234793736,46.73459806408));
#2666 = CARTESIAN_POINT('',(5.351589085931,46.863844852777));
#2667 = CARTESIAN_POINT('',(5.418319302403,46.945046072667));
#2668 = CARTESIAN_POINT('',(5.483004242611,47.028728630229));
#2669 = CARTESIAN_POINT('',(5.546104291839,47.113011585449));
#2670 = CARTESIAN_POINT('',(5.608096564073,47.196341099737));
#2671 = CARTESIAN_POINT('',(5.725658062971,47.350900900235));
#2672 = CARTESIAN_POINT('',(5.781339210041,47.422576923936));
#2673 = CARTESIAN_POINT('',(5.836793134238,47.490639342234));
#2674 = CARTESIAN_POINT('',(5.89223810669,47.553505745345));
#2675 = CARTESIAN_POINT('',(5.947911320801,47.609404536982));
#2676 = CARTESIAN_POINT('',(6.049940290934,47.694923936446));
#2677 = CARTESIAN_POINT('',(6.096220438499,47.727567467447));
#2678 = CARTESIAN_POINT('',(6.142738899429,47.753089251389));
#2679 = CARTESIAN_POINT('',(6.189418370996,47.770496120697));
#2680 = CARTESIAN_POINT('',(6.236233867406,47.779246427917));
#2681 = CARTESIAN_POINT('',(6.28318530718,47.779246427917));
#2682 = ( GEOMETRIC_REPRESENTATION_CONTEXT(2) 
PARAMETRIC_REPRESENTATION_CONTEXT() REPRESENTATION_CONTEXT('2D SPACE',''
  ) );
#2683 = PCURVE('',#2177,#2684);
#2684 = DEFINITIONAL_REPRESENTATION('',(#2685),#2738);
#2685 = B_SPLINE_CURVE_WITH_KNOTS('',6,(#2686,#2687,#2688,#2689,#2690,
    #2691,#2692,#2693,#2694,#2695,#2696,#2697,#2698,#2699,#2700,#2701,
    #2702,#2703,#2704,#2705,#2706,#2707,#2708,#2709,#2710,#2711,#2712,
    #2713,#2714,#2715,#2716,#2717,#2718,#2719,#2720,#2721,#2722,#2723,
    #2724,#2725,#2726,#2727,#2728,#2729,#2730,#2731,#2732,#2733,#2734,
    #2735,#2736,#2737),.UNSPECIFIED.,.F.,.F.,(7,5,5,5,5,5,5,5,5,5,7),(0.
    ,9.780904742229E-02,0.215650049992,0.341034679635,0.432804987646,
    0.500406868165,0.567579353394,0.657079786777,0.785949669241,
    0.903822141754,1.),.UNSPECIFIED.);
#2686 = CARTESIAN_POINT('',(2.404968651571,6.0000006));
#2687 = CARTESIAN_POINT('',(2.4049686621,5.856781428028));
#2688 = CARTESIAN_POINT('',(2.401953167949,5.714002320276));
#2689 = CARTESIAN_POINT('',(2.395956306768,5.572240912596));
#2690 = CARTESIAN_POINT('',(2.387109069723,5.432131932039));
#2691 = CARTESIAN_POINT('',(2.375642539017,5.294471131034));
#2692 = CARTESIAN_POINT('',(2.345353338765,4.99865807213));
#2693 = CARTESIAN_POINT('',(2.32545879692,4.841631079924));
#2694 = CARTESIAN_POINT('',(2.302603834589,4.689215840523));
#2695 = CARTESIAN_POINT('',(2.277095947958,4.541538413956));
#2696 = CARTESIAN_POINT('',(2.249158040603,4.398853578191));
#2697 = CARTESIAN_POINT('',(2.186736988318,4.115411367861));
#2698 = CARTESIAN_POINT('',(2.151940354824,3.975321937285));
#2699 = CARTESIAN_POINT('',(2.114585662882,3.841312529472));
#2700 = CARTESIAN_POINT('',(2.07460990186,3.713934066173));
#2701 = CARTESIAN_POINT('',(2.0318962674,3.594351653266));
#2702 = CARTESIAN_POINT('',(1.95291157662,3.404150910018));
#2703 = CARTESIAN_POINT('',(1.917883264932,3.328759633249));
#2704 = CARTESIAN_POINT('',(1.881230437905,3.259432281305));
#2705 = CARTESIAN_POINT('',(1.842972914129,3.197333601537));
#2706 = CARTESIAN_POINT('',(1.803124583728,3.143744061705));
#2707 = CARTESIAN_POINT('',(1.731171527848,3.06792673705));
#2708 = CARTESIAN_POINT('',(1.699790902098,3.041156671824));
#2709 = CARTESIAN_POINT('',(1.667764417515,3.020566094803));
#2710 = CARTESIAN_POINT('',(1.635290485117,3.006690427648));
#2711 = CARTESIAN_POINT('',(1.602560999597,2.99981894809));
#2712 = CARTESIAN_POINT('',(1.537188098571,3.000185638208));
#2713 = CARTESIAN_POINT('',(1.504676350938,3.007333707204));
#2714 = CARTESIAN_POINT('',(1.472424883844,3.021387599679));
#2715 = CARTESIAN_POINT('',(1.440621112048,3.042057161052));
#2716 = CARTESIAN_POINT('',(1.409458864956,3.068813669843));
#2717 = CARTESIAN_POINT('',(1.338759798109,3.143609616148));
#2718 = CARTESIAN_POINT('',(1.299871355538,3.19577779149));
#2719 = CARTESIAN_POINT('',(1.262492574751,3.256070775389));
#2720 = CARTESIAN_POINT('',(1.226640838415,3.323293401779));
#2721 = CARTESIAN_POINT('',(1.1923390897,3.396347230015));
#2722 = CARTESIAN_POINT('',(1.112495770695,3.586315102031));
#2723 = CARTESIAN_POINT('',(1.068443168252,3.708872415164));
#2724 = CARTESIAN_POINT('',(1.027288330801,3.839701486028));
#2725 = CARTESIAN_POINT('',(0.988903287507,3.977524606169));
#2726 = CARTESIAN_POINT('',(0.953218852,4.121749958284));
#2727 = CARTESIAN_POINT('',(0.890199812212,4.410079991187));
#2728 = CARTESIAN_POINT('',(0.862404349211,4.553181549882));
#2729 = CARTESIAN_POINT('',(0.837051248739,4.70127534837));
#2730 = CARTESIAN_POINT('',(0.8143693961,4.854100781671));
#2731 = CARTESIAN_POINT('',(0.794670967271,5.011526935909));
#2732 = CARTESIAN_POINT('',(0.765017097344,5.305770360975));
#2733 = CARTESIAN_POINT('',(0.753908021402,5.441323114585));
#2734 = CARTESIAN_POINT('',(0.745343135955,5.579220433321));
#2735 = CARTESIAN_POINT('',(0.739540751222,5.718698996375));
#2736 = CARTESIAN_POINT('',(0.736624002019,5.859145680679));
#2737 = CARTESIAN_POINT('',(0.736624002019,6.));
#2738 = ( GEOMETRIC_REPRESENTATION_CONTEXT(2) 
PARAMETRIC_REPRESENTATION_CONTEXT() REPRESENTATION_CONTEXT('2D SPACE',''
  ) );
#2739 = ORIENTED_EDGE('',*,*,#2740,.T.);
#2740 = EDGE_CURVE('',#2571,#1925,#2741,.T.);
#2741 = SURFACE_CURVE('',#2742,(#2746,#2752),.PCURVE_S1.);
#2742 = LINE('',#2743,#2744);
#2743 = CARTESIAN_POINT('',(135.5,-25.5,111.));
#2744 = VECTOR('',#2745,1.);
#2745 = DIRECTION('',(0.,1.,0.));
#2746 = PCURVE('',#1485,#2747);
#2747 = DEFINITIONAL_REPRESENTATION('',(#2748),#2751);
#2748 = B_SPLINE_CURVE_WITH_KNOTS('',1,(#2749,#2750),.UNSPECIFIED.,.F.,
  .F.,(2,2),(45.64,55.36),.PIECEWISE_BEZIER_KNOTS.);
#2749 = CARTESIAN_POINT('',(3.14159265359,45.64));
#2750 = CARTESIAN_POINT('',(3.14159265359,55.36));
#2751 = ( GEOMETRIC_REPRESENTATION_CONTEXT(2) 
PARAMETRIC_REPRESENTATION_CONTEXT() REPRESENTATION_CONTEXT('2D SPACE',''
  ) );
#2752 = PCURVE('',#1941,#2753);
#2753 = DEFINITIONAL_REPRESENTATION('',(#2754),#2757);
#2754 = B_SPLINE_CURVE_WITH_KNOTS('',1,(#2755,#2756),.UNSPECIFIED.,.F.,
  .F.,(2,2),(45.64,55.36),.PIECEWISE_BEZIER_KNOTS.);
#2755 = CARTESIAN_POINT('',(-3.,4.86));
#2756 = CARTESIAN_POINT('',(-3.,-4.86));
#2757 = ( GEOMETRIC_REPRESENTATION_CONTEXT(2) 
PARAMETRIC_REPRESENTATION_CONTEXT() REPRESENTATION_CONTEXT('2D SPACE',''
  ) );
#2758 = ORIENTED_EDGE('',*,*,#2759,.T.);
#2759 = EDGE_CURVE('',#1925,#2012,#2760,.T.);
#2760 = SURFACE_CURVE('',#2761,(#2765,#2771),.PCURVE_S1.);
#2761 = LINE('',#2762,#2763);
#2762 = CARTESIAN_POINT('',(135.5,-25.5,111.));
#2763 = VECTOR('',#2764,1.);
#2764 = DIRECTION('',(0.,1.,0.));
#2765 = PCURVE('',#1485,#2766);
#2766 = DEFINITIONAL_REPRESENTATION('',(#2767),#2770);
#2767 = B_SPLINE_CURVE_WITH_KNOTS('',1,(#2768,#2769),.UNSPECIFIED.,.F.,
  .F.,(2,2),(45.64,55.36),.PIECEWISE_BEZIER_KNOTS.);
#2768 = CARTESIAN_POINT('',(3.14159265359,45.64));
#2769 = CARTESIAN_POINT('',(3.14159265359,55.36));
#2770 = ( GEOMETRIC_REPRESENTATION_CONTEXT(2) 
PARAMETRIC_REPRESENTATION_CONTEXT() REPRESENTATION_CONTEXT('2D SPACE',''
  ) );
#2771 = PCURVE('',#1970,#2772);
#2772 = DEFINITIONAL_REPRESENTATION('',(#2773),#2777);
#2773 = LINE('',#2774,#2775);
#2774 = CARTESIAN_POINT('',(-3.,50.5));
#2775 = VECTOR('',#2776,1.);
#2776 = DIRECTION('',(0.,-1.));
#2777 = ( GEOMETRIC_REPRESENTATION_CONTEXT(2) 
PARAMETRIC_REPRESENTATION_CONTEXT() REPRESENTATION_CONTEXT('2D SPACE',''
  ) );
#2778 = ORIENTED_EDGE('',*,*,#2779,.T.);
#2779 = EDGE_CURVE('',#2012,#2062,#2780,.T.);
#2780 = SURFACE_CURVE('',#2781,(#2785,#2791),.PCURVE_S1.);
#2781 = LINE('',#2782,#2783);
#2782 = CARTESIAN_POINT('',(135.5,-25.5,111.));
#2783 = VECTOR('',#2784,1.);
#2784 = DIRECTION('',(0.,1.,0.));
#2785 = PCURVE('',#1485,#2786);
#2786 = DEFINITIONAL_REPRESENTATION('',(#2787),#2790);
#2787 = B_SPLINE_CURVE_WITH_KNOTS('',1,(#2788,#2789),.UNSPECIFIED.,.F.,
  .F.,(2,2),(45.64,55.36),.PIECEWISE_BEZIER_KNOTS.);
#2788 = CARTESIAN_POINT('',(3.14159265359,45.64));
#2789 = CARTESIAN_POINT('',(3.14159265359,55.36));
#2790 = ( GEOMETRIC_REPRESENTATION_CONTEXT(2) 
PARAMETRIC_REPRESENTATION_CONTEXT() REPRESENTATION_CONTEXT('2D SPACE',''
  ) );
#2791 = PCURVE('',#1941,#2792);
#2792 = DEFINITIONAL_REPRESENTATION('',(#2793),#2796);
#2793 = B_SPLINE_CURVE_WITH_KNOTS('',1,(#2794,#2795),.UNSPECIFIED.,.F.,
  .F.,(2,2),(45.64,55.36),.PIECEWISE_BEZIER_KNOTS.);
#2794 = CARTESIAN_POINT('',(-3.,4.86));
#2795 = CARTESIAN_POINT('',(-3.,-4.86));
#2796 = ( GEOMETRIC_REPRESENTATION_CONTEXT(2) 
PARAMETRIC_REPRESENTATION_CONTEXT() REPRESENTATION_CONTEXT('2D SPACE',''
  ) );
#2797 = ADVANCED_FACE('',(#2798),#1514,.F.);
#2798 = FACE_BOUND('',#2799,.F.);
#2799 = EDGE_LOOP('',(#2800,#2829,#2850,#2851,#2852,#2853));
#2800 = ORIENTED_EDGE('',*,*,#2801,.T.);
#2801 = EDGE_CURVE('',#2802,#2802,#2804,.T.);
#2802 = VERTEX_POINT('',#2803);
#2803 = CARTESIAN_POINT('',(130.5,-25.,118.05));
#2804 = SURFACE_CURVE('',#2805,(#2810,#2817),.PCURVE_S1.);
#2805 = CIRCLE('',#2806,4.05);
#2806 = AXIS2_PLACEMENT_3D('',#2807,#2808,#2809);
#2807 = CARTESIAN_POINT('',(130.5,-25.,114.));
#2808 = DIRECTION('',(1.,0.,0.));
#2809 = DIRECTION('',(-0.,0.,1.));
#2810 = PCURVE('',#1514,#2811);
#2811 = DEFINITIONAL_REPRESENTATION('',(#2812),#2816);
#2812 = LINE('',#2813,#2814);
#2813 = CARTESIAN_POINT('',(0.,1.));
#2814 = VECTOR('',#2815,1.);
#2815 = DIRECTION('',(1.,0.));
#2816 = ( GEOMETRIC_REPRESENTATION_CONTEXT(2) 
PARAMETRIC_REPRESENTATION_CONTEXT() REPRESENTATION_CONTEXT('2D SPACE',''
  ) );
#2817 = PCURVE('',#2818,#2823);
#2818 = PLANE('',#2819);
#2819 = AXIS2_PLACEMENT_3D('',#2820,#2821,#2822);
#2820 = CARTESIAN_POINT('',(130.5,-30.,104.));
#2821 = DIRECTION('',(1.,0.,-0.));
#2822 = DIRECTION('',(0.,0.,1.));
#2823 = DEFINITIONAL_REPRESENTATION('',(#2824),#2828);
#2824 = CIRCLE('',#2825,4.05);
#2825 = AXIS2_PLACEMENT_2D('',#2826,#2827);
#2826 = CARTESIAN_POINT('',(10.,-5.));
#2827 = DIRECTION('',(1.,0.));
#2828 = ( GEOMETRIC_REPRESENTATION_CONTEXT(2) 
PARAMETRIC_REPRESENTATION_CONTEXT() REPRESENTATION_CONTEXT('2D SPACE',''
  ) );
#2829 = ORIENTED_EDGE('',*,*,#2830,.T.);
#2830 = EDGE_CURVE('',#2802,#1498,#2831,.T.);
#2831 = SEAM_CURVE('',#2832,(#2836,#2843),.PCURVE_S1.);
#2832 = LINE('',#2833,#2834);
#2833 = CARTESIAN_POINT('',(129.5,-25.,118.05));
#2834 = VECTOR('',#2835,1.);
#2835 = DIRECTION('',(1.,0.,0.));
#2836 = PCURVE('',#1514,#2837);
#2837 = DEFINITIONAL_REPRESENTATION('',(#2838),#2842);
#2838 = LINE('',#2839,#2840);
#2839 = CARTESIAN_POINT('',(0.,-0.));
#2840 = VECTOR('',#2841,1.);
#2841 = DIRECTION('',(0.,1.));
#2842 = ( GEOMETRIC_REPRESENTATION_CONTEXT(2) 
PARAMETRIC_REPRESENTATION_CONTEXT() REPRESENTATION_CONTEXT('2D SPACE',''
  ) );
#2843 = PCURVE('',#1514,#2844);
#2844 = DEFINITIONAL_REPRESENTATION('',(#2845),#2849);
#2845 = LINE('',#2846,#2847);
#2846 = CARTESIAN_POINT('',(6.28318530718,-0.));
#2847 = VECTOR('',#2848,1.);
#2848 = DIRECTION('',(0.,1.));
#2849 = ( GEOMETRIC_REPRESENTATION_CONTEXT(2) 
PARAMETRIC_REPRESENTATION_CONTEXT() REPRESENTATION_CONTEXT('2D SPACE',''
  ) );
#2850 = ORIENTED_EDGE('',*,*,#1497,.F.);
#2851 = ORIENTED_EDGE('',*,*,#2401,.F.);
#2852 = ORIENTED_EDGE('',*,*,#1526,.F.);
#2853 = ORIENTED_EDGE('',*,*,#2830,.F.);
#2854 = ADVANCED_FACE('',(#2855),#1633,.T.);
#2855 = FACE_BOUND('',#2856,.T.);
#2856 = EDGE_LOOP('',(#2857,#2858));
#2857 = ORIENTED_EDGE('',*,*,#1619,.T.);
#2858 = ORIENTED_EDGE('',*,*,#2377,.T.);
#2859 = ADVANCED_FACE('',(#2860),#1739,.T.);
#2860 = FACE_BOUND('',#2861,.T.);
#2861 = EDGE_LOOP('',(#2862,#2863,#2864,#2883,#2884,#2885));
#2862 = ORIENTED_EDGE('',*,*,#1755,.F.);
#2863 = ORIENTED_EDGE('',*,*,#1724,.F.);
#2864 = ORIENTED_EDGE('',*,*,#2865,.T.);
#2865 = EDGE_CURVE('',#1697,#1853,#2866,.T.);
#2866 = SURFACE_CURVE('',#2867,(#2871,#2877),.PCURVE_S1.);
#2867 = LINE('',#2868,#2869);
#2868 = CARTESIAN_POINT('',(-101.5,40.,33.));
#2869 = VECTOR('',#2870,1.);
#2870 = DIRECTION('',(0.,-1.,0.));
#2871 = PCURVE('',#1739,#2872);
#2872 = DEFINITIONAL_REPRESENTATION('',(#2873),#2876);
#2873 = B_SPLINE_CURVE_WITH_KNOTS('',1,(#2874,#2875),.UNSPECIFIED.,.F.,
  .F.,(2,2),(0.,80.),.PIECEWISE_BEZIER_KNOTS.);
#2874 = CARTESIAN_POINT('',(7.853981633974,0.));
#2875 = CARTESIAN_POINT('',(7.853981633974,80.));
#2876 = ( GEOMETRIC_REPRESENTATION_CONTEXT(2) 
PARAMETRIC_REPRESENTATION_CONTEXT() REPRESENTATION_CONTEXT('2D SPACE',''
  ) );
#2877 = PCURVE('',#1713,#2878);
#2878 = DEFINITIONAL_REPRESENTATION('',(#2879),#2882);
#2879 = B_SPLINE_CURVE_WITH_KNOTS('',1,(#2880,#2881),.UNSPECIFIED.,.F.,
  .F.,(2,2),(0.,80.),.PIECEWISE_BEZIER_KNOTS.);
#2880 = CARTESIAN_POINT('',(1.570796326795,0.));
#2881 = CARTESIAN_POINT('',(1.570796326795,80.));
#2882 = ( GEOMETRIC_REPRESENTATION_CONTEXT(2) 
PARAMETRIC_REPRESENTATION_CONTEXT() REPRESENTATION_CONTEXT('2D SPACE',''
  ) );
#2883 = ORIENTED_EDGE('',*,*,#1852,.F.);
#2884 = ORIENTED_EDGE('',*,*,#1780,.F.);
#2885 = ORIENTED_EDGE('',*,*,#2886,.F.);
#2886 = EDGE_CURVE('',#1673,#1781,#2887,.T.);
#2887 = SURFACE_CURVE('',#2888,(#2892,#2898),.PCURVE_S1.);
#2888 = LINE('',#2889,#2890);
#2889 = CARTESIAN_POINT('',(-97.5,40.,29.));
#2890 = VECTOR('',#2891,1.);
#2891 = DIRECTION('',(0.,-1.,0.));
#2892 = PCURVE('',#1739,#2893);
#2893 = DEFINITIONAL_REPRESENTATION('',(#2894),#2897);
#2894 = B_SPLINE_CURVE_WITH_KNOTS('',1,(#2895,#2896),.UNSPECIFIED.,.F.,
  .F.,(2,2),(0.,80.),.PIECEWISE_BEZIER_KNOTS.);
#2895 = CARTESIAN_POINT('',(3.14159265359,0.));
#2896 = CARTESIAN_POINT('',(3.14159265359,80.));
#2897 = ( GEOMETRIC_REPRESENTATION_CONTEXT(2) 
PARAMETRIC_REPRESENTATION_CONTEXT() REPRESENTATION_CONTEXT('2D SPACE',''
  ) );
#2898 = PCURVE('',#1713,#2899);
#2899 = DEFINITIONAL_REPRESENTATION('',(#2900),#2903);
#2900 = B_SPLINE_CURVE_WITH_KNOTS('',1,(#2901,#2902),.UNSPECIFIED.,.F.,
  .F.,(2,2),(0.,80.),.PIECEWISE_BEZIER_KNOTS.);
#2901 = CARTESIAN_POINT('',(3.14159265359,0.));
#2902 = CARTESIAN_POINT('',(3.14159265359,80.));
#2903 = ( GEOMETRIC_REPRESENTATION_CONTEXT(2) 
PARAMETRIC_REPRESENTATION_CONTEXT() REPRESENTATION_CONTEXT('2D SPACE',''
  ) );
#2904 = ADVANCED_FACE('',(#2905),#1713,.T.);
#2905 = FACE_BOUND('',#2906,.T.);
#2906 = EDGE_LOOP('',(#2907,#2908,#2909,#2910));
#2907 = ORIENTED_EDGE('',*,*,#1696,.F.);
#2908 = ORIENTED_EDGE('',*,*,#2886,.T.);
#2909 = ORIENTED_EDGE('',*,*,#1874,.F.);
#2910 = ORIENTED_EDGE('',*,*,#2865,.F.);
#2911 = ADVANCED_FACE('',(#2912),#1941,.F.);
#2912 = FACE_BOUND('',#2913,.F.);
#2913 = EDGE_LOOP('',(#2914,#2915,#2937,#2938,#2939));
#2914 = ORIENTED_EDGE('',*,*,#2740,.F.);
#2915 = ORIENTED_EDGE('',*,*,#2916,.T.);
#2916 = EDGE_CURVE('',#2571,#2062,#2917,.T.);
#2917 = SURFACE_CURVE('',#2918,(#2923,#2930),.PCURVE_S1.);
#2918 = CIRCLE('',#2919,4.05);
#2919 = AXIS2_PLACEMENT_3D('',#2920,#2921,#2922);
#2920 = CARTESIAN_POINT('',(135.5,25.,114.));
#2921 = DIRECTION('',(1.,0.,0.));
#2922 = DIRECTION('',(-0.,0.,1.));
#2923 = PCURVE('',#1941,#2924);
#2924 = DEFINITIONAL_REPRESENTATION('',(#2925),#2929);
#2925 = CIRCLE('',#2926,4.05);
#2926 = AXIS2_PLACEMENT_2D('',#2927,#2928);
#2927 = CARTESIAN_POINT('',(0.,0.));
#2928 = DIRECTION('',(1.,0.));
#2929 = ( GEOMETRIC_REPRESENTATION_CONTEXT(2) 
PARAMETRIC_REPRESENTATION_CONTEXT() REPRESENTATION_CONTEXT('2D SPACE',''
  ) );
#2930 = PCURVE('',#2177,#2931);
#2931 = DEFINITIONAL_REPRESENTATION('',(#2932),#2936);
#2932 = LINE('',#2933,#2934);
#2933 = CARTESIAN_POINT('',(0.,6.));
#2934 = VECTOR('',#2935,1.);
#2935 = DIRECTION('',(1.,0.));
#2936 = ( GEOMETRIC_REPRESENTATION_CONTEXT(2) 
PARAMETRIC_REPRESENTATION_CONTEXT() REPRESENTATION_CONTEXT('2D SPACE',''
  ) );
#2937 = ORIENTED_EDGE('',*,*,#2779,.F.);
#2938 = ORIENTED_EDGE('',*,*,#2035,.F.);
#2939 = ORIENTED_EDGE('',*,*,#1924,.F.);
#2940 = ADVANCED_FACE('',(#2941),#1970,.T.);
#2941 = FACE_BOUND('',#2942,.T.);
#2942 = EDGE_LOOP('',(#2943,#2944,#2945,#2946));
#2943 = ORIENTED_EDGE('',*,*,#2759,.T.);
#2944 = ORIENTED_EDGE('',*,*,#2011,.T.);
#2945 = ORIENTED_EDGE('',*,*,#2310,.F.);
#2946 = ORIENTED_EDGE('',*,*,#1953,.T.);
#2947 = ADVANCED_FACE('',(#2948),#1999,.F.);
#2948 = FACE_BOUND('',#2949,.F.);
#2949 = EDGE_LOOP('',(#2950,#2951,#2975,#2997,#2998));
#2950 = ORIENTED_EDGE('',*,*,#2289,.T.);
#2951 = ORIENTED_EDGE('',*,*,#2952,.T.);
#2952 = EDGE_CURVE('',#2064,#2953,#2955,.T.);
#2953 = VERTEX_POINT('',#2954);
#2954 = CARTESIAN_POINT('',(135.5,25.,118.05));
#2955 = SURFACE_CURVE('',#2956,(#2961,#2968),.PCURVE_S1.);
#2956 = CIRCLE('',#2957,4.05);
#2957 = AXIS2_PLACEMENT_3D('',#2958,#2959,#2960);
#2958 = CARTESIAN_POINT('',(135.5,25.,114.));
#2959 = DIRECTION('',(1.,0.,0.));
#2960 = DIRECTION('',(-0.,0.,1.));
#2961 = PCURVE('',#1999,#2962);
#2962 = DEFINITIONAL_REPRESENTATION('',(#2963),#2967);
#2963 = CIRCLE('',#2964,4.05);
#2964 = AXIS2_PLACEMENT_2D('',#2965,#2966);
#2965 = CARTESIAN_POINT('',(0.,0.));
#2966 = DIRECTION('',(1.,0.));
#2967 = ( GEOMETRIC_REPRESENTATION_CONTEXT(2) 
PARAMETRIC_REPRESENTATION_CONTEXT() REPRESENTATION_CONTEXT('2D SPACE',''
  ) );
#2968 = PCURVE('',#2177,#2969);
#2969 = DEFINITIONAL_REPRESENTATION('',(#2970),#2974);
#2970 = LINE('',#2971,#2972);
#2971 = CARTESIAN_POINT('',(0.,6.));
#2972 = VECTOR('',#2973,1.);
#2973 = DIRECTION('',(1.,0.));
#2974 = ( GEOMETRIC_REPRESENTATION_CONTEXT(2) 
PARAMETRIC_REPRESENTATION_CONTEXT() REPRESENTATION_CONTEXT('2D SPACE',''
  ) );
#2975 = ORIENTED_EDGE('',*,*,#2976,.T.);
#2976 = EDGE_CURVE('',#2953,#2332,#2977,.T.);
#2977 = SURFACE_CURVE('',#2978,(#2983,#2990),.PCURVE_S1.);
#2978 = CIRCLE('',#2979,4.05);
#2979 = AXIS2_PLACEMENT_3D('',#2980,#2981,#2982);
#2980 = CARTESIAN_POINT('',(135.5,25.,114.));
#2981 = DIRECTION('',(1.,0.,0.));
#2982 = DIRECTION('',(-0.,0.,1.));
#2983 = PCURVE('',#1999,#2984);
#2984 = DEFINITIONAL_REPRESENTATION('',(#2985),#2989);
#2985 = CIRCLE('',#2986,4.05);
#2986 = AXIS2_PLACEMENT_2D('',#2987,#2988);
#2987 = CARTESIAN_POINT('',(0.,0.));
#2988 = DIRECTION('',(1.,0.));
#2989 = ( GEOMETRIC_REPRESENTATION_CONTEXT(2) 
PARAMETRIC_REPRESENTATION_CONTEXT() REPRESENTATION_CONTEXT('2D SPACE',''
  ) );
#2990 = PCURVE('',#2177,#2991);
#2991 = DEFINITIONAL_REPRESENTATION('',(#2992),#2996);
#2992 = LINE('',#2993,#2994);
#2993 = CARTESIAN_POINT('',(0.,6.));
#2994 = VECTOR('',#2995,1.);
#2995 = DIRECTION('',(1.,0.));
#2996 = ( GEOMETRIC_REPRESENTATION_CONTEXT(2) 
PARAMETRIC_REPRESENTATION_CONTEXT() REPRESENTATION_CONTEXT('2D SPACE',''
  ) );
#2997 = ORIENTED_EDGE('',*,*,#2331,.T.);
#2998 = ORIENTED_EDGE('',*,*,#1982,.F.);
#2999 = ADVANCED_FACE('',(#3000),#2177,.F.);
#3000 = FACE_BOUND('',#3001,.F.);
#3001 = EDGE_LOOP('',(#3002,#3026,#3047,#3048,#3049,#3050,#3051,#3052));
#3002 = ORIENTED_EDGE('',*,*,#3003,.T.);
#3003 = EDGE_CURVE('',#3004,#3004,#3006,.T.);
#3004 = VERTEX_POINT('',#3005);
#3005 = CARTESIAN_POINT('',(130.5,25.,118.05));
#3006 = SURFACE_CURVE('',#3007,(#3012,#3019),.PCURVE_S1.);
#3007 = CIRCLE('',#3008,4.05);
#3008 = AXIS2_PLACEMENT_3D('',#3009,#3010,#3011);
#3009 = CARTESIAN_POINT('',(130.5,25.,114.));
#3010 = DIRECTION('',(1.,0.,0.));
#3011 = DIRECTION('',(-0.,0.,1.));
#3012 = PCURVE('',#2177,#3013);
#3013 = DEFINITIONAL_REPRESENTATION('',(#3014),#3018);
#3014 = LINE('',#3015,#3016);
#3015 = CARTESIAN_POINT('',(0.,1.));
#3016 = VECTOR('',#3017,1.);
#3017 = DIRECTION('',(1.,0.));
#3018 = ( GEOMETRIC_REPRESENTATION_CONTEXT(2) 
PARAMETRIC_REPRESENTATION_CONTEXT() REPRESENTATION_CONTEXT('2D SPACE',''
  ) );
#3019 = PCURVE('',#2818,#3020);
#3020 = DEFINITIONAL_REPRESENTATION('',(#3021),#3025);
#3021 = CIRCLE('',#3022,4.05);
#3022 = AXIS2_PLACEMENT_2D('',#3023,#3024);
#3023 = CARTESIAN_POINT('',(10.,-55.));
#3024 = DIRECTION('',(1.,0.));
#3025 = ( GEOMETRIC_REPRESENTATION_CONTEXT(2) 
PARAMETRIC_REPRESENTATION_CONTEXT() REPRESENTATION_CONTEXT('2D SPACE',''
  ) );
#3026 = ORIENTED_EDGE('',*,*,#3027,.T.);
#3027 = EDGE_CURVE('',#3004,#2953,#3028,.T.);
#3028 = SEAM_CURVE('',#3029,(#3033,#3040),.PCURVE_S1.);
#3029 = LINE('',#3030,#3031);
#3030 = CARTESIAN_POINT('',(129.5,25.,118.05));
#3031 = VECTOR('',#3032,1.);
#3032 = DIRECTION('',(1.,0.,0.));
#3033 = PCURVE('',#2177,#3034);
#3034 = DEFINITIONAL_REPRESENTATION('',(#3035),#3039);
#3035 = LINE('',#3036,#3037);
#3036 = CARTESIAN_POINT('',(0.,-0.));
#3037 = VECTOR('',#3038,1.);
#3038 = DIRECTION('',(0.,1.));
#3039 = ( GEOMETRIC_REPRESENTATION_CONTEXT(2) 
PARAMETRIC_REPRESENTATION_CONTEXT() REPRESENTATION_CONTEXT('2D SPACE',''
  ) );
#3040 = PCURVE('',#2177,#3041);
#3041 = DEFINITIONAL_REPRESENTATION('',(#3042),#3046);
#3042 = LINE('',#3043,#3044);
#3043 = CARTESIAN_POINT('',(6.28318530718,-0.));
#3044 = VECTOR('',#3045,1.);
#3045 = DIRECTION('',(0.,1.));
#3046 = ( GEOMETRIC_REPRESENTATION_CONTEXT(2) 
PARAMETRIC_REPRESENTATION_CONTEXT() REPRESENTATION_CONTEXT('2D SPACE',''
  ) );
#3047 = ORIENTED_EDGE('',*,*,#2952,.F.);
#3048 = ORIENTED_EDGE('',*,*,#2061,.F.);
#3049 = ORIENTED_EDGE('',*,*,#2916,.F.);
#3050 = ORIENTED_EDGE('',*,*,#2570,.T.);
#3051 = ORIENTED_EDGE('',*,*,#2976,.F.);
#3052 = ORIENTED_EDGE('',*,*,#3027,.F.);
#3053 = ADVANCED_FACE('',(#3054,#3163),#2276,.T.);
#3054 = FACE_BOUND('',#3055,.T.);
#3055 = EDGE_LOOP('',(#3056,#3086,#3109,#3137));
#3056 = ORIENTED_EDGE('',*,*,#3057,.F.);
#3057 = EDGE_CURVE('',#3058,#3060,#3062,.T.);
#3058 = VERTEX_POINT('',#3059);
#3059 = CARTESIAN_POINT('',(130.5,30.,104.));
#3060 = VERTEX_POINT('',#3061);
#3061 = CARTESIAN_POINT('',(140.5,30.,104.));
#3062 = SURFACE_CURVE('',#3063,(#3067,#3074),.PCURVE_S1.);
#3063 = LINE('',#3064,#3065);
#3064 = CARTESIAN_POINT('',(130.5,30.,104.));
#3065 = VECTOR('',#3066,1.);
#3066 = DIRECTION('',(1.,0.,-0.));
#3067 = PCURVE('',#2276,#3068);
#3068 = DEFINITIONAL_REPRESENTATION('',(#3069),#3073);
#3069 = LINE('',#3070,#3071);
#3070 = CARTESIAN_POINT('',(0.,0.));
#3071 = VECTOR('',#3072,1.);
#3072 = DIRECTION('',(0.,1.));
#3073 = ( GEOMETRIC_REPRESENTATION_CONTEXT(2) 
PARAMETRIC_REPRESENTATION_CONTEXT() REPRESENTATION_CONTEXT('2D SPACE',''
  ) );
#3074 = PCURVE('',#3075,#3080);
#3075 = PLANE('',#3076);
#3076 = AXIS2_PLACEMENT_3D('',#3077,#3078,#3079);
#3077 = CARTESIAN_POINT('',(130.5,-30.,104.));
#3078 = DIRECTION('',(0.,0.,1.));
#3079 = DIRECTION('',(1.,0.,-0.));
#3080 = DEFINITIONAL_REPRESENTATION('',(#3081),#3085);
#3081 = LINE('',#3082,#3083);
#3082 = CARTESIAN_POINT('',(0.,60.));
#3083 = VECTOR('',#3084,1.);
#3084 = DIRECTION('',(1.,0.));
#3085 = ( GEOMETRIC_REPRESENTATION_CONTEXT(2) 
PARAMETRIC_REPRESENTATION_CONTEXT() REPRESENTATION_CONTEXT('2D SPACE',''
  ) );
#3086 = ORIENTED_EDGE('',*,*,#3087,.T.);
#3087 = EDGE_CURVE('',#3058,#3088,#3090,.T.);
#3088 = VERTEX_POINT('',#3089);
#3089 = CARTESIAN_POINT('',(130.5,30.,148.));
#3090 = SURFACE_CURVE('',#3091,(#3095,#3102),.PCURVE_S1.);
#3091 = LINE('',#3092,#3093);
#3092 = CARTESIAN_POINT('',(130.5,30.,104.));
#3093 = VECTOR('',#3094,1.);
#3094 = DIRECTION('',(0.,0.,1.));
#3095 = PCURVE('',#2276,#3096);
#3096 = DEFINITIONAL_REPRESENTATION('',(#3097),#3101);
#3097 = LINE('',#3098,#3099);
#3098 = CARTESIAN_POINT('',(0.,0.));
#3099 = VECTOR('',#3100,1.);
#3100 = DIRECTION('',(1.,0.));
#3101 = ( GEOMETRIC_REPRESENTATION_CONTEXT(2) 
PARAMETRIC_REPRESENTATION_CONTEXT() REPRESENTATION_CONTEXT('2D SPACE',''
  ) );
#3102 = PCURVE('',#2818,#3103);
#3103 = DEFINITIONAL_REPRESENTATION('',(#3104),#3108);
#3104 = LINE('',#3105,#3106);
#3105 = CARTESIAN_POINT('',(0.,-60.));
#3106 = VECTOR('',#3107,1.);
#3107 = DIRECTION('',(1.,0.));
#3108 = ( GEOMETRIC_REPRESENTATION_CONTEXT(2) 
PARAMETRIC_REPRESENTATION_CONTEXT() REPRESENTATION_CONTEXT('2D SPACE',''
  ) );
#3109 = ORIENTED_EDGE('',*,*,#3110,.T.);
#3110 = EDGE_CURVE('',#3088,#3111,#3113,.T.);
#3111 = VERTEX_POINT('',#3112);
#3112 = CARTESIAN_POINT('',(140.5,30.,148.));
#3113 = SURFACE_CURVE('',#3114,(#3118,#3125),.PCURVE_S1.);
#3114 = LINE('',#3115,#3116);
#3115 = CARTESIAN_POINT('',(130.5,30.,148.));
#3116 = VECTOR('',#3117,1.);
#3117 = DIRECTION('',(1.,0.,-0.));
#3118 = PCURVE('',#2276,#3119);
#3119 = DEFINITIONAL_REPRESENTATION('',(#3120),#3124);
#3120 = LINE('',#3121,#3122);
#3121 = CARTESIAN_POINT('',(44.,0.));
#3122 = VECTOR('',#3123,1.);
#3123 = DIRECTION('',(0.,1.));
#3124 = ( GEOMETRIC_REPRESENTATION_CONTEXT(2) 
PARAMETRIC_REPRESENTATION_CONTEXT() REPRESENTATION_CONTEXT('2D SPACE',''
  ) );
#3125 = PCURVE('',#3126,#3131);
#3126 = PLANE('',#3127);
#3127 = AXIS2_PLACEMENT_3D('',#3128,#3129,#3130);
#3128 = CARTESIAN_POINT('',(130.5,-30.,148.));
#3129 = DIRECTION('',(0.,0.,1.));
#3130 = DIRECTION('',(1.,0.,-0.));
#3131 = DEFINITIONAL_REPRESENTATION('',(#3132),#3136);
#3132 = LINE('',#3133,#3134);
#3133 = CARTESIAN_POINT('',(0.,60.));
#3134 = VECTOR('',#3135,1.);
#3135 = DIRECTION('',(1.,0.));
#3136 = ( GEOMETRIC_REPRESENTATION_CONTEXT(2) 
PARAMETRIC_REPRESENTATION_CONTEXT() REPRESENTATION_CONTEXT('2D SPACE',''
  ) );
#3137 = ORIENTED_EDGE('',*,*,#3138,.F.);
#3138 = EDGE_CURVE('',#3060,#3111,#3139,.T.);
#3139 = SURFACE_CURVE('',#3140,(#3144,#3151),.PCURVE_S1.);
#3140 = LINE('',#3141,#3142);
#3141 = CARTESIAN_POINT('',(140.5,30.,104.));
#3142 = VECTOR('',#3143,1.);
#3143 = DIRECTION('',(0.,0.,1.));
#3144 = PCURVE('',#2276,#3145);
#3145 = DEFINITIONAL_REPRESENTATION('',(#3146),#3150);
#3146 = LINE('',#3147,#3148);
#3147 = CARTESIAN_POINT('',(0.,10.));
#3148 = VECTOR('',#3149,1.);
#3149 = DIRECTION('',(1.,0.));
#3150 = ( GEOMETRIC_REPRESENTATION_CONTEXT(2) 
PARAMETRIC_REPRESENTATION_CONTEXT() REPRESENTATION_CONTEXT('2D SPACE',''
  ) );
#3151 = PCURVE('',#3152,#3157);
#3152 = PLANE('',#3153);
#3153 = AXIS2_PLACEMENT_3D('',#3154,#3155,#3156);
#3154 = CARTESIAN_POINT('',(140.5,-30.,104.));
#3155 = DIRECTION('',(1.,0.,-0.));
#3156 = DIRECTION('',(0.,0.,1.));
#3157 = DEFINITIONAL_REPRESENTATION('',(#3158),#3162);
#3158 = LINE('',#3159,#3160);
#3159 = CARTESIAN_POINT('',(0.,-60.));
#3160 = VECTOR('',#3161,1.);
#3161 = DIRECTION('',(1.,0.));
#3162 = ( GEOMETRIC_REPRESENTATION_CONTEXT(2) 
PARAMETRIC_REPRESENTATION_CONTEXT() REPRESENTATION_CONTEXT('2D SPACE',''
  ) );
#3163 = FACE_BOUND('',#3164,.T.);
#3164 = EDGE_LOOP('',(#3165));
#3165 = ORIENTED_EDGE('',*,*,#2261,.F.);
#3166 = ADVANCED_FACE('',(#3167,#3242,#3245),#2818,.F.);
#3167 = FACE_BOUND('',#3168,.F.);
#3168 = EDGE_LOOP('',(#3169,#3199,#3220,#3221));
#3169 = ORIENTED_EDGE('',*,*,#3170,.F.);
#3170 = EDGE_CURVE('',#3171,#3173,#3175,.T.);
#3171 = VERTEX_POINT('',#3172);
#3172 = CARTESIAN_POINT('',(130.5,-30.,104.));
#3173 = VERTEX_POINT('',#3174);
#3174 = CARTESIAN_POINT('',(130.5,-30.,148.));
#3175 = SURFACE_CURVE('',#3176,(#3180,#3187),.PCURVE_S1.);
#3176 = LINE('',#3177,#3178);
#3177 = CARTESIAN_POINT('',(130.5,-30.,104.));
#3178 = VECTOR('',#3179,1.);
#3179 = DIRECTION('',(0.,0.,1.));
#3180 = PCURVE('',#2818,#3181);
#3181 = DEFINITIONAL_REPRESENTATION('',(#3182),#3186);
#3182 = LINE('',#3183,#3184);
#3183 = CARTESIAN_POINT('',(0.,0.));
#3184 = VECTOR('',#3185,1.);
#3185 = DIRECTION('',(1.,0.));
#3186 = ( GEOMETRIC_REPRESENTATION_CONTEXT(2) 
PARAMETRIC_REPRESENTATION_CONTEXT() REPRESENTATION_CONTEXT('2D SPACE',''
  ) );
#3187 = PCURVE('',#3188,#3193);
#3188 = PLANE('',#3189);
#3189 = AXIS2_PLACEMENT_3D('',#3190,#3191,#3192);
#3190 = CARTESIAN_POINT('',(130.5,-30.,104.));
#3191 = DIRECTION('',(-0.,1.,0.));
#3192 = DIRECTION('',(0.,0.,1.));
#3193 = DEFINITIONAL_REPRESENTATION('',(#3194),#3198);
#3194 = LINE('',#3195,#3196);
#3195 = CARTESIAN_POINT('',(0.,0.));
#3196 = VECTOR('',#3197,1.);
#3197 = DIRECTION('',(1.,0.));
#3198 = ( GEOMETRIC_REPRESENTATION_CONTEXT(2) 
PARAMETRIC_REPRESENTATION_CONTEXT() REPRESENTATION_CONTEXT('2D SPACE',''
  ) );
#3199 = ORIENTED_EDGE('',*,*,#3200,.T.);
#3200 = EDGE_CURVE('',#3171,#3058,#3201,.T.);
#3201 = SURFACE_CURVE('',#3202,(#3206,#3213),.PCURVE_S1.);
#3202 = LINE('',#3203,#3204);
#3203 = CARTESIAN_POINT('',(130.5,-30.,104.));
#3204 = VECTOR('',#3205,1.);
#3205 = DIRECTION('',(-0.,1.,0.));
#3206 = PCURVE('',#2818,#3207);
#3207 = DEFINITIONAL_REPRESENTATION('',(#3208),#3212);
#3208 = LINE('',#3209,#3210);
#3209 = CARTESIAN_POINT('',(0.,0.));
#3210 = VECTOR('',#3211,1.);
#3211 = DIRECTION('',(0.,-1.));
#3212 = ( GEOMETRIC_REPRESENTATION_CONTEXT(2) 
PARAMETRIC_REPRESENTATION_CONTEXT() REPRESENTATION_CONTEXT('2D SPACE',''
  ) );
#3213 = PCURVE('',#3075,#3214);
#3214 = DEFINITIONAL_REPRESENTATION('',(#3215),#3219);
#3215 = LINE('',#3216,#3217);
#3216 = CARTESIAN_POINT('',(0.,0.));
#3217 = VECTOR('',#3218,1.);
#3218 = DIRECTION('',(0.,1.));
#3219 = ( GEOMETRIC_REPRESENTATION_CONTEXT(2) 
PARAMETRIC_REPRESENTATION_CONTEXT() REPRESENTATION_CONTEXT('2D SPACE',''
  ) );
#3220 = ORIENTED_EDGE('',*,*,#3087,.T.);
#3221 = ORIENTED_EDGE('',*,*,#3222,.F.);
#3222 = EDGE_CURVE('',#3173,#3088,#3223,.T.);
#3223 = SURFACE_CURVE('',#3224,(#3228,#3235),.PCURVE_S1.);
#3224 = LINE('',#3225,#3226);
#3225 = CARTESIAN_POINT('',(130.5,-30.,148.));
#3226 = VECTOR('',#3227,1.);
#3227 = DIRECTION('',(-0.,1.,0.));
#3228 = PCURVE('',#2818,#3229);
#3229 = DEFINITIONAL_REPRESENTATION('',(#3230),#3234);
#3230 = LINE('',#3231,#3232);
#3231 = CARTESIAN_POINT('',(44.,0.));
#3232 = VECTOR('',#3233,1.);
#3233 = DIRECTION('',(0.,-1.));
#3234 = ( GEOMETRIC_REPRESENTATION_CONTEXT(2) 
PARAMETRIC_REPRESENTATION_CONTEXT() REPRESENTATION_CONTEXT('2D SPACE',''
  ) );
#3235 = PCURVE('',#3126,#3236);
#3236 = DEFINITIONAL_REPRESENTATION('',(#3237),#3241);
#3237 = LINE('',#3238,#3239);
#3238 = CARTESIAN_POINT('',(0.,0.));
#3239 = VECTOR('',#3240,1.);
#3240 = DIRECTION('',(0.,1.));
#3241 = ( GEOMETRIC_REPRESENTATION_CONTEXT(2) 
PARAMETRIC_REPRESENTATION_CONTEXT() REPRESENTATION_CONTEXT('2D SPACE',''
  ) );
#3242 = FACE_BOUND('',#3243,.F.);
#3243 = EDGE_LOOP('',(#3244));
#3244 = ORIENTED_EDGE('',*,*,#3003,.F.);
#3245 = FACE_BOUND('',#3246,.F.);
#3246 = EDGE_LOOP('',(#3247));
#3247 = ORIENTED_EDGE('',*,*,#2801,.F.);
#3248 = ADVANCED_FACE('',(#3249),#3075,.F.);
#3249 = FACE_BOUND('',#3250,.F.);
#3250 = EDGE_LOOP('',(#3251,#3252,#3275,#3296));
#3251 = ORIENTED_EDGE('',*,*,#3200,.F.);
#3252 = ORIENTED_EDGE('',*,*,#3253,.T.);
#3253 = EDGE_CURVE('',#3171,#3254,#3256,.T.);
#3254 = VERTEX_POINT('',#3255);
#3255 = CARTESIAN_POINT('',(140.5,-30.,104.));
#3256 = SURFACE_CURVE('',#3257,(#3261,#3268),.PCURVE_S1.);
#3257 = LINE('',#3258,#3259);
#3258 = CARTESIAN_POINT('',(130.5,-30.,104.));
#3259 = VECTOR('',#3260,1.);
#3260 = DIRECTION('',(1.,0.,-0.));
#3261 = PCURVE('',#3075,#3262);
#3262 = DEFINITIONAL_REPRESENTATION('',(#3263),#3267);
#3263 = LINE('',#3264,#3265);
#3264 = CARTESIAN_POINT('',(0.,0.));
#3265 = VECTOR('',#3266,1.);
#3266 = DIRECTION('',(1.,0.));
#3267 = ( GEOMETRIC_REPRESENTATION_CONTEXT(2) 
PARAMETRIC_REPRESENTATION_CONTEXT() REPRESENTATION_CONTEXT('2D SPACE',''
  ) );
#3268 = PCURVE('',#3188,#3269);
#3269 = DEFINITIONAL_REPRESENTATION('',(#3270),#3274);
#3270 = LINE('',#3271,#3272);
#3271 = CARTESIAN_POINT('',(0.,0.));
#3272 = VECTOR('',#3273,1.);
#3273 = DIRECTION('',(0.,1.));
#3274 = ( GEOMETRIC_REPRESENTATION_CONTEXT(2) 
PARAMETRIC_REPRESENTATION_CONTEXT() REPRESENTATION_CONTEXT('2D SPACE',''
  ) );
#3275 = ORIENTED_EDGE('',*,*,#3276,.T.);
#3276 = EDGE_CURVE('',#3254,#3060,#3277,.T.);
#3277 = SURFACE_CURVE('',#3278,(#3282,#3289),.PCURVE_S1.);
#3278 = LINE('',#3279,#3280);
#3279 = CARTESIAN_POINT('',(140.5,-30.,104.));
#3280 = VECTOR('',#3281,1.);
#3281 = DIRECTION('',(-0.,1.,0.));
#3282 = PCURVE('',#3075,#3283);
#3283 = DEFINITIONAL_REPRESENTATION('',(#3284),#3288);
#3284 = LINE('',#3285,#3286);
#3285 = CARTESIAN_POINT('',(10.,0.));
#3286 = VECTOR('',#3287,1.);
#3287 = DIRECTION('',(0.,1.));
#3288 = ( GEOMETRIC_REPRESENTATION_CONTEXT(2) 
PARAMETRIC_REPRESENTATION_CONTEXT() REPRESENTATION_CONTEXT('2D SPACE',''
  ) );
#3289 = PCURVE('',#3152,#3290);
#3290 = DEFINITIONAL_REPRESENTATION('',(#3291),#3295);
#3291 = LINE('',#3292,#3293);
#3292 = CARTESIAN_POINT('',(0.,0.));
#3293 = VECTOR('',#3294,1.);
#3294 = DIRECTION('',(0.,-1.));
#3295 = ( GEOMETRIC_REPRESENTATION_CONTEXT(2) 
PARAMETRIC_REPRESENTATION_CONTEXT() REPRESENTATION_CONTEXT('2D SPACE',''
  ) );
#3296 = ORIENTED_EDGE('',*,*,#3057,.F.);
#3297 = ADVANCED_FACE('',(#3298,#3346,#3377),#3152,.T.);
#3298 = FACE_BOUND('',#3299,.T.);
#3299 = EDGE_LOOP('',(#3300,#3323,#3324,#3325));
#3300 = ORIENTED_EDGE('',*,*,#3301,.F.);
#3301 = EDGE_CURVE('',#3254,#3302,#3304,.T.);
#3302 = VERTEX_POINT('',#3303);
#3303 = CARTESIAN_POINT('',(140.5,-30.,148.));
#3304 = SURFACE_CURVE('',#3305,(#3309,#3316),.PCURVE_S1.);
#3305 = LINE('',#3306,#3307);
#3306 = CARTESIAN_POINT('',(140.5,-30.,104.));
#3307 = VECTOR('',#3308,1.);
#3308 = DIRECTION('',(0.,0.,1.));
#3309 = PCURVE('',#3152,#3310);
#3310 = DEFINITIONAL_REPRESENTATION('',(#3311),#3315);
#3311 = LINE('',#3312,#3313);
#3312 = CARTESIAN_POINT('',(0.,0.));
#3313 = VECTOR('',#3314,1.);
#3314 = DIRECTION('',(1.,0.));
#3315 = ( GEOMETRIC_REPRESENTATION_CONTEXT(2) 
PARAMETRIC_REPRESENTATION_CONTEXT() REPRESENTATION_CONTEXT('2D SPACE',''
  ) );
#3316 = PCURVE('',#3188,#3317);
#3317 = DEFINITIONAL_REPRESENTATION('',(#3318),#3322);
#3318 = LINE('',#3319,#3320);
#3319 = CARTESIAN_POINT('',(0.,10.));
#3320 = VECTOR('',#3321,1.);
#3321 = DIRECTION('',(1.,0.));
#3322 = ( GEOMETRIC_REPRESENTATION_CONTEXT(2) 
PARAMETRIC_REPRESENTATION_CONTEXT() REPRESENTATION_CONTEXT('2D SPACE',''
  ) );
#3323 = ORIENTED_EDGE('',*,*,#3276,.T.);
#3324 = ORIENTED_EDGE('',*,*,#3138,.T.);
#3325 = ORIENTED_EDGE('',*,*,#3326,.F.);
#3326 = EDGE_CURVE('',#3302,#3111,#3327,.T.);
#3327 = SURFACE_CURVE('',#3328,(#3332,#3339),.PCURVE_S1.);
#3328 = LINE('',#3329,#3330);
#3329 = CARTESIAN_POINT('',(140.5,-30.,148.));
#3330 = VECTOR('',#3331,1.);
#3331 = DIRECTION('',(-0.,1.,0.));
#3332 = PCURVE('',#3152,#3333);
#3333 = DEFINITIONAL_REPRESENTATION('',(#3334),#3338);
#3334 = LINE('',#3335,#3336);
#3335 = CARTESIAN_POINT('',(44.,0.));
#3336 = VECTOR('',#3337,1.);
#3337 = DIRECTION('',(0.,-1.));
#3338 = ( GEOMETRIC_REPRESENTATION_CONTEXT(2) 
PARAMETRIC_REPRESENTATION_CONTEXT() REPRESENTATION_CONTEXT('2D SPACE',''
  ) );
#3339 = PCURVE('',#3126,#3340);
#3340 = DEFINITIONAL_REPRESENTATION('',(#3341),#3345);
#3341 = LINE('',#3342,#3343);
#3342 = CARTESIAN_POINT('',(10.,0.));
#3343 = VECTOR('',#3344,1.);
#3344 = DIRECTION('',(0.,1.));
#3345 = ( GEOMETRIC_REPRESENTATION_CONTEXT(2) 
PARAMETRIC_REPRESENTATION_CONTEXT() REPRESENTATION_CONTEXT('2D SPACE',''
  ) );
#3346 = FACE_BOUND('',#3347,.T.);
#3347 = EDGE_LOOP('',(#3348));
#3348 = ORIENTED_EDGE('',*,*,#3349,.F.);
#3349 = EDGE_CURVE('',#3350,#3350,#3352,.T.);
#3350 = VERTEX_POINT('',#3351);
#3351 = CARTESIAN_POINT('',(140.5,24.5,127.25));
#3352 = SURFACE_CURVE('',#3353,(#3358,#3365),.PCURVE_S1.);
#3353 = CIRCLE('',#3354,1.25);
#3354 = AXIS2_PLACEMENT_3D('',#3355,#3356,#3357);
#3355 = CARTESIAN_POINT('',(140.5,24.5,126.));
#3356 = DIRECTION('',(1.,0.,0.));
#3357 = DIRECTION('',(-0.,0.,1.));
#3358 = PCURVE('',#3152,#3359);
#3359 = DEFINITIONAL_REPRESENTATION('',(#3360),#3364);
#3360 = CIRCLE('',#3361,1.25);
#3361 = AXIS2_PLACEMENT_2D('',#3362,#3363);
#3362 = CARTESIAN_POINT('',(22.,-54.5));
#3363 = DIRECTION('',(1.,0.));
#3364 = ( GEOMETRIC_REPRESENTATION_CONTEXT(2) 
PARAMETRIC_REPRESENTATION_CONTEXT() REPRESENTATION_CONTEXT('2D SPACE',''
  ) );
#3365 = PCURVE('',#3366,#3371);
#3366 = CYLINDRICAL_SURFACE('',#3367,1.25);
#3367 = AXIS2_PLACEMENT_3D('',#3368,#3369,#3370);
#3368 = CARTESIAN_POINT('',(132.5,24.5,126.));
#3369 = DIRECTION('',(1.,0.,0.));
#3370 = DIRECTION('',(-0.,0.,1.));
#3371 = DEFINITIONAL_REPRESENTATION('',(#3372),#3376);
#3372 = LINE('',#3373,#3374);
#3373 = CARTESIAN_POINT('',(0.,8.));
#3374 = VECTOR('',#3375,1.);
#3375 = DIRECTION('',(1.,0.));
#3376 = ( GEOMETRIC_REPRESENTATION_CONTEXT(2) 
PARAMETRIC_REPRESENTATION_CONTEXT() REPRESENTATION_CONTEXT('2D SPACE',''
  ) );
#3377 = FACE_BOUND('',#3378,.T.);
#3378 = EDGE_LOOP('',(#3379));
#3379 = ORIENTED_EDGE('',*,*,#3380,.F.);
#3380 = EDGE_CURVE('',#3381,#3381,#3383,.T.);
#3381 = VERTEX_POINT('',#3382);
#3382 = CARTESIAN_POINT('',(140.5,-24.5,127.25));
#3383 = SURFACE_CURVE('',#3384,(#3389,#3396),.PCURVE_S1.);
#3384 = CIRCLE('',#3385,1.25);
#3385 = AXIS2_PLACEMENT_3D('',#3386,#3387,#3388);
#3386 = CARTESIAN_POINT('',(140.5,-24.5,126.));
#3387 = DIRECTION('',(1.,0.,0.));
#3388 = DIRECTION('',(-0.,0.,1.));
#3389 = PCURVE('',#3152,#3390);
#3390 = DEFINITIONAL_REPRESENTATION('',(#3391),#3395);
#3391 = CIRCLE('',#3392,1.25);
#3392 = AXIS2_PLACEMENT_2D('',#3393,#3394);
#3393 = CARTESIAN_POINT('',(22.,-5.5));
#3394 = DIRECTION('',(1.,0.));
#3395 = ( GEOMETRIC_REPRESENTATION_CONTEXT(2) 
PARAMETRIC_REPRESENTATION_CONTEXT() REPRESENTATION_CONTEXT('2D SPACE',''
  ) );
#3396 = PCURVE('',#3397,#3402);
#3397 = CYLINDRICAL_SURFACE('',#3398,1.25);
#3398 = AXIS2_PLACEMENT_3D('',#3399,#3400,#3401);
#3399 = CARTESIAN_POINT('',(132.5,-24.5,126.));
#3400 = DIRECTION('',(1.,0.,0.));
#3401 = DIRECTION('',(-0.,0.,1.));
#3402 = DEFINITIONAL_REPRESENTATION('',(#3403),#3407);
#3403 = LINE('',#3404,#3405);
#3404 = CARTESIAN_POINT('',(0.,8.));
#3405 = VECTOR('',#3406,1.);
#3406 = DIRECTION('',(1.,0.));
#3407 = ( GEOMETRIC_REPRESENTATION_CONTEXT(2) 
PARAMETRIC_REPRESENTATION_CONTEXT() REPRESENTATION_CONTEXT('2D SPACE',''
  ) );
#3408 = ADVANCED_FACE('',(#3409),#3126,.T.);
#3409 = FACE_BOUND('',#3410,.T.);
#3410 = EDGE_LOOP('',(#3411,#3412,#3433,#3434));
#3411 = ORIENTED_EDGE('',*,*,#3222,.F.);
#3412 = ORIENTED_EDGE('',*,*,#3413,.T.);
#3413 = EDGE_CURVE('',#3173,#3302,#3414,.T.);
#3414 = SURFACE_CURVE('',#3415,(#3419,#3426),.PCURVE_S1.);
#3415 = LINE('',#3416,#3417);
#3416 = CARTESIAN_POINT('',(130.5,-30.,148.));
#3417 = VECTOR('',#3418,1.);
#3418 = DIRECTION('',(1.,0.,-0.));
#3419 = PCURVE('',#3126,#3420);
#3420 = DEFINITIONAL_REPRESENTATION('',(#3421),#3425);
#3421 = LINE('',#3422,#3423);
#3422 = CARTESIAN_POINT('',(0.,0.));
#3423 = VECTOR('',#3424,1.);
#3424 = DIRECTION('',(1.,0.));
#3425 = ( GEOMETRIC_REPRESENTATION_CONTEXT(2) 
PARAMETRIC_REPRESENTATION_CONTEXT() REPRESENTATION_CONTEXT('2D SPACE',''
  ) );
#3426 = PCURVE('',#3188,#3427);
#3427 = DEFINITIONAL_REPRESENTATION('',(#3428),#3432);
#3428 = LINE('',#3429,#3430);
#3429 = CARTESIAN_POINT('',(44.,0.));
#3430 = VECTOR('',#3431,1.);
#3431 = DIRECTION('',(0.,1.));
#3432 = ( GEOMETRIC_REPRESENTATION_CONTEXT(2) 
PARAMETRIC_REPRESENTATION_CONTEXT() REPRESENTATION_CONTEXT('2D SPACE',''
  ) );
#3433 = ORIENTED_EDGE('',*,*,#3326,.T.);
#3434 = ORIENTED_EDGE('',*,*,#3110,.F.);
#3435 = ADVANCED_FACE('',(#3436),#3188,.F.);
#3436 = FACE_BOUND('',#3437,.F.);
#3437 = EDGE_LOOP('',(#3438,#3439,#3440,#3441));
#3438 = ORIENTED_EDGE('',*,*,#3253,.F.);
#3439 = ORIENTED_EDGE('',*,*,#3170,.T.);
#3440 = ORIENTED_EDGE('',*,*,#3413,.T.);
#3441 = ORIENTED_EDGE('',*,*,#3301,.F.);
#3442 = ADVANCED_FACE('',(#3443),#3366,.F.);
#3443 = FACE_BOUND('',#3444,.F.);
#3444 = EDGE_LOOP('',(#3445,#3446,#3469,#3496));
#3445 = ORIENTED_EDGE('',*,*,#3349,.F.);
#3446 = ORIENTED_EDGE('',*,*,#3447,.F.);
#3447 = EDGE_CURVE('',#3448,#3350,#3450,.T.);
#3448 = VERTEX_POINT('',#3449);
#3449 = CARTESIAN_POINT('',(132.5,24.5,127.25));
#3450 = SEAM_CURVE('',#3451,(#3455,#3462),.PCURVE_S1.);
#3451 = LINE('',#3452,#3453);
#3452 = CARTESIAN_POINT('',(132.5,24.5,127.25));
#3453 = VECTOR('',#3454,1.);
#3454 = DIRECTION('',(1.,0.,0.));
#3455 = PCURVE('',#3366,#3456);
#3456 = DEFINITIONAL_REPRESENTATION('',(#3457),#3461);
#3457 = LINE('',#3458,#3459);
#3458 = CARTESIAN_POINT('',(6.28318530718,-0.));
#3459 = VECTOR('',#3460,1.);
#3460 = DIRECTION('',(0.,1.));
#3461 = ( GEOMETRIC_REPRESENTATION_CONTEXT(2) 
PARAMETRIC_REPRESENTATION_CONTEXT() REPRESENTATION_CONTEXT('2D SPACE',''
  ) );
#3462 = PCURVE('',#3366,#3463);
#3463 = DEFINITIONAL_REPRESENTATION('',(#3464),#3468);
#3464 = LINE('',#3465,#3466);
#3465 = CARTESIAN_POINT('',(0.,-0.));
#3466 = VECTOR('',#3467,1.);
#3467 = DIRECTION('',(0.,1.));
#3468 = ( GEOMETRIC_REPRESENTATION_CONTEXT(2) 
PARAMETRIC_REPRESENTATION_CONTEXT() REPRESENTATION_CONTEXT('2D SPACE',''
  ) );
#3469 = ORIENTED_EDGE('',*,*,#3470,.T.);
#3470 = EDGE_CURVE('',#3448,#3448,#3471,.T.);
#3471 = SURFACE_CURVE('',#3472,(#3477,#3484),.PCURVE_S1.);
#3472 = CIRCLE('',#3473,1.25);
#3473 = AXIS2_PLACEMENT_3D('',#3474,#3475,#3476);
#3474 = CARTESIAN_POINT('',(132.5,24.5,126.));
#3475 = DIRECTION('',(1.,0.,0.));
#3476 = DIRECTION('',(-0.,0.,1.));
#3477 = PCURVE('',#3366,#3478);
#3478 = DEFINITIONAL_REPRESENTATION('',(#3479),#3483);
#3479 = LINE('',#3480,#3481);
#3480 = CARTESIAN_POINT('',(0.,0.));
#3481 = VECTOR('',#3482,1.);
#3482 = DIRECTION('',(1.,0.));
#3483 = ( GEOMETRIC_REPRESENTATION_CONTEXT(2) 
PARAMETRIC_REPRESENTATION_CONTEXT() REPRESENTATION_CONTEXT('2D SPACE',''
  ) );
#3484 = PCURVE('',#3485,#3490);
#3485 = PLANE('',#3486);
#3486 = AXIS2_PLACEMENT_3D('',#3487,#3488,#3489);
#3487 = CARTESIAN_POINT('',(132.5,24.5,126.));
#3488 = DIRECTION('',(1.,0.,0.));
#3489 = DIRECTION('',(-0.,0.,1.));
#3490 = DEFINITIONAL_REPRESENTATION('',(#3491),#3495);
#3491 = CIRCLE('',#3492,1.25);
#3492 = AXIS2_PLACEMENT_2D('',#3493,#3494);
#3493 = CARTESIAN_POINT('',(0.,0.));
#3494 = DIRECTION('',(1.,0.));
#3495 = ( GEOMETRIC_REPRESENTATION_CONTEXT(2) 
PARAMETRIC_REPRESENTATION_CONTEXT() REPRESENTATION_CONTEXT('2D SPACE',''
  ) );
#3496 = ORIENTED_EDGE('',*,*,#3447,.T.);
#3497 = ADVANCED_FACE('',(#3498),#3397,.F.);
#3498 = FACE_BOUND('',#3499,.F.);
#3499 = EDGE_LOOP('',(#3500,#3501,#3524,#3551));
#3500 = ORIENTED_EDGE('',*,*,#3380,.F.);
#3501 = ORIENTED_EDGE('',*,*,#3502,.F.);
#3502 = EDGE_CURVE('',#3503,#3381,#3505,.T.);
#3503 = VERTEX_POINT('',#3504);
#3504 = CARTESIAN_POINT('',(132.5,-24.5,127.25));
#3505 = SEAM_CURVE('',#3506,(#3510,#3517),.PCURVE_S1.);
#3506 = LINE('',#3507,#3508);
#3507 = CARTESIAN_POINT('',(132.5,-24.5,127.25));
#3508 = VECTOR('',#3509,1.);
#3509 = DIRECTION('',(1.,0.,0.));
#3510 = PCURVE('',#3397,#3511);
#3511 = DEFINITIONAL_REPRESENTATION('',(#3512),#3516);
#3512 = LINE('',#3513,#3514);
#3513 = CARTESIAN_POINT('',(6.28318530718,-0.));
#3514 = VECTOR('',#3515,1.);
#3515 = DIRECTION('',(0.,1.));
#3516 = ( GEOMETRIC_REPRESENTATION_CONTEXT(2) 
PARAMETRIC_REPRESENTATION_CONTEXT() REPRESENTATION_CONTEXT('2D SPACE',''
  ) );
#3517 = PCURVE('',#3397,#3518);
#3518 = DEFINITIONAL_REPRESENTATION('',(#3519),#3523);
#3519 = LINE('',#3520,#3521);
#3520 = CARTESIAN_POINT('',(0.,-0.));
#3521 = VECTOR('',#3522,1.);
#3522 = DIRECTION('',(0.,1.));
#3523 = ( GEOMETRIC_REPRESENTATION_CONTEXT(2) 
PARAMETRIC_REPRESENTATION_CONTEXT() REPRESENTATION_CONTEXT('2D SPACE',''
  ) );
#3524 = ORIENTED_EDGE('',*,*,#3525,.T.);
#3525 = EDGE_CURVE('',#3503,#3503,#3526,.T.);
#3526 = SURFACE_CURVE('',#3527,(#3532,#3539),.PCURVE_S1.);
#3527 = CIRCLE('',#3528,1.25);
#3528 = AXIS2_PLACEMENT_3D('',#3529,#3530,#3531);
#3529 = CARTESIAN_POINT('',(132.5,-24.5,126.));
#3530 = DIRECTION('',(1.,0.,0.));
#3531 = DIRECTION('',(-0.,0.,1.));
#3532 = PCURVE('',#3397,#3533);
#3533 = DEFINITIONAL_REPRESENTATION('',(#3534),#3538);
#3534 = LINE('',#3535,#3536);
#3535 = CARTESIAN_POINT('',(0.,0.));
#3536 = VECTOR('',#3537,1.);
#3537 = DIRECTION('',(1.,0.));
#3538 = ( GEOMETRIC_REPRESENTATION_CONTEXT(2) 
PARAMETRIC_REPRESENTATION_CONTEXT() REPRESENTATION_CONTEXT('2D SPACE',''
  ) );
#3539 = PCURVE('',#3540,#3545);
#3540 = PLANE('',#3541);
#3541 = AXIS2_PLACEMENT_3D('',#3542,#3543,#3544);
#3542 = CARTESIAN_POINT('',(132.5,-24.5,126.));
#3543 = DIRECTION('',(1.,0.,0.));
#3544 = DIRECTION('',(-0.,0.,1.));
#3545 = DEFINITIONAL_REPRESENTATION('',(#3546),#3550);
#3546 = CIRCLE('',#3547,1.25);
#3547 = AXIS2_PLACEMENT_2D('',#3548,#3549);
#3548 = CARTESIAN_POINT('',(0.,0.));
#3549 = DIRECTION('',(1.,0.));
#3550 = ( GEOMETRIC_REPRESENTATION_CONTEXT(2) 
PARAMETRIC_REPRESENTATION_CONTEXT() REPRESENTATION_CONTEXT('2D SPACE',''
  ) );
#3551 = ORIENTED_EDGE('',*,*,#3502,.T.);
#3552 = ADVANCED_FACE('',(#3553),#3485,.T.);
#3553 = FACE_BOUND('',#3554,.F.);
#3554 = EDGE_LOOP('',(#3555));
#3555 = ORIENTED_EDGE('',*,*,#3470,.F.);
#3556 = ADVANCED_FACE('',(#3557),#3540,.T.);
#3557 = FACE_BOUND('',#3558,.F.);
#3558 = EDGE_LOOP('',(#3559));
#3559 = ORIENTED_EDGE('',*,*,#3525,.F.);
#3560 = MANIFOLD_SOLID_BREP('',#3561);
#3561 = CLOSED_SHELL('',(#3562,#3912,#3988,#4224,#4547,#4574,#4675,#4743
    ,#4834,#4901,#4949,#4999,#5006,#5017,#5064,#5111,#5180,#5205,#5275,
    #5323,#5371,#5397,#5558,#5648,#5697,#5746,#5773));
#3562 = ADVANCED_FACE('',(#3563,#3881),#3577,.F.);
#3563 = FACE_BOUND('',#3564,.F.);
#3564 = EDGE_LOOP('',(#3565,#3600,#3628,#3656,#3684,#3710,#3736,#3764,
    #3785,#3808,#3834,#3860));
#3565 = ORIENTED_EDGE('',*,*,#3566,.F.);
#3566 = EDGE_CURVE('',#3567,#3569,#3571,.T.);
#3567 = VERTEX_POINT('',#3568);
#3568 = CARTESIAN_POINT('',(101.5,-69.,29.));
#3569 = VERTEX_POINT('',#3570);
#3570 = CARTESIAN_POINT('',(101.5,-69.,122.));
#3571 = SURFACE_CURVE('',#3572,(#3576,#3588),.PCURVE_S1.);
#3572 = LINE('',#3573,#3574);
#3573 = CARTESIAN_POINT('',(101.5,-69.,29.));
#3574 = VECTOR('',#3575,1.);
#3575 = DIRECTION('',(0.,0.,1.));
#3576 = PCURVE('',#3577,#3582);
#3577 = PLANE('',#3578);
#3578 = AXIS2_PLACEMENT_3D('',#3579,#3580,#3581);
#3579 = CARTESIAN_POINT('',(101.5,-69.,29.));
#3580 = DIRECTION('',(1.,0.,-0.));
#3581 = DIRECTION('',(0.,0.,1.));
#3582 = DEFINITIONAL_REPRESENTATION('',(#3583),#3587);
#3583 = LINE('',#3584,#3585);
#3584 = CARTESIAN_POINT('',(0.,0.));
#3585 = VECTOR('',#3586,1.);
#3586 = DIRECTION('',(1.,0.));
#3587 = ( GEOMETRIC_REPRESENTATION_CONTEXT(2) 
PARAMETRIC_REPRESENTATION_CONTEXT() REPRESENTATION_CONTEXT('2D SPACE',''
  ) );
#3588 = PCURVE('',#3589,#3594);
#3589 = PLANE('',#3590);
#3590 = AXIS2_PLACEMENT_3D('',#3591,#3592,#3593);
#3591 = CARTESIAN_POINT('',(-101.5,-69.,29.));
#3592 = DIRECTION('',(-0.,1.,0.));
#3593 = DIRECTION('',(0.,0.,1.));
#3594 = DEFINITIONAL_REPRESENTATION('',(#3595),#3599);
#3595 = LINE('',#3596,#3597);
#3596 = CARTESIAN_POINT('',(0.,203.));
#3597 = VECTOR('',#3598,1.);
#3598 = DIRECTION('',(1.,0.));
#3599 = ( GEOMETRIC_REPRESENTATION_CONTEXT(2) 
PARAMETRIC_REPRESENTATION_CONTEXT() REPRESENTATION_CONTEXT('2D SPACE',''
  ) );
#3600 = ORIENTED_EDGE('',*,*,#3601,.T.);
#3601 = EDGE_CURVE('',#3567,#3602,#3604,.T.);
#3602 = VERTEX_POINT('',#3603);
#3603 = CARTESIAN_POINT('',(101.5,69.,29.));
#3604 = SURFACE_CURVE('',#3605,(#3609,#3616),.PCURVE_S1.);
#3605 = LINE('',#3606,#3607);
#3606 = CARTESIAN_POINT('',(101.5,-69.,29.));
#3607 = VECTOR('',#3608,1.);
#3608 = DIRECTION('',(-0.,1.,0.));
#3609 = PCURVE('',#3577,#3610);
#3610 = DEFINITIONAL_REPRESENTATION('',(#3611),#3615);
#3611 = LINE('',#3612,#3613);
#3612 = CARTESIAN_POINT('',(0.,0.));
#3613 = VECTOR('',#3614,1.);
#3614 = DIRECTION('',(0.,-1.));
#3615 = ( GEOMETRIC_REPRESENTATION_CONTEXT(2) 
PARAMETRIC_REPRESENTATION_CONTEXT() REPRESENTATION_CONTEXT('2D SPACE',''
  ) );
#3616 = PCURVE('',#3617,#3622);
#3617 = PLANE('',#3618);
#3618 = AXIS2_PLACEMENT_3D('',#3619,#3620,#3621);
#3619 = CARTESIAN_POINT('',(-101.5,-69.,29.));
#3620 = DIRECTION('',(0.,0.,1.));
#3621 = DIRECTION('',(1.,0.,-0.));
#3622 = DEFINITIONAL_REPRESENTATION('',(#3623),#3627);
#3623 = LINE('',#3624,#3625);
#3624 = CARTESIAN_POINT('',(203.,0.));
#3625 = VECTOR('',#3626,1.);
#3626 = DIRECTION('',(0.,1.));
#3627 = ( GEOMETRIC_REPRESENTATION_CONTEXT(2) 
PARAMETRIC_REPRESENTATION_CONTEXT() REPRESENTATION_CONTEXT('2D SPACE',''
  ) );
#3628 = ORIENTED_EDGE('',*,*,#3629,.T.);
#3629 = EDGE_CURVE('',#3602,#3630,#3632,.T.);
#3630 = VERTEX_POINT('',#3631);
#3631 = CARTESIAN_POINT('',(101.5,69.,122.));
#3632 = SURFACE_CURVE('',#3633,(#3637,#3644),.PCURVE_S1.);
#3633 = LINE('',#3634,#3635);
#3634 = CARTESIAN_POINT('',(101.5,69.,29.));
#3635 = VECTOR('',#3636,1.);
#3636 = DIRECTION('',(0.,0.,1.));
#3637 = PCURVE('',#3577,#3638);
#3638 = DEFINITIONAL_REPRESENTATION('',(#3639),#3643);
#3639 = LINE('',#3640,#3641);
#3640 = CARTESIAN_POINT('',(0.,-138.));
#3641 = VECTOR('',#3642,1.);
#3642 = DIRECTION('',(1.,0.));
#3643 = ( GEOMETRIC_REPRESENTATION_CONTEXT(2) 
PARAMETRIC_REPRESENTATION_CONTEXT() REPRESENTATION_CONTEXT('2D SPACE',''
  ) );
#3644 = PCURVE('',#3645,#3650);
#3645 = PLANE('',#3646);
#3646 = AXIS2_PLACEMENT_3D('',#3647,#3648,#3649);
#3647 = CARTESIAN_POINT('',(-101.5,69.,29.));
#3648 = DIRECTION('',(-0.,1.,0.));
#3649 = DIRECTION('',(0.,0.,1.));
#3650 = DEFINITIONAL_REPRESENTATION('',(#3651),#3655);
#3651 = LINE('',#3652,#3653);
#3652 = CARTESIAN_POINT('',(0.,203.));
#3653 = VECTOR('',#3654,1.);
#3654 = DIRECTION('',(1.,0.));
#3655 = ( GEOMETRIC_REPRESENTATION_CONTEXT(2) 
PARAMETRIC_REPRESENTATION_CONTEXT() REPRESENTATION_CONTEXT('2D SPACE',''
  ) );
#3656 = ORIENTED_EDGE('',*,*,#3657,.F.);
#3657 = EDGE_CURVE('',#3658,#3630,#3660,.T.);
#3658 = VERTEX_POINT('',#3659);
#3659 = CARTESIAN_POINT('',(101.5,29.5,122.));
#3660 = SURFACE_CURVE('',#3661,(#3665,#3672),.PCURVE_S1.);
#3661 = LINE('',#3662,#3663);
#3662 = CARTESIAN_POINT('',(101.5,-69.,122.));
#3663 = VECTOR('',#3664,1.);
#3664 = DIRECTION('',(-0.,1.,0.));
#3665 = PCURVE('',#3577,#3666);
#3666 = DEFINITIONAL_REPRESENTATION('',(#3667),#3671);
#3667 = LINE('',#3668,#3669);
#3668 = CARTESIAN_POINT('',(93.,0.));
#3669 = VECTOR('',#3670,1.);
#3670 = DIRECTION('',(0.,-1.));
#3671 = ( GEOMETRIC_REPRESENTATION_CONTEXT(2) 
PARAMETRIC_REPRESENTATION_CONTEXT() REPRESENTATION_CONTEXT('2D SPACE',''
  ) );
#3672 = PCURVE('',#3673,#3678);
#3673 = PLANE('',#3674);
#3674 = AXIS2_PLACEMENT_3D('',#3675,#3676,#3677);
#3675 = CARTESIAN_POINT('',(-101.5,-69.,122.));
#3676 = DIRECTION('',(0.,0.,1.));
#3677 = DIRECTION('',(1.,0.,-0.));
#3678 = DEFINITIONAL_REPRESENTATION('',(#3679),#3683);
#3679 = LINE('',#3680,#3681);
#3680 = CARTESIAN_POINT('',(203.,0.));
#3681 = VECTOR('',#3682,1.);
#3682 = DIRECTION('',(0.,1.));
#3683 = ( GEOMETRIC_REPRESENTATION_CONTEXT(2) 
PARAMETRIC_REPRESENTATION_CONTEXT() REPRESENTATION_CONTEXT('2D SPACE',''
  ) );
#3684 = ORIENTED_EDGE('',*,*,#3685,.F.);
#3685 = EDGE_CURVE('',#3686,#3658,#3688,.T.);
#3686 = VERTEX_POINT('',#3687);
#3687 = CARTESIAN_POINT('',(101.5,29.5,95.5));
#3688 = SURFACE_CURVE('',#3689,(#3693,#3699),.PCURVE_S1.);
#3689 = LINE('',#3690,#3691);
#3690 = CARTESIAN_POINT('',(101.5,29.5,62.25));
#3691 = VECTOR('',#3692,1.);
#3692 = DIRECTION('',(0.,0.,1.));
#3693 = PCURVE('',#3577,#3694);
#3694 = DEFINITIONAL_REPRESENTATION('',(#3695),#3698);
#3695 = B_SPLINE_CURVE_WITH_KNOTS('',1,(#3696,#3697),.UNSPECIFIED.,.F.,
  .F.,(2,2),(33.25,59.75),.PIECEWISE_BEZIER_KNOTS.);
#3696 = CARTESIAN_POINT('',(66.5,-98.5));
#3697 = CARTESIAN_POINT('',(93.,-98.5));
#3698 = ( GEOMETRIC_REPRESENTATION_CONTEXT(2) 
PARAMETRIC_REPRESENTATION_CONTEXT() REPRESENTATION_CONTEXT('2D SPACE',''
  ) );
#3699 = PCURVE('',#3700,#3705);
#3700 = PLANE('',#3701);
#3701 = AXIS2_PLACEMENT_3D('',#3702,#3703,#3704);
#3702 = CARTESIAN_POINT('',(100.5,29.5,95.5));
#3703 = DIRECTION('',(-0.,1.,0.));
#3704 = DIRECTION('',(0.,0.,1.));
#3705 = DEFINITIONAL_REPRESENTATION('',(#3706),#3709);
#3706 = B_SPLINE_CURVE_WITH_KNOTS('',1,(#3707,#3708),.UNSPECIFIED.,.F.,
  .F.,(2,2),(33.25,59.75),.PIECEWISE_BEZIER_KNOTS.);
#3707 = CARTESIAN_POINT('',(0.,1.));
#3708 = CARTESIAN_POINT('',(26.5,1.));
#3709 = ( GEOMETRIC_REPRESENTATION_CONTEXT(2) 
PARAMETRIC_REPRESENTATION_CONTEXT() REPRESENTATION_CONTEXT('2D SPACE',''
  ) );
#3710 = ORIENTED_EDGE('',*,*,#3711,.T.);
#3711 = EDGE_CURVE('',#3686,#3712,#3714,.T.);
#3712 = VERTEX_POINT('',#3713);
#3713 = CARTESIAN_POINT('',(101.5,25.,95.5));
#3714 = SURFACE_CURVE('',#3715,(#3719,#3725),.PCURVE_S1.);
#3715 = LINE('',#3716,#3717);
#3716 = CARTESIAN_POINT('',(101.5,-24.25,95.5));
#3717 = VECTOR('',#3718,1.);
#3718 = DIRECTION('',(0.,-1.,0.));
#3719 = PCURVE('',#3577,#3720);
#3720 = DEFINITIONAL_REPRESENTATION('',(#3721),#3724);
#3721 = B_SPLINE_CURVE_WITH_KNOTS('',1,(#3722,#3723),.UNSPECIFIED.,.F.,
  .F.,(2,2),(-53.75,-44.75),.PIECEWISE_BEZIER_KNOTS.);
#3722 = CARTESIAN_POINT('',(66.5,-98.5));
#3723 = CARTESIAN_POINT('',(66.5,-89.5));
#3724 = ( GEOMETRIC_REPRESENTATION_CONTEXT(2) 
PARAMETRIC_REPRESENTATION_CONTEXT() REPRESENTATION_CONTEXT('2D SPACE',''
  ) );
#3725 = PCURVE('',#3726,#3731);
#3726 = PLANE('',#3727);
#3727 = AXIS2_PLACEMENT_3D('',#3728,#3729,#3730);
#3728 = CARTESIAN_POINT('',(100.5,20.5,95.5));
#3729 = DIRECTION('',(0.,0.,1.));
#3730 = DIRECTION('',(1.,0.,-0.));
#3731 = DEFINITIONAL_REPRESENTATION('',(#3732),#3735);
#3732 = B_SPLINE_CURVE_WITH_KNOTS('',1,(#3733,#3734),.UNSPECIFIED.,.F.,
  .F.,(2,2),(-53.75,-44.75),.PIECEWISE_BEZIER_KNOTS.);
#3733 = CARTESIAN_POINT('',(1.,9.));
#3734 = CARTESIAN_POINT('',(1.,0.));
#3735 = ( GEOMETRIC_REPRESENTATION_CONTEXT(2) 
PARAMETRIC_REPRESENTATION_CONTEXT() REPRESENTATION_CONTEXT('2D SPACE',''
  ) );
#3736 = ORIENTED_EDGE('',*,*,#3737,.F.);
#3737 = EDGE_CURVE('',#3738,#3712,#3740,.T.);
#3738 = VERTEX_POINT('',#3739);
#3739 = CARTESIAN_POINT('',(101.5,25.,33.));
#3740 = SURFACE_CURVE('',#3741,(#3745,#3752),.PCURVE_S1.);
#3741 = LINE('',#3742,#3743);
#3742 = CARTESIAN_POINT('',(101.5,25.,33.));
#3743 = VECTOR('',#3744,1.);
#3744 = DIRECTION('',(0.,0.,1.));
#3745 = PCURVE('',#3577,#3746);
#3746 = DEFINITIONAL_REPRESENTATION('',(#3747),#3751);
#3747 = LINE('',#3748,#3749);
#3748 = CARTESIAN_POINT('',(4.,-94.));
#3749 = VECTOR('',#3750,1.);
#3750 = DIRECTION('',(1.,0.));
#3751 = ( GEOMETRIC_REPRESENTATION_CONTEXT(2) 
PARAMETRIC_REPRESENTATION_CONTEXT() REPRESENTATION_CONTEXT('2D SPACE',''
  ) );
#3752 = PCURVE('',#3753,#3758);
#3753 = PLANE('',#3754);
#3754 = AXIS2_PLACEMENT_3D('',#3755,#3756,#3757);
#3755 = CARTESIAN_POINT('',(101.5,-69.,29.));
#3756 = DIRECTION('',(1.,0.,-0.));
#3757 = DIRECTION('',(0.,0.,1.));
#3758 = DEFINITIONAL_REPRESENTATION('',(#3759),#3763);
#3759 = LINE('',#3760,#3761);
#3760 = CARTESIAN_POINT('',(4.,-94.));
#3761 = VECTOR('',#3762,1.);
#3762 = DIRECTION('',(1.,0.));
#3763 = ( GEOMETRIC_REPRESENTATION_CONTEXT(2) 
PARAMETRIC_REPRESENTATION_CONTEXT() REPRESENTATION_CONTEXT('2D SPACE',''
  ) );
#3764 = ORIENTED_EDGE('',*,*,#3765,.F.);
#3765 = EDGE_CURVE('',#3766,#3738,#3768,.T.);
#3766 = VERTEX_POINT('',#3767);
#3767 = CARTESIAN_POINT('',(101.5,-25.,33.));
#3768 = SURFACE_CURVE('',#3769,(#3773,#3779),.PCURVE_S1.);
#3769 = LINE('',#3770,#3771);
#3770 = CARTESIAN_POINT('',(101.5,-40.,33.));
#3771 = VECTOR('',#3772,1.);
#3772 = DIRECTION('',(0.,1.,0.));
#3773 = PCURVE('',#3577,#3774);
#3774 = DEFINITIONAL_REPRESENTATION('',(#3775),#3778);
#3775 = B_SPLINE_CURVE_WITH_KNOTS('',1,(#3776,#3777),.UNSPECIFIED.,.F.,
  .F.,(2,2),(0.,80.),.PIECEWISE_BEZIER_KNOTS.);
#3776 = CARTESIAN_POINT('',(4.,-29.));
#3777 = CARTESIAN_POINT('',(4.,-109.));
#3778 = ( GEOMETRIC_REPRESENTATION_CONTEXT(2) 
PARAMETRIC_REPRESENTATION_CONTEXT() REPRESENTATION_CONTEXT('2D SPACE',''
  ) );
#3779 = PCURVE('',#3753,#3780);
#3780 = DEFINITIONAL_REPRESENTATION('',(#3781),#3784);
#3781 = B_SPLINE_CURVE_WITH_KNOTS('',1,(#3782,#3783),.UNSPECIFIED.,.F.,
  .F.,(2,2),(0.,80.),.PIECEWISE_BEZIER_KNOTS.);
#3782 = CARTESIAN_POINT('',(4.,-29.));
#3783 = CARTESIAN_POINT('',(4.,-109.));
#3784 = ( GEOMETRIC_REPRESENTATION_CONTEXT(2) 
PARAMETRIC_REPRESENTATION_CONTEXT() REPRESENTATION_CONTEXT('2D SPACE',''
  ) );
#3785 = ORIENTED_EDGE('',*,*,#3786,.T.);
#3786 = EDGE_CURVE('',#3766,#3787,#3789,.T.);
#3787 = VERTEX_POINT('',#3788);
#3788 = CARTESIAN_POINT('',(101.5,-25.,95.5));
#3789 = SURFACE_CURVE('',#3790,(#3794,#3801),.PCURVE_S1.);
#3790 = LINE('',#3791,#3792);
#3791 = CARTESIAN_POINT('',(101.5,-25.,33.));
#3792 = VECTOR('',#3793,1.);
#3793 = DIRECTION('',(0.,0.,1.));
#3794 = PCURVE('',#3577,#3795);
#3795 = DEFINITIONAL_REPRESENTATION('',(#3796),#3800);
#3796 = LINE('',#3797,#3798);
#3797 = CARTESIAN_POINT('',(4.,-44.));
#3798 = VECTOR('',#3799,1.);
#3799 = DIRECTION('',(1.,0.));
#3800 = ( GEOMETRIC_REPRESENTATION_CONTEXT(2) 
PARAMETRIC_REPRESENTATION_CONTEXT() REPRESENTATION_CONTEXT('2D SPACE',''
  ) );
#3801 = PCURVE('',#3753,#3802);
#3802 = DEFINITIONAL_REPRESENTATION('',(#3803),#3807);
#3803 = LINE('',#3804,#3805);
#3804 = CARTESIAN_POINT('',(4.,-44.));
#3805 = VECTOR('',#3806,1.);
#3806 = DIRECTION('',(1.,0.));
#3807 = ( GEOMETRIC_REPRESENTATION_CONTEXT(2) 
PARAMETRIC_REPRESENTATION_CONTEXT() REPRESENTATION_CONTEXT('2D SPACE',''
  ) );
#3808 = ORIENTED_EDGE('',*,*,#3809,.T.);
#3809 = EDGE_CURVE('',#3787,#3810,#3812,.T.);
#3810 = VERTEX_POINT('',#3811);
#3811 = CARTESIAN_POINT('',(101.5,-29.5,95.5));
#3812 = SURFACE_CURVE('',#3813,(#3817,#3823),.PCURVE_S1.);
#3813 = LINE('',#3814,#3815);
#3814 = CARTESIAN_POINT('',(101.5,-49.25,95.5));
#3815 = VECTOR('',#3816,1.);
#3816 = DIRECTION('',(0.,-1.,0.));
#3817 = PCURVE('',#3577,#3818);
#3818 = DEFINITIONAL_REPRESENTATION('',(#3819),#3822);
#3819 = B_SPLINE_CURVE_WITH_KNOTS('',1,(#3820,#3821),.UNSPECIFIED.,.F.,
  .F.,(2,2),(-28.75,-19.75),.PIECEWISE_BEZIER_KNOTS.);
#3820 = CARTESIAN_POINT('',(66.5,-48.5));
#3821 = CARTESIAN_POINT('',(66.5,-39.5));
#3822 = ( GEOMETRIC_REPRESENTATION_CONTEXT(2) 
PARAMETRIC_REPRESENTATION_CONTEXT() REPRESENTATION_CONTEXT('2D SPACE',''
  ) );
#3823 = PCURVE('',#3824,#3829);
#3824 = PLANE('',#3825);
#3825 = AXIS2_PLACEMENT_3D('',#3826,#3827,#3828);
#3826 = CARTESIAN_POINT('',(100.5,-29.5,95.5));
#3827 = DIRECTION('',(0.,0.,1.));
#3828 = DIRECTION('',(1.,0.,-0.));
#3829 = DEFINITIONAL_REPRESENTATION('',(#3830),#3833);
#3830 = B_SPLINE_CURVE_WITH_KNOTS('',1,(#3831,#3832),.UNSPECIFIED.,.F.,
  .F.,(2,2),(-28.75,-19.75),.PIECEWISE_BEZIER_KNOTS.);
#3831 = CARTESIAN_POINT('',(1.,9.));
#3832 = CARTESIAN_POINT('',(1.,0.));
#3833 = ( GEOMETRIC_REPRESENTATION_CONTEXT(2) 
PARAMETRIC_REPRESENTATION_CONTEXT() REPRESENTATION_CONTEXT('2D SPACE',''
  ) );
#3834 = ORIENTED_EDGE('',*,*,#3835,.T.);
#3835 = EDGE_CURVE('',#3810,#3836,#3838,.T.);
#3836 = VERTEX_POINT('',#3837);
#3837 = CARTESIAN_POINT('',(101.5,-29.5,122.));
#3838 = SURFACE_CURVE('',#3839,(#3843,#3849),.PCURVE_S1.);
#3839 = LINE('',#3840,#3841);
#3840 = CARTESIAN_POINT('',(101.5,-29.5,62.25));
#3841 = VECTOR('',#3842,1.);
#3842 = DIRECTION('',(0.,0.,1.));
#3843 = PCURVE('',#3577,#3844);
#3844 = DEFINITIONAL_REPRESENTATION('',(#3845),#3848);
#3845 = B_SPLINE_CURVE_WITH_KNOTS('',1,(#3846,#3847),.UNSPECIFIED.,.F.,
  .F.,(2,2),(33.25,59.75),.PIECEWISE_BEZIER_KNOTS.);
#3846 = CARTESIAN_POINT('',(66.5,-39.5));
#3847 = CARTESIAN_POINT('',(93.,-39.5));
#3848 = ( GEOMETRIC_REPRESENTATION_CONTEXT(2) 
PARAMETRIC_REPRESENTATION_CONTEXT() REPRESENTATION_CONTEXT('2D SPACE',''
  ) );
#3849 = PCURVE('',#3850,#3855);
#3850 = PLANE('',#3851);
#3851 = AXIS2_PLACEMENT_3D('',#3852,#3853,#3854);
#3852 = CARTESIAN_POINT('',(100.5,-29.5,95.5));
#3853 = DIRECTION('',(-0.,1.,0.));
#3854 = DIRECTION('',(0.,0.,1.));
#3855 = DEFINITIONAL_REPRESENTATION('',(#3856),#3859);
#3856 = B_SPLINE_CURVE_WITH_KNOTS('',1,(#3857,#3858),.UNSPECIFIED.,.F.,
  .F.,(2,2),(33.25,59.75),.PIECEWISE_BEZIER_KNOTS.);
#3857 = CARTESIAN_POINT('',(0.,1.));
#3858 = CARTESIAN_POINT('',(26.5,1.));
#3859 = ( GEOMETRIC_REPRESENTATION_CONTEXT(2) 
PARAMETRIC_REPRESENTATION_CONTEXT() REPRESENTATION_CONTEXT('2D SPACE',''
  ) );
#3860 = ORIENTED_EDGE('',*,*,#3861,.F.);
#3861 = EDGE_CURVE('',#3569,#3836,#3862,.T.);
#3862 = SURFACE_CURVE('',#3863,(#3867,#3874),.PCURVE_S1.);
#3863 = LINE('',#3864,#3865);
#3864 = CARTESIAN_POINT('',(101.5,-69.,122.));
#3865 = VECTOR('',#3866,1.);
#3866 = DIRECTION('',(-0.,1.,0.));
#3867 = PCURVE('',#3577,#3868);
#3868 = DEFINITIONAL_REPRESENTATION('',(#3869),#3873);
#3869 = LINE('',#3870,#3871);
#3870 = CARTESIAN_POINT('',(93.,0.));
#3871 = VECTOR('',#3872,1.);
#3872 = DIRECTION('',(0.,-1.));
#3873 = ( GEOMETRIC_REPRESENTATION_CONTEXT(2) 
PARAMETRIC_REPRESENTATION_CONTEXT() REPRESENTATION_CONTEXT('2D SPACE',''
  ) );
#3874 = PCURVE('',#3673,#3875);
#3875 = DEFINITIONAL_REPRESENTATION('',(#3876),#3880);
#3876 = LINE('',#3877,#3878);
#3877 = CARTESIAN_POINT('',(203.,0.));
#3878 = VECTOR('',#3879,1.);
#3879 = DIRECTION('',(0.,1.));
#3880 = ( GEOMETRIC_REPRESENTATION_CONTEXT(2) 
PARAMETRIC_REPRESENTATION_CONTEXT() REPRESENTATION_CONTEXT('2D SPACE',''
  ) );
#3881 = FACE_BOUND('',#3882,.F.);
#3882 = EDGE_LOOP('',(#3883));
#3883 = ORIENTED_EDGE('',*,*,#3884,.F.);
#3884 = EDGE_CURVE('',#3885,#3885,#3887,.T.);
#3885 = VERTEX_POINT('',#3886);
#3886 = CARTESIAN_POINT('',(101.5,-40.,117.));
#3887 = SURFACE_CURVE('',#3888,(#3893,#3900),.PCURVE_S1.);
#3888 = CIRCLE('',#3889,3.);
#3889 = AXIS2_PLACEMENT_3D('',#3890,#3891,#3892);
#3890 = CARTESIAN_POINT('',(101.5,-40.,114.));
#3891 = DIRECTION('',(1.,0.,0.));
#3892 = DIRECTION('',(-0.,0.,1.));
#3893 = PCURVE('',#3577,#3894);
#3894 = DEFINITIONAL_REPRESENTATION('',(#3895),#3899);
#3895 = CIRCLE('',#3896,3.);
#3896 = AXIS2_PLACEMENT_2D('',#3897,#3898);
#3897 = CARTESIAN_POINT('',(85.,-29.));
#3898 = DIRECTION('',(1.,0.));
#3899 = ( GEOMETRIC_REPRESENTATION_CONTEXT(2) 
PARAMETRIC_REPRESENTATION_CONTEXT() REPRESENTATION_CONTEXT('2D SPACE',''
  ) );
#3900 = PCURVE('',#3901,#3906);
#3901 = CYLINDRICAL_SURFACE('',#3902,3.);
#3902 = AXIS2_PLACEMENT_3D('',#3903,#3904,#3905);
#3903 = CARTESIAN_POINT('',(99.5,-40.,114.));
#3904 = DIRECTION('',(1.,0.,0.));
#3905 = DIRECTION('',(-0.,0.,1.));
#3906 = DEFINITIONAL_REPRESENTATION('',(#3907),#3911);
#3907 = LINE('',#3908,#3909);
#3908 = CARTESIAN_POINT('',(0.,2.));
#3909 = VECTOR('',#3910,1.);
#3910 = DIRECTION('',(1.,0.));
#3911 = ( GEOMETRIC_REPRESENTATION_CONTEXT(2) 
PARAMETRIC_REPRESENTATION_CONTEXT() REPRESENTATION_CONTEXT('2D SPACE',''
  ) );
#3912 = ADVANCED_FACE('',(#3913),#3589,.T.);
#3913 = FACE_BOUND('',#3914,.T.);
#3914 = EDGE_LOOP('',(#3915,#3916,#3939,#3967));
#3915 = ORIENTED_EDGE('',*,*,#3566,.F.);
#3916 = ORIENTED_EDGE('',*,*,#3917,.F.);
#3917 = EDGE_CURVE('',#3918,#3567,#3920,.T.);
#3918 = VERTEX_POINT('',#3919);
#3919 = CARTESIAN_POINT('',(-101.5,-69.,29.));
#3920 = SURFACE_CURVE('',#3921,(#3925,#3932),.PCURVE_S1.);
#3921 = LINE('',#3922,#3923);
#3922 = CARTESIAN_POINT('',(-101.5,-69.,29.));
#3923 = VECTOR('',#3924,1.);
#3924 = DIRECTION('',(1.,0.,-0.));
#3925 = PCURVE('',#3589,#3926);
#3926 = DEFINITIONAL_REPRESENTATION('',(#3927),#3931);
#3927 = LINE('',#3928,#3929);
#3928 = CARTESIAN_POINT('',(0.,0.));
#3929 = VECTOR('',#3930,1.);
#3930 = DIRECTION('',(0.,1.));
#3931 = ( GEOMETRIC_REPRESENTATION_CONTEXT(2) 
PARAMETRIC_REPRESENTATION_CONTEXT() REPRESENTATION_CONTEXT('2D SPACE',''
  ) );
#3932 = PCURVE('',#3617,#3933);
#3933 = DEFINITIONAL_REPRESENTATION('',(#3934),#3938);
#3934 = LINE('',#3935,#3936);
#3935 = CARTESIAN_POINT('',(0.,0.));
#3936 = VECTOR('',#3937,1.);
#3937 = DIRECTION('',(1.,0.));
#3938 = ( GEOMETRIC_REPRESENTATION_CONTEXT(2) 
PARAMETRIC_REPRESENTATION_CONTEXT() REPRESENTATION_CONTEXT('2D SPACE',''
  ) );
#3939 = ORIENTED_EDGE('',*,*,#3940,.T.);
#3940 = EDGE_CURVE('',#3918,#3941,#3943,.T.);
#3941 = VERTEX_POINT('',#3942);
#3942 = CARTESIAN_POINT('',(-101.5,-69.,122.));
#3943 = SURFACE_CURVE('',#3944,(#3948,#3955),.PCURVE_S1.);
#3944 = LINE('',#3945,#3946);
#3945 = CARTESIAN_POINT('',(-101.5,-69.,29.));
#3946 = VECTOR('',#3947,1.);
#3947 = DIRECTION('',(0.,0.,1.));
#3948 = PCURVE('',#3589,#3949);
#3949 = DEFINITIONAL_REPRESENTATION('',(#3950),#3954);
#3950 = LINE('',#3951,#3952);
#3951 = CARTESIAN_POINT('',(0.,0.));
#3952 = VECTOR('',#3953,1.);
#3953 = DIRECTION('',(1.,0.));
#3954 = ( GEOMETRIC_REPRESENTATION_CONTEXT(2) 
PARAMETRIC_REPRESENTATION_CONTEXT() REPRESENTATION_CONTEXT('2D SPACE',''
  ) );
#3955 = PCURVE('',#3956,#3961);
#3956 = PLANE('',#3957);
#3957 = AXIS2_PLACEMENT_3D('',#3958,#3959,#3960);
#3958 = CARTESIAN_POINT('',(-101.5,-69.,29.));
#3959 = DIRECTION('',(1.,0.,-0.));
#3960 = DIRECTION('',(0.,0.,1.));
#3961 = DEFINITIONAL_REPRESENTATION('',(#3962),#3966);
#3962 = LINE('',#3963,#3964);
#3963 = CARTESIAN_POINT('',(0.,0.));
#3964 = VECTOR('',#3965,1.);
#3965 = DIRECTION('',(1.,0.));
#3966 = ( GEOMETRIC_REPRESENTATION_CONTEXT(2) 
PARAMETRIC_REPRESENTATION_CONTEXT() REPRESENTATION_CONTEXT('2D SPACE',''
  ) );
#3967 = ORIENTED_EDGE('',*,*,#3968,.T.);
#3968 = EDGE_CURVE('',#3941,#3569,#3969,.T.);
#3969 = SURFACE_CURVE('',#3970,(#3974,#3981),.PCURVE_S1.);
#3970 = LINE('',#3971,#3972);
#3971 = CARTESIAN_POINT('',(-101.5,-69.,122.));
#3972 = VECTOR('',#3973,1.);
#3973 = DIRECTION('',(1.,0.,-0.));
#3974 = PCURVE('',#3589,#3975);
#3975 = DEFINITIONAL_REPRESENTATION('',(#3976),#3980);
#3976 = LINE('',#3977,#3978);
#3977 = CARTESIAN_POINT('',(93.,0.));
#3978 = VECTOR('',#3979,1.);
#3979 = DIRECTION('',(0.,1.));
#3980 = ( GEOMETRIC_REPRESENTATION_CONTEXT(2) 
PARAMETRIC_REPRESENTATION_CONTEXT() REPRESENTATION_CONTEXT('2D SPACE',''
  ) );
#3981 = PCURVE('',#3673,#3982);
#3982 = DEFINITIONAL_REPRESENTATION('',(#3983),#3987);
#3983 = LINE('',#3984,#3985);
#3984 = CARTESIAN_POINT('',(0.,0.));
#3985 = VECTOR('',#3986,1.);
#3986 = DIRECTION('',(1.,0.));
#3987 = ( GEOMETRIC_REPRESENTATION_CONTEXT(2) 
PARAMETRIC_REPRESENTATION_CONTEXT() REPRESENTATION_CONTEXT('2D SPACE',''
  ) );
#3988 = ADVANCED_FACE('',(#3989,#4037),#3617,.T.);
#3989 = FACE_BOUND('',#3990,.T.);
#3990 = EDGE_LOOP('',(#3991,#4014,#4015,#4016));
#3991 = ORIENTED_EDGE('',*,*,#3992,.F.);
#3992 = EDGE_CURVE('',#3918,#3993,#3995,.T.);
#3993 = VERTEX_POINT('',#3994);
#3994 = CARTESIAN_POINT('',(-101.5,69.,29.));
#3995 = SURFACE_CURVE('',#3996,(#4000,#4007),.PCURVE_S1.);
#3996 = LINE('',#3997,#3998);
#3997 = CARTESIAN_POINT('',(-101.5,-69.,29.));
#3998 = VECTOR('',#3999,1.);
#3999 = DIRECTION('',(-0.,1.,0.));
#4000 = PCURVE('',#3617,#4001);
#4001 = DEFINITIONAL_REPRESENTATION('',(#4002),#4006);
#4002 = LINE('',#4003,#4004);
#4003 = CARTESIAN_POINT('',(0.,0.));
#4004 = VECTOR('',#4005,1.);
#4005 = DIRECTION('',(0.,1.));
#4006 = ( GEOMETRIC_REPRESENTATION_CONTEXT(2) 
PARAMETRIC_REPRESENTATION_CONTEXT() REPRESENTATION_CONTEXT('2D SPACE',''
  ) );
#4007 = PCURVE('',#3956,#4008);
#4008 = DEFINITIONAL_REPRESENTATION('',(#4009),#4013);
#4009 = LINE('',#4010,#4011);
#4010 = CARTESIAN_POINT('',(0.,0.));
#4011 = VECTOR('',#4012,1.);
#4012 = DIRECTION('',(0.,-1.));
#4013 = ( GEOMETRIC_REPRESENTATION_CONTEXT(2) 
PARAMETRIC_REPRESENTATION_CONTEXT() REPRESENTATION_CONTEXT('2D SPACE',''
  ) );
#4014 = ORIENTED_EDGE('',*,*,#3917,.T.);
#4015 = ORIENTED_EDGE('',*,*,#3601,.T.);
#4016 = ORIENTED_EDGE('',*,*,#4017,.F.);
#4017 = EDGE_CURVE('',#3993,#3602,#4018,.T.);
#4018 = SURFACE_CURVE('',#4019,(#4023,#4030),.PCURVE_S1.);
#4019 = LINE('',#4020,#4021);
#4020 = CARTESIAN_POINT('',(-101.5,69.,29.));
#4021 = VECTOR('',#4022,1.);
#4022 = DIRECTION('',(1.,0.,-0.));
#4023 = PCURVE('',#3617,#4024);
#4024 = DEFINITIONAL_REPRESENTATION('',(#4025),#4029);
#4025 = LINE('',#4026,#4027);
#4026 = CARTESIAN_POINT('',(0.,138.));
#4027 = VECTOR('',#4028,1.);
#4028 = DIRECTION('',(1.,0.));
#4029 = ( GEOMETRIC_REPRESENTATION_CONTEXT(2) 
PARAMETRIC_REPRESENTATION_CONTEXT() REPRESENTATION_CONTEXT('2D SPACE',''
  ) );
#4030 = PCURVE('',#3645,#4031);
#4031 = DEFINITIONAL_REPRESENTATION('',(#4032),#4036);
#4032 = LINE('',#4033,#4034);
#4033 = CARTESIAN_POINT('',(0.,0.));
#4034 = VECTOR('',#4035,1.);
#4035 = DIRECTION('',(0.,1.));
#4036 = ( GEOMETRIC_REPRESENTATION_CONTEXT(2) 
PARAMETRIC_REPRESENTATION_CONTEXT() REPRESENTATION_CONTEXT('2D SPACE',''
  ) );
#4037 = FACE_BOUND('',#4038,.T.);
#4038 = EDGE_LOOP('',(#4039,#4067,#4091,#4112,#4136,#4157,#4181,#4202));
#4039 = ORIENTED_EDGE('',*,*,#4040,.F.);
#4040 = EDGE_CURVE('',#4041,#4043,#4045,.T.);
#4041 = VERTEX_POINT('',#4042);
#4042 = CARTESIAN_POINT('',(-72.5,-65.,29.));
#4043 = VERTEX_POINT('',#4044);
#4044 = CARTESIAN_POINT('',(72.5,-65.,29.));
#4045 = SURFACE_CURVE('',#4046,(#4050,#4056),.PCURVE_S1.);
#4046 = LINE('',#4047,#4048);
#4047 = CARTESIAN_POINT('',(-72.5,-65.,29.));
#4048 = VECTOR('',#4049,1.);
#4049 = DIRECTION('',(1.,0.,0.));
#4050 = PCURVE('',#3617,#4051);
#4051 = DEFINITIONAL_REPRESENTATION('',(#4052),#4055);
#4052 = B_SPLINE_CURVE_WITH_KNOTS('',1,(#4053,#4054),.UNSPECIFIED.,.F.,
  .F.,(2,2),(0.,145.),.PIECEWISE_BEZIER_KNOTS.);
#4053 = CARTESIAN_POINT('',(29.,4.));
#4054 = CARTESIAN_POINT('',(174.,4.));
#4055 = ( GEOMETRIC_REPRESENTATION_CONTEXT(2) 
PARAMETRIC_REPRESENTATION_CONTEXT() REPRESENTATION_CONTEXT('2D SPACE',''
  ) );
#4056 = PCURVE('',#4057,#4062);
#4057 = PLANE('',#4058);
#4058 = AXIS2_PLACEMENT_3D('',#4059,#4060,#4061);
#4059 = CARTESIAN_POINT('',(-101.5,-69.,29.));
#4060 = DIRECTION('',(0.,0.,1.));
#4061 = DIRECTION('',(1.,0.,-0.));
#4062 = DEFINITIONAL_REPRESENTATION('',(#4063),#4066);
#4063 = B_SPLINE_CURVE_WITH_KNOTS('',1,(#4064,#4065),.UNSPECIFIED.,.F.,
  .F.,(2,2),(0.,145.),.PIECEWISE_BEZIER_KNOTS.);
#4064 = CARTESIAN_POINT('',(29.,4.));
#4065 = CARTESIAN_POINT('',(174.,4.));
#4066 = ( GEOMETRIC_REPRESENTATION_CONTEXT(2) 
PARAMETRIC_REPRESENTATION_CONTEXT() REPRESENTATION_CONTEXT('2D SPACE',''
  ) );
#4067 = ORIENTED_EDGE('',*,*,#4068,.F.);
#4068 = EDGE_CURVE('',#4069,#4041,#4071,.T.);
#4069 = VERTEX_POINT('',#4070);
#4070 = CARTESIAN_POINT('',(-97.5,-40.,29.));
#4071 = SURFACE_CURVE('',#4072,(#4077,#4084),.PCURVE_S1.);
#4072 = CIRCLE('',#4073,25.);
#4073 = AXIS2_PLACEMENT_3D('',#4074,#4075,#4076);
#4074 = CARTESIAN_POINT('',(-72.5,-40.,29.));
#4075 = DIRECTION('',(0.,-0.,1.));
#4076 = DIRECTION('',(1.,0.,0.));
#4077 = PCURVE('',#3617,#4078);
#4078 = DEFINITIONAL_REPRESENTATION('',(#4079),#4083);
#4079 = CIRCLE('',#4080,25.);
#4080 = AXIS2_PLACEMENT_2D('',#4081,#4082);
#4081 = CARTESIAN_POINT('',(29.,29.));
#4082 = DIRECTION('',(1.,0.));
#4083 = ( GEOMETRIC_REPRESENTATION_CONTEXT(2) 
PARAMETRIC_REPRESENTATION_CONTEXT() REPRESENTATION_CONTEXT('2D SPACE',''
  ) );
#4084 = PCURVE('',#4057,#4085);
#4085 = DEFINITIONAL_REPRESENTATION('',(#4086),#4090);
#4086 = CIRCLE('',#4087,25.);
#4087 = AXIS2_PLACEMENT_2D('',#4088,#4089);
#4088 = CARTESIAN_POINT('',(29.,29.));
#4089 = DIRECTION('',(1.,0.));
#4090 = ( GEOMETRIC_REPRESENTATION_CONTEXT(2) 
PARAMETRIC_REPRESENTATION_CONTEXT() REPRESENTATION_CONTEXT('2D SPACE',''
  ) );
#4091 = ORIENTED_EDGE('',*,*,#4092,.F.);
#4092 = EDGE_CURVE('',#4093,#4069,#4095,.T.);
#4093 = VERTEX_POINT('',#4094);
#4094 = CARTESIAN_POINT('',(-97.5,40.,29.));
#4095 = SURFACE_CURVE('',#4096,(#4100,#4106),.PCURVE_S1.);
#4096 = LINE('',#4097,#4098);
#4097 = CARTESIAN_POINT('',(-97.5,40.,29.));
#4098 = VECTOR('',#4099,1.);
#4099 = DIRECTION('',(0.,-1.,0.));
#4100 = PCURVE('',#3617,#4101);
#4101 = DEFINITIONAL_REPRESENTATION('',(#4102),#4105);
#4102 = B_SPLINE_CURVE_WITH_KNOTS('',1,(#4103,#4104),.UNSPECIFIED.,.F.,
  .F.,(2,2),(0.,80.),.PIECEWISE_BEZIER_KNOTS.);
#4103 = CARTESIAN_POINT('',(4.,109.));
#4104 = CARTESIAN_POINT('',(4.,29.));
#4105 = ( GEOMETRIC_REPRESENTATION_CONTEXT(2) 
PARAMETRIC_REPRESENTATION_CONTEXT() REPRESENTATION_CONTEXT('2D SPACE',''
  ) );
#4106 = PCURVE('',#4057,#4107);
#4107 = DEFINITIONAL_REPRESENTATION('',(#4108),#4111);
#4108 = B_SPLINE_CURVE_WITH_KNOTS('',1,(#4109,#4110),.UNSPECIFIED.,.F.,
  .F.,(2,2),(0.,80.),.PIECEWISE_BEZIER_KNOTS.);
#4109 = CARTESIAN_POINT('',(4.,109.));
#4110 = CARTESIAN_POINT('',(4.,29.));
#4111 = ( GEOMETRIC_REPRESENTATION_CONTEXT(2) 
PARAMETRIC_REPRESENTATION_CONTEXT() REPRESENTATION_CONTEXT('2D SPACE',''
  ) );
#4112 = ORIENTED_EDGE('',*,*,#4113,.F.);
#4113 = EDGE_CURVE('',#4114,#4093,#4116,.T.);
#4114 = VERTEX_POINT('',#4115);
#4115 = CARTESIAN_POINT('',(-72.5,65.,29.));
#4116 = SURFACE_CURVE('',#4117,(#4122,#4129),.PCURVE_S1.);
#4117 = CIRCLE('',#4118,25.);
#4118 = AXIS2_PLACEMENT_3D('',#4119,#4120,#4121);
#4119 = CARTESIAN_POINT('',(-72.5,40.,29.));
#4120 = DIRECTION('',(0.,-0.,1.));
#4121 = DIRECTION('',(1.,0.,0.));
#4122 = PCURVE('',#3617,#4123);
#4123 = DEFINITIONAL_REPRESENTATION('',(#4124),#4128);
#4124 = CIRCLE('',#4125,25.);
#4125 = AXIS2_PLACEMENT_2D('',#4126,#4127);
#4126 = CARTESIAN_POINT('',(29.,109.));
#4127 = DIRECTION('',(1.,0.));
#4128 = ( GEOMETRIC_REPRESENTATION_CONTEXT(2) 
PARAMETRIC_REPRESENTATION_CONTEXT() REPRESENTATION_CONTEXT('2D SPACE',''
  ) );
#4129 = PCURVE('',#4057,#4130);
#4130 = DEFINITIONAL_REPRESENTATION('',(#4131),#4135);
#4131 = CIRCLE('',#4132,25.);
#4132 = AXIS2_PLACEMENT_2D('',#4133,#4134);
#4133 = CARTESIAN_POINT('',(29.,109.));
#4134 = DIRECTION('',(1.,0.));
#4135 = ( GEOMETRIC_REPRESENTATION_CONTEXT(2) 
PARAMETRIC_REPRESENTATION_CONTEXT() REPRESENTATION_CONTEXT('2D SPACE',''
  ) );
#4136 = ORIENTED_EDGE('',*,*,#4137,.F.);
#4137 = EDGE_CURVE('',#4138,#4114,#4140,.T.);
#4138 = VERTEX_POINT('',#4139);
#4139 = CARTESIAN_POINT('',(72.5,65.,29.));
#4140 = SURFACE_CURVE('',#4141,(#4145,#4151),.PCURVE_S1.);
#4141 = LINE('',#4142,#4143);
#4142 = CARTESIAN_POINT('',(72.5,65.,29.));
#4143 = VECTOR('',#4144,1.);
#4144 = DIRECTION('',(-1.,0.,0.));
#4145 = PCURVE('',#3617,#4146);
#4146 = DEFINITIONAL_REPRESENTATION('',(#4147),#4150);
#4147 = B_SPLINE_CURVE_WITH_KNOTS('',1,(#4148,#4149),.UNSPECIFIED.,.F.,
  .F.,(2,2),(0.,145.),.PIECEWISE_BEZIER_KNOTS.);
#4148 = CARTESIAN_POINT('',(174.,134.));
#4149 = CARTESIAN_POINT('',(29.,134.));
#4150 = ( GEOMETRIC_REPRESENTATION_CONTEXT(2) 
PARAMETRIC_REPRESENTATION_CONTEXT() REPRESENTATION_CONTEXT('2D SPACE',''
  ) );
#4151 = PCURVE('',#4057,#4152);
#4152 = DEFINITIONAL_REPRESENTATION('',(#4153),#4156);
#4153 = B_SPLINE_CURVE_WITH_KNOTS('',1,(#4154,#4155),.UNSPECIFIED.,.F.,
  .F.,(2,2),(0.,145.),.PIECEWISE_BEZIER_KNOTS.);
#4154 = CARTESIAN_POINT('',(174.,134.));
#4155 = CARTESIAN_POINT('',(29.,134.));
#4156 = ( GEOMETRIC_REPRESENTATION_CONTEXT(2) 
PARAMETRIC_REPRESENTATION_CONTEXT() REPRESENTATION_CONTEXT('2D SPACE',''
  ) );
#4157 = ORIENTED_EDGE('',*,*,#4158,.F.);
#4158 = EDGE_CURVE('',#4159,#4138,#4161,.T.);
#4159 = VERTEX_POINT('',#4160);
#4160 = CARTESIAN_POINT('',(97.5,40.,29.));
#4161 = SURFACE_CURVE('',#4162,(#4167,#4174),.PCURVE_S1.);
#4162 = CIRCLE('',#4163,25.);
#4163 = AXIS2_PLACEMENT_3D('',#4164,#4165,#4166);
#4164 = CARTESIAN_POINT('',(72.5,40.,29.));
#4165 = DIRECTION('',(0.,0.,1.));
#4166 = DIRECTION('',(-1.,0.,0.));
#4167 = PCURVE('',#3617,#4168);
#4168 = DEFINITIONAL_REPRESENTATION('',(#4169),#4173);
#4169 = CIRCLE('',#4170,25.);
#4170 = AXIS2_PLACEMENT_2D('',#4171,#4172);
#4171 = CARTESIAN_POINT('',(174.,109.));
#4172 = DIRECTION('',(-1.,0.));
#4173 = ( GEOMETRIC_REPRESENTATION_CONTEXT(2) 
PARAMETRIC_REPRESENTATION_CONTEXT() REPRESENTATION_CONTEXT('2D SPACE',''
  ) );
#4174 = PCURVE('',#4057,#4175);
#4175 = DEFINITIONAL_REPRESENTATION('',(#4176),#4180);
#4176 = CIRCLE('',#4177,25.);
#4177 = AXIS2_PLACEMENT_2D('',#4178,#4179);
#4178 = CARTESIAN_POINT('',(174.,109.));
#4179 = DIRECTION('',(-1.,0.));
#4180 = ( GEOMETRIC_REPRESENTATION_CONTEXT(2) 
PARAMETRIC_REPRESENTATION_CONTEXT() REPRESENTATION_CONTEXT('2D SPACE',''
  ) );
#4181 = ORIENTED_EDGE('',*,*,#4182,.F.);
#4182 = EDGE_CURVE('',#4183,#4159,#4185,.T.);
#4183 = VERTEX_POINT('',#4184);
#4184 = CARTESIAN_POINT('',(97.5,-40.,29.));
#4185 = SURFACE_CURVE('',#4186,(#4190,#4196),.PCURVE_S1.);
#4186 = LINE('',#4187,#4188);
#4187 = CARTESIAN_POINT('',(97.5,-40.,29.));
#4188 = VECTOR('',#4189,1.);
#4189 = DIRECTION('',(0.,1.,0.));
#4190 = PCURVE('',#3617,#4191);
#4191 = DEFINITIONAL_REPRESENTATION('',(#4192),#4195);
#4192 = B_SPLINE_CURVE_WITH_KNOTS('',1,(#4193,#4194),.UNSPECIFIED.,.F.,
  .F.,(2,2),(0.,80.),.PIECEWISE_BEZIER_KNOTS.);
#4193 = CARTESIAN_POINT('',(199.,29.));
#4194 = CARTESIAN_POINT('',(199.,109.));
#4195 = ( GEOMETRIC_REPRESENTATION_CONTEXT(2) 
PARAMETRIC_REPRESENTATION_CONTEXT() REPRESENTATION_CONTEXT('2D SPACE',''
  ) );
#4196 = PCURVE('',#4057,#4197);
#4197 = DEFINITIONAL_REPRESENTATION('',(#4198),#4201);
#4198 = B_SPLINE_CURVE_WITH_KNOTS('',1,(#4199,#4200),.UNSPECIFIED.,.F.,
  .F.,(2,2),(0.,80.),.PIECEWISE_BEZIER_KNOTS.);
#4199 = CARTESIAN_POINT('',(199.,29.));
#4200 = CARTESIAN_POINT('',(199.,109.));
#4201 = ( GEOMETRIC_REPRESENTATION_CONTEXT(2) 
PARAMETRIC_REPRESENTATION_CONTEXT() REPRESENTATION_CONTEXT('2D SPACE',''
  ) );
#4202 = ORIENTED_EDGE('',*,*,#4203,.F.);
#4203 = EDGE_CURVE('',#4043,#4183,#4204,.T.);
#4204 = SURFACE_CURVE('',#4205,(#4210,#4217),.PCURVE_S1.);
#4205 = CIRCLE('',#4206,25.);
#4206 = AXIS2_PLACEMENT_3D('',#4207,#4208,#4209);
#4207 = CARTESIAN_POINT('',(72.5,-40.,29.));
#4208 = DIRECTION('',(0.,-0.,1.));
#4209 = DIRECTION('',(1.,0.,0.));
#4210 = PCURVE('',#3617,#4211);
#4211 = DEFINITIONAL_REPRESENTATION('',(#4212),#4216);
#4212 = CIRCLE('',#4213,25.);
#4213 = AXIS2_PLACEMENT_2D('',#4214,#4215);
#4214 = CARTESIAN_POINT('',(174.,29.));
#4215 = DIRECTION('',(1.,0.));
#4216 = ( GEOMETRIC_REPRESENTATION_CONTEXT(2) 
PARAMETRIC_REPRESENTATION_CONTEXT() REPRESENTATION_CONTEXT('2D SPACE',''
  ) );
#4217 = PCURVE('',#4057,#4218);
#4218 = DEFINITIONAL_REPRESENTATION('',(#4219),#4223);
#4219 = CIRCLE('',#4220,25.);
#4220 = AXIS2_PLACEMENT_2D('',#4221,#4222);
#4221 = CARTESIAN_POINT('',(174.,29.));
#4222 = DIRECTION('',(1.,0.));
#4223 = ( GEOMETRIC_REPRESENTATION_CONTEXT(2) 
PARAMETRIC_REPRESENTATION_CONTEXT() REPRESENTATION_CONTEXT('2D SPACE',''
  ) );
#4224 = ADVANCED_FACE('',(#4225,#4441),#3673,.F.);
#4225 = FACE_BOUND('',#4226,.F.);
#4226 = EDGE_LOOP('',(#4227,#4228,#4251,#4272,#4273,#4274,#4295,#4321,
    #4347,#4370,#4396,#4422));
#4227 = ORIENTED_EDGE('',*,*,#3657,.T.);
#4228 = ORIENTED_EDGE('',*,*,#4229,.F.);
#4229 = EDGE_CURVE('',#4230,#3630,#4232,.T.);
#4230 = VERTEX_POINT('',#4231);
#4231 = CARTESIAN_POINT('',(-101.5,69.,122.));
#4232 = SURFACE_CURVE('',#4233,(#4237,#4244),.PCURVE_S1.);
#4233 = LINE('',#4234,#4235);
#4234 = CARTESIAN_POINT('',(-101.5,69.,122.));
#4235 = VECTOR('',#4236,1.);
#4236 = DIRECTION('',(1.,0.,-0.));
#4237 = PCURVE('',#3673,#4238);
#4238 = DEFINITIONAL_REPRESENTATION('',(#4239),#4243);
#4239 = LINE('',#4240,#4241);
#4240 = CARTESIAN_POINT('',(0.,138.));
#4241 = VECTOR('',#4242,1.);
#4242 = DIRECTION('',(1.,0.));
#4243 = ( GEOMETRIC_REPRESENTATION_CONTEXT(2) 
PARAMETRIC_REPRESENTATION_CONTEXT() REPRESENTATION_CONTEXT('2D SPACE',''
  ) );
#4244 = PCURVE('',#3645,#4245);
#4245 = DEFINITIONAL_REPRESENTATION('',(#4246),#4250);
#4246 = LINE('',#4247,#4248);
#4247 = CARTESIAN_POINT('',(93.,0.));
#4248 = VECTOR('',#4249,1.);
#4249 = DIRECTION('',(0.,1.));
#4250 = ( GEOMETRIC_REPRESENTATION_CONTEXT(2) 
PARAMETRIC_REPRESENTATION_CONTEXT() REPRESENTATION_CONTEXT('2D SPACE',''
  ) );
#4251 = ORIENTED_EDGE('',*,*,#4252,.F.);
#4252 = EDGE_CURVE('',#3941,#4230,#4253,.T.);
#4253 = SURFACE_CURVE('',#4254,(#4258,#4265),.PCURVE_S1.);
#4254 = LINE('',#4255,#4256);
#4255 = CARTESIAN_POINT('',(-101.5,-69.,122.));
#4256 = VECTOR('',#4257,1.);
#4257 = DIRECTION('',(-0.,1.,0.));
#4258 = PCURVE('',#3673,#4259);
#4259 = DEFINITIONAL_REPRESENTATION('',(#4260),#4264);
#4260 = LINE('',#4261,#4262);
#4261 = CARTESIAN_POINT('',(0.,0.));
#4262 = VECTOR('',#4263,1.);
#4263 = DIRECTION('',(0.,1.));
#4264 = ( GEOMETRIC_REPRESENTATION_CONTEXT(2) 
PARAMETRIC_REPRESENTATION_CONTEXT() REPRESENTATION_CONTEXT('2D SPACE',''
  ) );
#4265 = PCURVE('',#3956,#4266);
#4266 = DEFINITIONAL_REPRESENTATION('',(#4267),#4271);
#4267 = LINE('',#4268,#4269);
#4268 = CARTESIAN_POINT('',(93.,0.));
#4269 = VECTOR('',#4270,1.);
#4270 = DIRECTION('',(0.,-1.));
#4271 = ( GEOMETRIC_REPRESENTATION_CONTEXT(2) 
PARAMETRIC_REPRESENTATION_CONTEXT() REPRESENTATION_CONTEXT('2D SPACE',''
  ) );
#4272 = ORIENTED_EDGE('',*,*,#3968,.T.);
#4273 = ORIENTED_EDGE('',*,*,#3861,.T.);
#4274 = ORIENTED_EDGE('',*,*,#4275,.T.);
#4275 = EDGE_CURVE('',#3836,#4276,#4278,.T.);
#4276 = VERTEX_POINT('',#4277);
#4277 = CARTESIAN_POINT('',(100.5,-29.5,122.));
#4278 = SURFACE_CURVE('',#4279,(#4283,#4289),.PCURVE_S1.);
#4279 = LINE('',#4280,#4281);
#4280 = CARTESIAN_POINT('',(-0.5,-29.5,122.));
#4281 = VECTOR('',#4282,1.);
#4282 = DIRECTION('',(-1.,-0.,0.));
#4283 = PCURVE('',#3673,#4284);
#4284 = DEFINITIONAL_REPRESENTATION('',(#4285),#4288);
#4285 = B_SPLINE_CURVE_WITH_KNOTS('',1,(#4286,#4287),.UNSPECIFIED.,.F.,
  .F.,(2,2),(-102.,-101.),.PIECEWISE_BEZIER_KNOTS.);
#4286 = CARTESIAN_POINT('',(203.,39.5));
#4287 = CARTESIAN_POINT('',(202.,39.5));
#4288 = ( GEOMETRIC_REPRESENTATION_CONTEXT(2) 
PARAMETRIC_REPRESENTATION_CONTEXT() REPRESENTATION_CONTEXT('2D SPACE',''
  ) );
#4289 = PCURVE('',#3850,#4290);
#4290 = DEFINITIONAL_REPRESENTATION('',(#4291),#4294);
#4291 = B_SPLINE_CURVE_WITH_KNOTS('',1,(#4292,#4293),.UNSPECIFIED.,.F.,
  .F.,(2,2),(-102.,-101.),.PIECEWISE_BEZIER_KNOTS.);
#4292 = CARTESIAN_POINT('',(26.5,1.));
#4293 = CARTESIAN_POINT('',(26.5,0.));
#4294 = ( GEOMETRIC_REPRESENTATION_CONTEXT(2) 
PARAMETRIC_REPRESENTATION_CONTEXT() REPRESENTATION_CONTEXT('2D SPACE',''
  ) );
#4295 = ORIENTED_EDGE('',*,*,#4296,.T.);
#4296 = EDGE_CURVE('',#4276,#4297,#4299,.T.);
#4297 = VERTEX_POINT('',#4298);
#4298 = CARTESIAN_POINT('',(100.5,-20.5,122.));
#4299 = SURFACE_CURVE('',#4300,(#4304,#4310),.PCURVE_S1.);
#4300 = LINE('',#4301,#4302);
#4301 = CARTESIAN_POINT('',(100.5,-49.25,122.));
#4302 = VECTOR('',#4303,1.);
#4303 = DIRECTION('',(-0.,1.,0.));
#4304 = PCURVE('',#3673,#4305);
#4305 = DEFINITIONAL_REPRESENTATION('',(#4306),#4309);
#4306 = B_SPLINE_CURVE_WITH_KNOTS('',1,(#4307,#4308),.UNSPECIFIED.,.F.,
  .F.,(2,2),(19.75,28.75),.PIECEWISE_BEZIER_KNOTS.);
#4307 = CARTESIAN_POINT('',(202.,39.5));
#4308 = CARTESIAN_POINT('',(202.,48.5));
#4309 = ( GEOMETRIC_REPRESENTATION_CONTEXT(2) 
PARAMETRIC_REPRESENTATION_CONTEXT() REPRESENTATION_CONTEXT('2D SPACE',''
  ) );
#4310 = PCURVE('',#4311,#4316);
#4311 = PLANE('',#4312);
#4312 = AXIS2_PLACEMENT_3D('',#4313,#4314,#4315);
#4313 = CARTESIAN_POINT('',(100.5,-29.5,95.5));
#4314 = DIRECTION('',(1.,0.,-0.));
#4315 = DIRECTION('',(0.,0.,1.));
#4316 = DEFINITIONAL_REPRESENTATION('',(#4317),#4320);
#4317 = B_SPLINE_CURVE_WITH_KNOTS('',1,(#4318,#4319),.UNSPECIFIED.,.F.,
  .F.,(2,2),(19.75,28.75),.PIECEWISE_BEZIER_KNOTS.);
#4318 = CARTESIAN_POINT('',(26.5,0.));
#4319 = CARTESIAN_POINT('',(26.5,-9.));
#4320 = ( GEOMETRIC_REPRESENTATION_CONTEXT(2) 
PARAMETRIC_REPRESENTATION_CONTEXT() REPRESENTATION_CONTEXT('2D SPACE',''
  ) );
#4321 = ORIENTED_EDGE('',*,*,#4322,.F.);
#4322 = EDGE_CURVE('',#4323,#4297,#4325,.T.);
#4323 = VERTEX_POINT('',#4324);
#4324 = CARTESIAN_POINT('',(101.5,-20.5,122.));
#4325 = SURFACE_CURVE('',#4326,(#4330,#4336),.PCURVE_S1.);
#4326 = LINE('',#4327,#4328);
#4327 = CARTESIAN_POINT('',(-0.5,-20.5,122.));
#4328 = VECTOR('',#4329,1.);
#4329 = DIRECTION('',(-1.,-0.,0.));
#4330 = PCURVE('',#3673,#4331);
#4331 = DEFINITIONAL_REPRESENTATION('',(#4332),#4335);
#4332 = B_SPLINE_CURVE_WITH_KNOTS('',1,(#4333,#4334),.UNSPECIFIED.,.F.,
  .F.,(2,2),(-102.,-101.),.PIECEWISE_BEZIER_KNOTS.);
#4333 = CARTESIAN_POINT('',(203.,48.5));
#4334 = CARTESIAN_POINT('',(202.,48.5));
#4335 = ( GEOMETRIC_REPRESENTATION_CONTEXT(2) 
PARAMETRIC_REPRESENTATION_CONTEXT() REPRESENTATION_CONTEXT('2D SPACE',''
  ) );
#4336 = PCURVE('',#4337,#4342);
#4337 = PLANE('',#4338);
#4338 = AXIS2_PLACEMENT_3D('',#4339,#4340,#4341);
#4339 = CARTESIAN_POINT('',(100.5,-20.5,95.5));
#4340 = DIRECTION('',(-0.,1.,0.));
#4341 = DIRECTION('',(0.,0.,1.));
#4342 = DEFINITIONAL_REPRESENTATION('',(#4343),#4346);
#4343 = B_SPLINE_CURVE_WITH_KNOTS('',1,(#4344,#4345),.UNSPECIFIED.,.F.,
  .F.,(2,2),(-102.,-101.),.PIECEWISE_BEZIER_KNOTS.);
#4344 = CARTESIAN_POINT('',(26.5,1.));
#4345 = CARTESIAN_POINT('',(26.5,0.));
#4346 = ( GEOMETRIC_REPRESENTATION_CONTEXT(2) 
PARAMETRIC_REPRESENTATION_CONTEXT() REPRESENTATION_CONTEXT('2D SPACE',''
  ) );
#4347 = ORIENTED_EDGE('',*,*,#4348,.T.);
#4348 = EDGE_CURVE('',#4323,#4349,#4351,.T.);
#4349 = VERTEX_POINT('',#4350);
#4350 = CARTESIAN_POINT('',(101.5,20.5,122.));
#4351 = SURFACE_CURVE('',#4352,(#4356,#4363),.PCURVE_S1.);
#4352 = LINE('',#4353,#4354);
#4353 = CARTESIAN_POINT('',(101.5,-69.,122.));
#4354 = VECTOR('',#4355,1.);
#4355 = DIRECTION('',(-0.,1.,0.));
#4356 = PCURVE('',#3673,#4357);
#4357 = DEFINITIONAL_REPRESENTATION('',(#4358),#4362);
#4358 = LINE('',#4359,#4360);
#4359 = CARTESIAN_POINT('',(203.,0.));
#4360 = VECTOR('',#4361,1.);
#4361 = DIRECTION('',(0.,1.));
#4362 = ( GEOMETRIC_REPRESENTATION_CONTEXT(2) 
PARAMETRIC_REPRESENTATION_CONTEXT() REPRESENTATION_CONTEXT('2D SPACE',''
  ) );
#4363 = PCURVE('',#3753,#4364);
#4364 = DEFINITIONAL_REPRESENTATION('',(#4365),#4369);
#4365 = LINE('',#4366,#4367);
#4366 = CARTESIAN_POINT('',(93.,0.));
#4367 = VECTOR('',#4368,1.);
#4368 = DIRECTION('',(0.,-1.));
#4369 = ( GEOMETRIC_REPRESENTATION_CONTEXT(2) 
PARAMETRIC_REPRESENTATION_CONTEXT() REPRESENTATION_CONTEXT('2D SPACE',''
  ) );
#4370 = ORIENTED_EDGE('',*,*,#4371,.T.);
#4371 = EDGE_CURVE('',#4349,#4372,#4374,.T.);
#4372 = VERTEX_POINT('',#4373);
#4373 = CARTESIAN_POINT('',(100.5,20.5,122.));
#4374 = SURFACE_CURVE('',#4375,(#4379,#4385),.PCURVE_S1.);
#4375 = LINE('',#4376,#4377);
#4376 = CARTESIAN_POINT('',(-0.5,20.5,122.));
#4377 = VECTOR('',#4378,1.);
#4378 = DIRECTION('',(-1.,-0.,0.));
#4379 = PCURVE('',#3673,#4380);
#4380 = DEFINITIONAL_REPRESENTATION('',(#4381),#4384);
#4381 = B_SPLINE_CURVE_WITH_KNOTS('',1,(#4382,#4383),.UNSPECIFIED.,.F.,
  .F.,(2,2),(-102.,-101.),.PIECEWISE_BEZIER_KNOTS.);
#4382 = CARTESIAN_POINT('',(203.,89.5));
#4383 = CARTESIAN_POINT('',(202.,89.5));
#4384 = ( GEOMETRIC_REPRESENTATION_CONTEXT(2) 
PARAMETRIC_REPRESENTATION_CONTEXT() REPRESENTATION_CONTEXT('2D SPACE',''
  ) );
#4385 = PCURVE('',#4386,#4391);
#4386 = PLANE('',#4387);
#4387 = AXIS2_PLACEMENT_3D('',#4388,#4389,#4390);
#4388 = CARTESIAN_POINT('',(100.5,20.5,95.5));
#4389 = DIRECTION('',(-0.,1.,0.));
#4390 = DIRECTION('',(0.,0.,1.));
#4391 = DEFINITIONAL_REPRESENTATION('',(#4392),#4395);
#4392 = B_SPLINE_CURVE_WITH_KNOTS('',1,(#4393,#4394),.UNSPECIFIED.,.F.,
  .F.,(2,2),(-102.,-101.),.PIECEWISE_BEZIER_KNOTS.);
#4393 = CARTESIAN_POINT('',(26.5,1.));
#4394 = CARTESIAN_POINT('',(26.5,0.));
#4395 = ( GEOMETRIC_REPRESENTATION_CONTEXT(2) 
PARAMETRIC_REPRESENTATION_CONTEXT() REPRESENTATION_CONTEXT('2D SPACE',''
  ) );
#4396 = ORIENTED_EDGE('',*,*,#4397,.T.);
#4397 = EDGE_CURVE('',#4372,#4398,#4400,.T.);
#4398 = VERTEX_POINT('',#4399);
#4399 = CARTESIAN_POINT('',(100.5,29.5,122.));
#4400 = SURFACE_CURVE('',#4401,(#4405,#4411),.PCURVE_S1.);
#4401 = LINE('',#4402,#4403);
#4402 = CARTESIAN_POINT('',(100.5,-24.25,122.));
#4403 = VECTOR('',#4404,1.);
#4404 = DIRECTION('',(-0.,1.,0.));
#4405 = PCURVE('',#3673,#4406);
#4406 = DEFINITIONAL_REPRESENTATION('',(#4407),#4410);
#4407 = B_SPLINE_CURVE_WITH_KNOTS('',1,(#4408,#4409),.UNSPECIFIED.,.F.,
  .F.,(2,2),(44.75,53.75),.PIECEWISE_BEZIER_KNOTS.);
#4408 = CARTESIAN_POINT('',(202.,89.5));
#4409 = CARTESIAN_POINT('',(202.,98.5));
#4410 = ( GEOMETRIC_REPRESENTATION_CONTEXT(2) 
PARAMETRIC_REPRESENTATION_CONTEXT() REPRESENTATION_CONTEXT('2D SPACE',''
  ) );
#4411 = PCURVE('',#4412,#4417);
#4412 = PLANE('',#4413);
#4413 = AXIS2_PLACEMENT_3D('',#4414,#4415,#4416);
#4414 = CARTESIAN_POINT('',(100.5,20.5,95.5));
#4415 = DIRECTION('',(1.,0.,-0.));
#4416 = DIRECTION('',(0.,0.,1.));
#4417 = DEFINITIONAL_REPRESENTATION('',(#4418),#4421);
#4418 = B_SPLINE_CURVE_WITH_KNOTS('',1,(#4419,#4420),.UNSPECIFIED.,.F.,
  .F.,(2,2),(44.75,53.75),.PIECEWISE_BEZIER_KNOTS.);
#4419 = CARTESIAN_POINT('',(26.5,0.));
#4420 = CARTESIAN_POINT('',(26.5,-9.));
#4421 = ( GEOMETRIC_REPRESENTATION_CONTEXT(2) 
PARAMETRIC_REPRESENTATION_CONTEXT() REPRESENTATION_CONTEXT('2D SPACE',''
  ) );
#4422 = ORIENTED_EDGE('',*,*,#4423,.F.);
#4423 = EDGE_CURVE('',#3658,#4398,#4424,.T.);
#4424 = SURFACE_CURVE('',#4425,(#4429,#4435),.PCURVE_S1.);
#4425 = LINE('',#4426,#4427);
#4426 = CARTESIAN_POINT('',(-0.5,29.5,122.));
#4427 = VECTOR('',#4428,1.);
#4428 = DIRECTION('',(-1.,-0.,0.));
#4429 = PCURVE('',#3673,#4430);
#4430 = DEFINITIONAL_REPRESENTATION('',(#4431),#4434);
#4431 = B_SPLINE_CURVE_WITH_KNOTS('',1,(#4432,#4433),.UNSPECIFIED.,.F.,
  .F.,(2,2),(-102.,-101.),.PIECEWISE_BEZIER_KNOTS.);
#4432 = CARTESIAN_POINT('',(203.,98.5));
#4433 = CARTESIAN_POINT('',(202.,98.5));
#4434 = ( GEOMETRIC_REPRESENTATION_CONTEXT(2) 
PARAMETRIC_REPRESENTATION_CONTEXT() REPRESENTATION_CONTEXT('2D SPACE',''
  ) );
#4435 = PCURVE('',#3700,#4436);
#4436 = DEFINITIONAL_REPRESENTATION('',(#4437),#4440);
#4437 = B_SPLINE_CURVE_WITH_KNOTS('',1,(#4438,#4439),.UNSPECIFIED.,.F.,
  .F.,(2,2),(-102.,-101.),.PIECEWISE_BEZIER_KNOTS.);
#4438 = CARTESIAN_POINT('',(26.5,1.));
#4439 = CARTESIAN_POINT('',(26.5,0.));
#4440 = ( GEOMETRIC_REPRESENTATION_CONTEXT(2) 
PARAMETRIC_REPRESENTATION_CONTEXT() REPRESENTATION_CONTEXT('2D SPACE',''
  ) );
#4441 = FACE_BOUND('',#4442,.F.);
#4442 = EDGE_LOOP('',(#4443,#4471,#4497,#4523));
#4443 = ORIENTED_EDGE('',*,*,#4444,.T.);
#4444 = EDGE_CURVE('',#4445,#4447,#4449,.T.);
#4445 = VERTEX_POINT('',#4446);
#4446 = CARTESIAN_POINT('',(96.5,-64.,122.));
#4447 = VERTEX_POINT('',#4448);
#4448 = CARTESIAN_POINT('',(-96.5,-64.,122.));
#4449 = SURFACE_CURVE('',#4450,(#4454,#4460),.PCURVE_S1.);
#4450 = LINE('',#4451,#4452);
#4451 = CARTESIAN_POINT('',(-99.,-64.,122.));
#4452 = VECTOR('',#4453,1.);
#4453 = DIRECTION('',(-1.,-0.,0.));
#4454 = PCURVE('',#3673,#4455);
#4455 = DEFINITIONAL_REPRESENTATION('',(#4456),#4459);
#4456 = B_SPLINE_CURVE_WITH_KNOTS('',1,(#4457,#4458),.UNSPECIFIED.,.F.,
  .F.,(2,2),(-195.5,-2.5),.PIECEWISE_BEZIER_KNOTS.);
#4457 = CARTESIAN_POINT('',(198.,5.));
#4458 = CARTESIAN_POINT('',(5.,5.));
#4459 = ( GEOMETRIC_REPRESENTATION_CONTEXT(2) 
PARAMETRIC_REPRESENTATION_CONTEXT() REPRESENTATION_CONTEXT('2D SPACE',''
  ) );
#4460 = PCURVE('',#4461,#4466);
#4461 = PLANE('',#4462);
#4462 = AXIS2_PLACEMENT_3D('',#4463,#4464,#4465);
#4463 = CARTESIAN_POINT('',(-96.5,-64.,121.));
#4464 = DIRECTION('',(-0.,1.,0.));
#4465 = DIRECTION('',(0.,0.,1.));
#4466 = DEFINITIONAL_REPRESENTATION('',(#4467),#4470);
#4467 = B_SPLINE_CURVE_WITH_KNOTS('',1,(#4468,#4469),.UNSPECIFIED.,.F.,
  .F.,(2,2),(-195.5,-2.5),.PIECEWISE_BEZIER_KNOTS.);
#4468 = CARTESIAN_POINT('',(1.,193.));
#4469 = CARTESIAN_POINT('',(1.,0.));
#4470 = ( GEOMETRIC_REPRESENTATION_CONTEXT(2) 
PARAMETRIC_REPRESENTATION_CONTEXT() REPRESENTATION_CONTEXT('2D SPACE',''
  ) );
#4471 = ORIENTED_EDGE('',*,*,#4472,.T.);
#4472 = EDGE_CURVE('',#4447,#4473,#4475,.T.);
#4473 = VERTEX_POINT('',#4474);
#4474 = CARTESIAN_POINT('',(-96.5,64.,122.));
#4475 = SURFACE_CURVE('',#4476,(#4480,#4486),.PCURVE_S1.);
#4476 = LINE('',#4477,#4478);
#4477 = CARTESIAN_POINT('',(-96.5,-66.5,122.));
#4478 = VECTOR('',#4479,1.);
#4479 = DIRECTION('',(-0.,1.,0.));
#4480 = PCURVE('',#3673,#4481);
#4481 = DEFINITIONAL_REPRESENTATION('',(#4482),#4485);
#4482 = B_SPLINE_CURVE_WITH_KNOTS('',1,(#4483,#4484),.UNSPECIFIED.,.F.,
  .F.,(2,2),(2.5,130.5),.PIECEWISE_BEZIER_KNOTS.);
#4483 = CARTESIAN_POINT('',(5.,5.));
#4484 = CARTESIAN_POINT('',(5.,133.));
#4485 = ( GEOMETRIC_REPRESENTATION_CONTEXT(2) 
PARAMETRIC_REPRESENTATION_CONTEXT() REPRESENTATION_CONTEXT('2D SPACE',''
  ) );
#4486 = PCURVE('',#4487,#4492);
#4487 = PLANE('',#4488);
#4488 = AXIS2_PLACEMENT_3D('',#4489,#4490,#4491);
#4489 = CARTESIAN_POINT('',(-96.5,-64.,121.));
#4490 = DIRECTION('',(1.,0.,-0.));
#4491 = DIRECTION('',(0.,0.,1.));
#4492 = DEFINITIONAL_REPRESENTATION('',(#4493),#4496);
#4493 = B_SPLINE_CURVE_WITH_KNOTS('',1,(#4494,#4495),.UNSPECIFIED.,.F.,
  .F.,(2,2),(2.5,130.5),.PIECEWISE_BEZIER_KNOTS.);
#4494 = CARTESIAN_POINT('',(1.,0.));
#4495 = CARTESIAN_POINT('',(1.,-128.));
#4496 = ( GEOMETRIC_REPRESENTATION_CONTEXT(2) 
PARAMETRIC_REPRESENTATION_CONTEXT() REPRESENTATION_CONTEXT('2D SPACE',''
  ) );
#4497 = ORIENTED_EDGE('',*,*,#4498,.F.);
#4498 = EDGE_CURVE('',#4499,#4473,#4501,.T.);
#4499 = VERTEX_POINT('',#4500);
#4500 = CARTESIAN_POINT('',(96.5,64.,122.));
#4501 = SURFACE_CURVE('',#4502,(#4506,#4512),.PCURVE_S1.);
#4502 = LINE('',#4503,#4504);
#4503 = CARTESIAN_POINT('',(-99.,64.,122.));
#4504 = VECTOR('',#4505,1.);
#4505 = DIRECTION('',(-1.,-0.,0.));
#4506 = PCURVE('',#3673,#4507);
#4507 = DEFINITIONAL_REPRESENTATION('',(#4508),#4511);
#4508 = B_SPLINE_CURVE_WITH_KNOTS('',1,(#4509,#4510),.UNSPECIFIED.,.F.,
  .F.,(2,2),(-195.5,-2.5),.PIECEWISE_BEZIER_KNOTS.);
#4509 = CARTESIAN_POINT('',(198.,133.));
#4510 = CARTESIAN_POINT('',(5.,133.));
#4511 = ( GEOMETRIC_REPRESENTATION_CONTEXT(2) 
PARAMETRIC_REPRESENTATION_CONTEXT() REPRESENTATION_CONTEXT('2D SPACE',''
  ) );
#4512 = PCURVE('',#4513,#4518);
#4513 = PLANE('',#4514);
#4514 = AXIS2_PLACEMENT_3D('',#4515,#4516,#4517);
#4515 = CARTESIAN_POINT('',(-96.5,64.,121.));
#4516 = DIRECTION('',(-0.,1.,0.));
#4517 = DIRECTION('',(0.,0.,1.));
#4518 = DEFINITIONAL_REPRESENTATION('',(#4519),#4522);
#4519 = B_SPLINE_CURVE_WITH_KNOTS('',1,(#4520,#4521),.UNSPECIFIED.,.F.,
  .F.,(2,2),(-195.5,-2.5),.PIECEWISE_BEZIER_KNOTS.);
#4520 = CARTESIAN_POINT('',(1.,193.));
#4521 = CARTESIAN_POINT('',(1.,0.));
#4522 = ( GEOMETRIC_REPRESENTATION_CONTEXT(2) 
PARAMETRIC_REPRESENTATION_CONTEXT() REPRESENTATION_CONTEXT('2D SPACE',''
  ) );
#4523 = ORIENTED_EDGE('',*,*,#4524,.F.);
#4524 = EDGE_CURVE('',#4445,#4499,#4525,.T.);
#4525 = SURFACE_CURVE('',#4526,(#4530,#4536),.PCURVE_S1.);
#4526 = LINE('',#4527,#4528);
#4527 = CARTESIAN_POINT('',(96.5,-66.5,122.));
#4528 = VECTOR('',#4529,1.);
#4529 = DIRECTION('',(-0.,1.,0.));
#4530 = PCURVE('',#3673,#4531);
#4531 = DEFINITIONAL_REPRESENTATION('',(#4532),#4535);
#4532 = B_SPLINE_CURVE_WITH_KNOTS('',1,(#4533,#4534),.UNSPECIFIED.,.F.,
  .F.,(2,2),(2.5,130.5),.PIECEWISE_BEZIER_KNOTS.);
#4533 = CARTESIAN_POINT('',(198.,5.));
#4534 = CARTESIAN_POINT('',(198.,133.));
#4535 = ( GEOMETRIC_REPRESENTATION_CONTEXT(2) 
PARAMETRIC_REPRESENTATION_CONTEXT() REPRESENTATION_CONTEXT('2D SPACE',''
  ) );
#4536 = PCURVE('',#4537,#4542);
#4537 = PLANE('',#4538);
#4538 = AXIS2_PLACEMENT_3D('',#4539,#4540,#4541);
#4539 = CARTESIAN_POINT('',(96.5,-64.,121.));
#4540 = DIRECTION('',(1.,0.,-0.));
#4541 = DIRECTION('',(0.,0.,1.));
#4542 = DEFINITIONAL_REPRESENTATION('',(#4543),#4546);
#4543 = B_SPLINE_CURVE_WITH_KNOTS('',1,(#4544,#4545),.UNSPECIFIED.,.F.,
  .F.,(2,2),(2.5,130.5),.PIECEWISE_BEZIER_KNOTS.);
#4544 = CARTESIAN_POINT('',(1.,0.));
#4545 = CARTESIAN_POINT('',(1.,-128.));
#4546 = ( GEOMETRIC_REPRESENTATION_CONTEXT(2) 
PARAMETRIC_REPRESENTATION_CONTEXT() REPRESENTATION_CONTEXT('2D SPACE',''
  ) );
#4547 = ADVANCED_FACE('',(#4548),#3645,.F.);
#4548 = FACE_BOUND('',#4549,.F.);
#4549 = EDGE_LOOP('',(#4550,#4551,#4552,#4573));
#4550 = ORIENTED_EDGE('',*,*,#3629,.F.);
#4551 = ORIENTED_EDGE('',*,*,#4017,.F.);
#4552 = ORIENTED_EDGE('',*,*,#4553,.T.);
#4553 = EDGE_CURVE('',#3993,#4230,#4554,.T.);
#4554 = SURFACE_CURVE('',#4555,(#4559,#4566),.PCURVE_S1.);
#4555 = LINE('',#4556,#4557);
#4556 = CARTESIAN_POINT('',(-101.5,69.,29.));
#4557 = VECTOR('',#4558,1.);
#4558 = DIRECTION('',(0.,0.,1.));
#4559 = PCURVE('',#3645,#4560);
#4560 = DEFINITIONAL_REPRESENTATION('',(#4561),#4565);
#4561 = LINE('',#4562,#4563);
#4562 = CARTESIAN_POINT('',(0.,0.));
#4563 = VECTOR('',#4564,1.);
#4564 = DIRECTION('',(1.,0.));
#4565 = ( GEOMETRIC_REPRESENTATION_CONTEXT(2) 
PARAMETRIC_REPRESENTATION_CONTEXT() REPRESENTATION_CONTEXT('2D SPACE',''
  ) );
#4566 = PCURVE('',#3956,#4567);
#4567 = DEFINITIONAL_REPRESENTATION('',(#4568),#4572);
#4568 = LINE('',#4569,#4570);
#4569 = CARTESIAN_POINT('',(0.,-138.));
#4570 = VECTOR('',#4571,1.);
#4571 = DIRECTION('',(1.,0.));
#4572 = ( GEOMETRIC_REPRESENTATION_CONTEXT(2) 
PARAMETRIC_REPRESENTATION_CONTEXT() REPRESENTATION_CONTEXT('2D SPACE',''
  ) );
#4573 = ORIENTED_EDGE('',*,*,#4229,.T.);
#4574 = ADVANCED_FACE('',(#4575),#3850,.T.);
#4575 = FACE_BOUND('',#4576,.T.);
#4576 = EDGE_LOOP('',(#4577,#4600,#4601,#4602,#4625,#4651));
#4577 = ORIENTED_EDGE('',*,*,#4578,.F.);
#4578 = EDGE_CURVE('',#3810,#4579,#4581,.T.);
#4579 = VERTEX_POINT('',#4580);
#4580 = CARTESIAN_POINT('',(102.5,-29.5,95.5));
#4581 = SURFACE_CURVE('',#4582,(#4586,#4593),.PCURVE_S1.);
#4582 = LINE('',#4583,#4584);
#4583 = CARTESIAN_POINT('',(100.5,-29.5,95.5));
#4584 = VECTOR('',#4585,1.);
#4585 = DIRECTION('',(1.,0.,-0.));
#4586 = PCURVE('',#3850,#4587);
#4587 = DEFINITIONAL_REPRESENTATION('',(#4588),#4592);
#4588 = LINE('',#4589,#4590);
#4589 = CARTESIAN_POINT('',(0.,0.));
#4590 = VECTOR('',#4591,1.);
#4591 = DIRECTION('',(0.,1.));
#4592 = ( GEOMETRIC_REPRESENTATION_CONTEXT(2) 
PARAMETRIC_REPRESENTATION_CONTEXT() REPRESENTATION_CONTEXT('2D SPACE',''
  ) );
#4593 = PCURVE('',#3824,#4594);
#4594 = DEFINITIONAL_REPRESENTATION('',(#4595),#4599);
#4595 = LINE('',#4596,#4597);
#4596 = CARTESIAN_POINT('',(0.,0.));
#4597 = VECTOR('',#4598,1.);
#4598 = DIRECTION('',(1.,0.));
#4599 = ( GEOMETRIC_REPRESENTATION_CONTEXT(2) 
PARAMETRIC_REPRESENTATION_CONTEXT() REPRESENTATION_CONTEXT('2D SPACE',''
  ) );
#4600 = ORIENTED_EDGE('',*,*,#3835,.T.);
#4601 = ORIENTED_EDGE('',*,*,#4275,.T.);
#4602 = ORIENTED_EDGE('',*,*,#4603,.T.);
#4603 = EDGE_CURVE('',#4276,#4604,#4606,.T.);
#4604 = VERTEX_POINT('',#4605);
#4605 = CARTESIAN_POINT('',(100.5,-29.5,123.));
#4606 = SURFACE_CURVE('',#4607,(#4611,#4618),.PCURVE_S1.);
#4607 = LINE('',#4608,#4609);
#4608 = CARTESIAN_POINT('',(100.5,-29.5,95.5));
#4609 = VECTOR('',#4610,1.);
#4610 = DIRECTION('',(0.,0.,1.));
#4611 = PCURVE('',#3850,#4612);
#4612 = DEFINITIONAL_REPRESENTATION('',(#4613),#4617);
#4613 = LINE('',#4614,#4615);
#4614 = CARTESIAN_POINT('',(0.,0.));
#4615 = VECTOR('',#4616,1.);
#4616 = DIRECTION('',(1.,0.));
#4617 = ( GEOMETRIC_REPRESENTATION_CONTEXT(2) 
PARAMETRIC_REPRESENTATION_CONTEXT() REPRESENTATION_CONTEXT('2D SPACE',''
  ) );
#4618 = PCURVE('',#4311,#4619);
#4619 = DEFINITIONAL_REPRESENTATION('',(#4620),#4624);
#4620 = LINE('',#4621,#4622);
#4621 = CARTESIAN_POINT('',(0.,0.));
#4622 = VECTOR('',#4623,1.);
#4623 = DIRECTION('',(1.,0.));
#4624 = ( GEOMETRIC_REPRESENTATION_CONTEXT(2) 
PARAMETRIC_REPRESENTATION_CONTEXT() REPRESENTATION_CONTEXT('2D SPACE',''
  ) );
#4625 = ORIENTED_EDGE('',*,*,#4626,.F.);
#4626 = EDGE_CURVE('',#4627,#4604,#4629,.T.);
#4627 = VERTEX_POINT('',#4628);
#4628 = CARTESIAN_POINT('',(102.5,-29.5,123.));
#4629 = SURFACE_CURVE('',#4630,(#4634,#4640),.PCURVE_S1.);
#4630 = LINE('',#4631,#4632);
#4631 = CARTESIAN_POINT('',(-1.,-29.5,123.));
#4632 = VECTOR('',#4633,1.);
#4633 = DIRECTION('',(-1.,-0.,0.));
#4634 = PCURVE('',#3850,#4635);
#4635 = DEFINITIONAL_REPRESENTATION('',(#4636),#4639);
#4636 = B_SPLINE_CURVE_WITH_KNOTS('',1,(#4637,#4638),.UNSPECIFIED.,.F.,
  .F.,(2,2),(-103.5,-101.5),.PIECEWISE_BEZIER_KNOTS.);
#4637 = CARTESIAN_POINT('',(27.5,2.));
#4638 = CARTESIAN_POINT('',(27.5,0.));
#4639 = ( GEOMETRIC_REPRESENTATION_CONTEXT(2) 
PARAMETRIC_REPRESENTATION_CONTEXT() REPRESENTATION_CONTEXT('2D SPACE',''
  ) );
#4640 = PCURVE('',#4641,#4646);
#4641 = PLANE('',#4642);
#4642 = AXIS2_PLACEMENT_3D('',#4643,#4644,#4645);
#4643 = CARTESIAN_POINT('',(-102.5,-70.,123.));
#4644 = DIRECTION('',(0.,0.,1.));
#4645 = DIRECTION('',(1.,0.,-0.));
#4646 = DEFINITIONAL_REPRESENTATION('',(#4647),#4650);
#4647 = B_SPLINE_CURVE_WITH_KNOTS('',1,(#4648,#4649),.UNSPECIFIED.,.F.,
  .F.,(2,2),(-103.5,-101.5),.PIECEWISE_BEZIER_KNOTS.);
#4648 = CARTESIAN_POINT('',(205.,40.5));
#4649 = CARTESIAN_POINT('',(203.,40.5));
#4650 = ( GEOMETRIC_REPRESENTATION_CONTEXT(2) 
PARAMETRIC_REPRESENTATION_CONTEXT() REPRESENTATION_CONTEXT('2D SPACE',''
  ) );
#4651 = ORIENTED_EDGE('',*,*,#4652,.F.);
#4652 = EDGE_CURVE('',#4579,#4627,#4653,.T.);
#4653 = SURFACE_CURVE('',#4654,(#4658,#4664),.PCURVE_S1.);
#4654 = LINE('',#4655,#4656);
#4655 = CARTESIAN_POINT('',(102.5,-29.5,61.75));
#4656 = VECTOR('',#4657,1.);
#4657 = DIRECTION('',(0.,0.,1.));
#4658 = PCURVE('',#3850,#4659);
#4659 = DEFINITIONAL_REPRESENTATION('',(#4660),#4663);
#4660 = B_SPLINE_CURVE_WITH_KNOTS('',1,(#4661,#4662),.UNSPECIFIED.,.F.,
  .F.,(2,2),(33.75,61.25),.PIECEWISE_BEZIER_KNOTS.);
#4661 = CARTESIAN_POINT('',(0.,2.));
#4662 = CARTESIAN_POINT('',(27.5,2.));
#4663 = ( GEOMETRIC_REPRESENTATION_CONTEXT(2) 
PARAMETRIC_REPRESENTATION_CONTEXT() REPRESENTATION_CONTEXT('2D SPACE',''
  ) );
#4664 = PCURVE('',#4665,#4670);
#4665 = PLANE('',#4666);
#4666 = AXIS2_PLACEMENT_3D('',#4667,#4668,#4669);
#4667 = CARTESIAN_POINT('',(102.5,-70.,28.));
#4668 = DIRECTION('',(1.,0.,-0.));
#4669 = DIRECTION('',(0.,0.,1.));
#4670 = DEFINITIONAL_REPRESENTATION('',(#4671),#4674);
#4671 = B_SPLINE_CURVE_WITH_KNOTS('',1,(#4672,#4673),.UNSPECIFIED.,.F.,
  .F.,(2,2),(33.75,61.25),.PIECEWISE_BEZIER_KNOTS.);
#4672 = CARTESIAN_POINT('',(67.5,-40.5));
#4673 = CARTESIAN_POINT('',(95.,-40.5));
#4674 = ( GEOMETRIC_REPRESENTATION_CONTEXT(2) 
PARAMETRIC_REPRESENTATION_CONTEXT() REPRESENTATION_CONTEXT('2D SPACE',''
  ) );
#4675 = ADVANCED_FACE('',(#4676),#3824,.T.);
#4676 = FACE_BOUND('',#4677,.T.);
#4677 = EDGE_LOOP('',(#4678,#4703,#4722,#4723,#4724));
#4678 = ORIENTED_EDGE('',*,*,#4679,.F.);
#4679 = EDGE_CURVE('',#4680,#4682,#4684,.T.);
#4680 = VERTEX_POINT('',#4681);
#4681 = CARTESIAN_POINT('',(101.5,-20.5,95.5));
#4682 = VERTEX_POINT('',#4683);
#4683 = CARTESIAN_POINT('',(102.5,-20.5,95.5));
#4684 = SURFACE_CURVE('',#4685,(#4689,#4696),.PCURVE_S1.);
#4685 = LINE('',#4686,#4687);
#4686 = CARTESIAN_POINT('',(100.5,-20.5,95.5));
#4687 = VECTOR('',#4688,1.);
#4688 = DIRECTION('',(1.,0.,-0.));
#4689 = PCURVE('',#3824,#4690);
#4690 = DEFINITIONAL_REPRESENTATION('',(#4691),#4695);
#4691 = LINE('',#4692,#4693);
#4692 = CARTESIAN_POINT('',(0.,9.));
#4693 = VECTOR('',#4694,1.);
#4694 = DIRECTION('',(1.,0.));
#4695 = ( GEOMETRIC_REPRESENTATION_CONTEXT(2) 
PARAMETRIC_REPRESENTATION_CONTEXT() REPRESENTATION_CONTEXT('2D SPACE',''
  ) );
#4696 = PCURVE('',#4337,#4697);
#4697 = DEFINITIONAL_REPRESENTATION('',(#4698),#4702);
#4698 = LINE('',#4699,#4700);
#4699 = CARTESIAN_POINT('',(0.,0.));
#4700 = VECTOR('',#4701,1.);
#4701 = DIRECTION('',(0.,1.));
#4702 = ( GEOMETRIC_REPRESENTATION_CONTEXT(2) 
PARAMETRIC_REPRESENTATION_CONTEXT() REPRESENTATION_CONTEXT('2D SPACE',''
  ) );
#4703 = ORIENTED_EDGE('',*,*,#4704,.T.);
#4704 = EDGE_CURVE('',#4680,#3787,#4705,.T.);
#4705 = SURFACE_CURVE('',#4706,(#4710,#4716),.PCURVE_S1.);
#4706 = LINE('',#4707,#4708);
#4707 = CARTESIAN_POINT('',(101.5,-49.25,95.5));
#4708 = VECTOR('',#4709,1.);
#4709 = DIRECTION('',(0.,-1.,0.));
#4710 = PCURVE('',#3824,#4711);
#4711 = DEFINITIONAL_REPRESENTATION('',(#4712),#4715);
#4712 = B_SPLINE_CURVE_WITH_KNOTS('',1,(#4713,#4714),.UNSPECIFIED.,.F.,
  .F.,(2,2),(-28.75,-19.75),.PIECEWISE_BEZIER_KNOTS.);
#4713 = CARTESIAN_POINT('',(1.,9.));
#4714 = CARTESIAN_POINT('',(1.,0.));
#4715 = ( GEOMETRIC_REPRESENTATION_CONTEXT(2) 
PARAMETRIC_REPRESENTATION_CONTEXT() REPRESENTATION_CONTEXT('2D SPACE',''
  ) );
#4716 = PCURVE('',#3753,#4717);
#4717 = DEFINITIONAL_REPRESENTATION('',(#4718),#4721);
#4718 = B_SPLINE_CURVE_WITH_KNOTS('',1,(#4719,#4720),.UNSPECIFIED.,.F.,
  .F.,(2,2),(-28.75,-19.75),.PIECEWISE_BEZIER_KNOTS.);
#4719 = CARTESIAN_POINT('',(66.5,-48.5));
#4720 = CARTESIAN_POINT('',(66.5,-39.5));
#4721 = ( GEOMETRIC_REPRESENTATION_CONTEXT(2) 
PARAMETRIC_REPRESENTATION_CONTEXT() REPRESENTATION_CONTEXT('2D SPACE',''
  ) );
#4722 = ORIENTED_EDGE('',*,*,#3809,.T.);
#4723 = ORIENTED_EDGE('',*,*,#4578,.T.);
#4724 = ORIENTED_EDGE('',*,*,#4725,.F.);
#4725 = EDGE_CURVE('',#4682,#4579,#4726,.T.);
#4726 = SURFACE_CURVE('',#4727,(#4731,#4737),.PCURVE_S1.);
#4727 = LINE('',#4728,#4729);
#4728 = CARTESIAN_POINT('',(102.5,-49.75,95.5));
#4729 = VECTOR('',#4730,1.);
#4730 = DIRECTION('',(0.,-1.,0.));
#4731 = PCURVE('',#3824,#4732);
#4732 = DEFINITIONAL_REPRESENTATION('',(#4733),#4736);
#4733 = B_SPLINE_CURVE_WITH_KNOTS('',1,(#4734,#4735),.UNSPECIFIED.,.F.,
  .F.,(2,2),(-29.25,-20.25),.PIECEWISE_BEZIER_KNOTS.);
#4734 = CARTESIAN_POINT('',(2.,9.));
#4735 = CARTESIAN_POINT('',(2.,0.));
#4736 = ( GEOMETRIC_REPRESENTATION_CONTEXT(2) 
PARAMETRIC_REPRESENTATION_CONTEXT() REPRESENTATION_CONTEXT('2D SPACE',''
  ) );
#4737 = PCURVE('',#4665,#4738);
#4738 = DEFINITIONAL_REPRESENTATION('',(#4739),#4742);
#4739 = B_SPLINE_CURVE_WITH_KNOTS('',1,(#4740,#4741),.UNSPECIFIED.,.F.,
  .F.,(2,2),(-29.25,-20.25),.PIECEWISE_BEZIER_KNOTS.);
#4740 = CARTESIAN_POINT('',(67.5,-49.5));
#4741 = CARTESIAN_POINT('',(67.5,-40.5));
#4742 = ( GEOMETRIC_REPRESENTATION_CONTEXT(2) 
PARAMETRIC_REPRESENTATION_CONTEXT() REPRESENTATION_CONTEXT('2D SPACE',''
  ) );
#4743 = ADVANCED_FACE('',(#4744),#3700,.F.);
#4744 = FACE_BOUND('',#4745,.F.);
#4745 = EDGE_LOOP('',(#4746,#4769,#4770,#4771,#4794,#4815));
#4746 = ORIENTED_EDGE('',*,*,#4747,.F.);
#4747 = EDGE_CURVE('',#3686,#4748,#4750,.T.);
#4748 = VERTEX_POINT('',#4749);
#4749 = CARTESIAN_POINT('',(102.5,29.5,95.5));
#4750 = SURFACE_CURVE('',#4751,(#4755,#4762),.PCURVE_S1.);
#4751 = LINE('',#4752,#4753);
#4752 = CARTESIAN_POINT('',(100.5,29.5,95.5));
#4753 = VECTOR('',#4754,1.);
#4754 = DIRECTION('',(1.,0.,-0.));
#4755 = PCURVE('',#3700,#4756);
#4756 = DEFINITIONAL_REPRESENTATION('',(#4757),#4761);
#4757 = LINE('',#4758,#4759);
#4758 = CARTESIAN_POINT('',(0.,0.));
#4759 = VECTOR('',#4760,1.);
#4760 = DIRECTION('',(0.,1.));
#4761 = ( GEOMETRIC_REPRESENTATION_CONTEXT(2) 
PARAMETRIC_REPRESENTATION_CONTEXT() REPRESENTATION_CONTEXT('2D SPACE',''
  ) );
#4762 = PCURVE('',#3726,#4763);
#4763 = DEFINITIONAL_REPRESENTATION('',(#4764),#4768);
#4764 = LINE('',#4765,#4766);
#4765 = CARTESIAN_POINT('',(0.,9.));
#4766 = VECTOR('',#4767,1.);
#4767 = DIRECTION('',(1.,0.));
#4768 = ( GEOMETRIC_REPRESENTATION_CONTEXT(2) 
PARAMETRIC_REPRESENTATION_CONTEXT() REPRESENTATION_CONTEXT('2D SPACE',''
  ) );
#4769 = ORIENTED_EDGE('',*,*,#3685,.T.);
#4770 = ORIENTED_EDGE('',*,*,#4423,.T.);
#4771 = ORIENTED_EDGE('',*,*,#4772,.T.);
#4772 = EDGE_CURVE('',#4398,#4773,#4775,.T.);
#4773 = VERTEX_POINT('',#4774);
#4774 = CARTESIAN_POINT('',(100.5,29.5,123.));
#4775 = SURFACE_CURVE('',#4776,(#4780,#4787),.PCURVE_S1.);
#4776 = LINE('',#4777,#4778);
#4777 = CARTESIAN_POINT('',(100.5,29.5,95.5));
#4778 = VECTOR('',#4779,1.);
#4779 = DIRECTION('',(0.,0.,1.));
#4780 = PCURVE('',#3700,#4781);
#4781 = DEFINITIONAL_REPRESENTATION('',(#4782),#4786);
#4782 = LINE('',#4783,#4784);
#4783 = CARTESIAN_POINT('',(0.,0.));
#4784 = VECTOR('',#4785,1.);
#4785 = DIRECTION('',(1.,0.));
#4786 = ( GEOMETRIC_REPRESENTATION_CONTEXT(2) 
PARAMETRIC_REPRESENTATION_CONTEXT() REPRESENTATION_CONTEXT('2D SPACE',''
  ) );
#4787 = PCURVE('',#4412,#4788);
#4788 = DEFINITIONAL_REPRESENTATION('',(#4789),#4793);
#4789 = LINE('',#4790,#4791);
#4790 = CARTESIAN_POINT('',(0.,-9.));
#4791 = VECTOR('',#4792,1.);
#4792 = DIRECTION('',(1.,0.));
#4793 = ( GEOMETRIC_REPRESENTATION_CONTEXT(2) 
PARAMETRIC_REPRESENTATION_CONTEXT() REPRESENTATION_CONTEXT('2D SPACE',''
  ) );
#4794 = ORIENTED_EDGE('',*,*,#4795,.F.);
#4795 = EDGE_CURVE('',#4796,#4773,#4798,.T.);
#4796 = VERTEX_POINT('',#4797);
#4797 = CARTESIAN_POINT('',(102.5,29.5,123.));
#4798 = SURFACE_CURVE('',#4799,(#4803,#4809),.PCURVE_S1.);
#4799 = LINE('',#4800,#4801);
#4800 = CARTESIAN_POINT('',(-1.,29.5,123.));
#4801 = VECTOR('',#4802,1.);
#4802 = DIRECTION('',(-1.,-0.,0.));
#4803 = PCURVE('',#3700,#4804);
#4804 = DEFINITIONAL_REPRESENTATION('',(#4805),#4808);
#4805 = B_SPLINE_CURVE_WITH_KNOTS('',1,(#4806,#4807),.UNSPECIFIED.,.F.,
  .F.,(2,2),(-103.5,-101.5),.PIECEWISE_BEZIER_KNOTS.);
#4806 = CARTESIAN_POINT('',(27.5,2.));
#4807 = CARTESIAN_POINT('',(27.5,0.));
#4808 = ( GEOMETRIC_REPRESENTATION_CONTEXT(2) 
PARAMETRIC_REPRESENTATION_CONTEXT() REPRESENTATION_CONTEXT('2D SPACE',''
  ) );
#4809 = PCURVE('',#4641,#4810);
#4810 = DEFINITIONAL_REPRESENTATION('',(#4811),#4814);
#4811 = B_SPLINE_CURVE_WITH_KNOTS('',1,(#4812,#4813),.UNSPECIFIED.,.F.,
  .F.,(2,2),(-103.5,-101.5),.PIECEWISE_BEZIER_KNOTS.);
#4812 = CARTESIAN_POINT('',(205.,99.5));
#4813 = CARTESIAN_POINT('',(203.,99.5));
#4814 = ( GEOMETRIC_REPRESENTATION_CONTEXT(2) 
PARAMETRIC_REPRESENTATION_CONTEXT() REPRESENTATION_CONTEXT('2D SPACE',''
  ) );
#4815 = ORIENTED_EDGE('',*,*,#4816,.F.);
#4816 = EDGE_CURVE('',#4748,#4796,#4817,.T.);
#4817 = SURFACE_CURVE('',#4818,(#4822,#4828),.PCURVE_S1.);
#4818 = LINE('',#4819,#4820);
#4819 = CARTESIAN_POINT('',(102.5,29.5,61.75));
#4820 = VECTOR('',#4821,1.);
#4821 = DIRECTION('',(0.,0.,1.));
#4822 = PCURVE('',#3700,#4823);
#4823 = DEFINITIONAL_REPRESENTATION('',(#4824),#4827);
#4824 = B_SPLINE_CURVE_WITH_KNOTS('',1,(#4825,#4826),.UNSPECIFIED.,.F.,
  .F.,(2,2),(33.75,61.25),.PIECEWISE_BEZIER_KNOTS.);
#4825 = CARTESIAN_POINT('',(0.,2.));
#4826 = CARTESIAN_POINT('',(27.5,2.));
#4827 = ( GEOMETRIC_REPRESENTATION_CONTEXT(2) 
PARAMETRIC_REPRESENTATION_CONTEXT() REPRESENTATION_CONTEXT('2D SPACE',''
  ) );
#4828 = PCURVE('',#4665,#4829);
#4829 = DEFINITIONAL_REPRESENTATION('',(#4830),#4833);
#4830 = B_SPLINE_CURVE_WITH_KNOTS('',1,(#4831,#4832),.UNSPECIFIED.,.F.,
  .F.,(2,2),(33.75,61.25),.PIECEWISE_BEZIER_KNOTS.);
#4831 = CARTESIAN_POINT('',(67.5,-99.5));
#4832 = CARTESIAN_POINT('',(95.,-99.5));
#4833 = ( GEOMETRIC_REPRESENTATION_CONTEXT(2) 
PARAMETRIC_REPRESENTATION_CONTEXT() REPRESENTATION_CONTEXT('2D SPACE',''
  ) );
#4834 = ADVANCED_FACE('',(#4835),#3753,.F.);
#4835 = FACE_BOUND('',#4836,.F.);
#4836 = EDGE_LOOP('',(#4837,#4838,#4839,#4840,#4841,#4862,#4881,#4882));
#4837 = ORIENTED_EDGE('',*,*,#4704,.T.);
#4838 = ORIENTED_EDGE('',*,*,#3786,.F.);
#4839 = ORIENTED_EDGE('',*,*,#3765,.T.);
#4840 = ORIENTED_EDGE('',*,*,#3737,.T.);
#4841 = ORIENTED_EDGE('',*,*,#4842,.T.);
#4842 = EDGE_CURVE('',#3712,#4843,#4845,.T.);
#4843 = VERTEX_POINT('',#4844);
#4844 = CARTESIAN_POINT('',(101.5,20.5,95.5));
#4845 = SURFACE_CURVE('',#4846,(#4850,#4856),.PCURVE_S1.);
#4846 = LINE('',#4847,#4848);
#4847 = CARTESIAN_POINT('',(101.5,-24.25,95.5));
#4848 = VECTOR('',#4849,1.);
#4849 = DIRECTION('',(0.,-1.,0.));
#4850 = PCURVE('',#3753,#4851);
#4851 = DEFINITIONAL_REPRESENTATION('',(#4852),#4855);
#4852 = B_SPLINE_CURVE_WITH_KNOTS('',1,(#4853,#4854),.UNSPECIFIED.,.F.,
  .F.,(2,2),(-53.75,-44.75),.PIECEWISE_BEZIER_KNOTS.);
#4853 = CARTESIAN_POINT('',(66.5,-98.5));
#4854 = CARTESIAN_POINT('',(66.5,-89.5));
#4855 = ( GEOMETRIC_REPRESENTATION_CONTEXT(2) 
PARAMETRIC_REPRESENTATION_CONTEXT() REPRESENTATION_CONTEXT('2D SPACE',''
  ) );
#4856 = PCURVE('',#3726,#4857);
#4857 = DEFINITIONAL_REPRESENTATION('',(#4858),#4861);
#4858 = B_SPLINE_CURVE_WITH_KNOTS('',1,(#4859,#4860),.UNSPECIFIED.,.F.,
  .F.,(2,2),(-53.75,-44.75),.PIECEWISE_BEZIER_KNOTS.);
#4859 = CARTESIAN_POINT('',(1.,9.));
#4860 = CARTESIAN_POINT('',(1.,0.));
#4861 = ( GEOMETRIC_REPRESENTATION_CONTEXT(2) 
PARAMETRIC_REPRESENTATION_CONTEXT() REPRESENTATION_CONTEXT('2D SPACE',''
  ) );
#4862 = ORIENTED_EDGE('',*,*,#4863,.T.);
#4863 = EDGE_CURVE('',#4843,#4349,#4864,.T.);
#4864 = SURFACE_CURVE('',#4865,(#4869,#4875),.PCURVE_S1.);
#4865 = LINE('',#4866,#4867);
#4866 = CARTESIAN_POINT('',(101.5,20.5,62.25));
#4867 = VECTOR('',#4868,1.);
#4868 = DIRECTION('',(0.,0.,1.));
#4869 = PCURVE('',#3753,#4870);
#4870 = DEFINITIONAL_REPRESENTATION('',(#4871),#4874);
#4871 = B_SPLINE_CURVE_WITH_KNOTS('',1,(#4872,#4873),.UNSPECIFIED.,.F.,
  .F.,(2,2),(33.25,59.75),.PIECEWISE_BEZIER_KNOTS.);
#4872 = CARTESIAN_POINT('',(66.5,-89.5));
#4873 = CARTESIAN_POINT('',(93.,-89.5));
#4874 = ( GEOMETRIC_REPRESENTATION_CONTEXT(2) 
PARAMETRIC_REPRESENTATION_CONTEXT() REPRESENTATION_CONTEXT('2D SPACE',''
  ) );
#4875 = PCURVE('',#4386,#4876);
#4876 = DEFINITIONAL_REPRESENTATION('',(#4877),#4880);
#4877 = B_SPLINE_CURVE_WITH_KNOTS('',1,(#4878,#4879),.UNSPECIFIED.,.F.,
  .F.,(2,2),(33.25,59.75),.PIECEWISE_BEZIER_KNOTS.);
#4878 = CARTESIAN_POINT('',(0.,1.));
#4879 = CARTESIAN_POINT('',(26.5,1.));
#4880 = ( GEOMETRIC_REPRESENTATION_CONTEXT(2) 
PARAMETRIC_REPRESENTATION_CONTEXT() REPRESENTATION_CONTEXT('2D SPACE',''
  ) );
#4881 = ORIENTED_EDGE('',*,*,#4348,.F.);
#4882 = ORIENTED_EDGE('',*,*,#4883,.F.);
#4883 = EDGE_CURVE('',#4680,#4323,#4884,.T.);
#4884 = SURFACE_CURVE('',#4885,(#4889,#4895),.PCURVE_S1.);
#4885 = LINE('',#4886,#4887);
#4886 = CARTESIAN_POINT('',(101.5,-20.5,62.25));
#4887 = VECTOR('',#4888,1.);
#4888 = DIRECTION('',(0.,0.,1.));
#4889 = PCURVE('',#3753,#4890);
#4890 = DEFINITIONAL_REPRESENTATION('',(#4891),#4894);
#4891 = B_SPLINE_CURVE_WITH_KNOTS('',1,(#4892,#4893),.UNSPECIFIED.,.F.,
  .F.,(2,2),(33.25,59.75),.PIECEWISE_BEZIER_KNOTS.);
#4892 = CARTESIAN_POINT('',(66.5,-48.5));
#4893 = CARTESIAN_POINT('',(93.,-48.5));
#4894 = ( GEOMETRIC_REPRESENTATION_CONTEXT(2) 
PARAMETRIC_REPRESENTATION_CONTEXT() REPRESENTATION_CONTEXT('2D SPACE',''
  ) );
#4895 = PCURVE('',#4337,#4896);
#4896 = DEFINITIONAL_REPRESENTATION('',(#4897),#4900);
#4897 = B_SPLINE_CURVE_WITH_KNOTS('',1,(#4898,#4899),.UNSPECIFIED.,.F.,
  .F.,(2,2),(33.25,59.75),.PIECEWISE_BEZIER_KNOTS.);
#4898 = CARTESIAN_POINT('',(0.,1.));
#4899 = CARTESIAN_POINT('',(26.5,1.));
#4900 = ( GEOMETRIC_REPRESENTATION_CONTEXT(2) 
PARAMETRIC_REPRESENTATION_CONTEXT() REPRESENTATION_CONTEXT('2D SPACE',''
  ) );
#4901 = ADVANCED_FACE('',(#4902),#3726,.T.);
#4902 = FACE_BOUND('',#4903,.T.);
#4903 = EDGE_LOOP('',(#4904,#4905,#4906,#4907,#4930));
#4904 = ORIENTED_EDGE('',*,*,#4747,.F.);
#4905 = ORIENTED_EDGE('',*,*,#3711,.T.);
#4906 = ORIENTED_EDGE('',*,*,#4842,.T.);
#4907 = ORIENTED_EDGE('',*,*,#4908,.T.);
#4908 = EDGE_CURVE('',#4843,#4909,#4911,.T.);
#4909 = VERTEX_POINT('',#4910);
#4910 = CARTESIAN_POINT('',(102.5,20.5,95.5));
#4911 = SURFACE_CURVE('',#4912,(#4916,#4923),.PCURVE_S1.);
#4912 = LINE('',#4913,#4914);
#4913 = CARTESIAN_POINT('',(100.5,20.5,95.5));
#4914 = VECTOR('',#4915,1.);
#4915 = DIRECTION('',(1.,0.,-0.));
#4916 = PCURVE('',#3726,#4917);
#4917 = DEFINITIONAL_REPRESENTATION('',(#4918),#4922);
#4918 = LINE('',#4919,#4920);
#4919 = CARTESIAN_POINT('',(0.,0.));
#4920 = VECTOR('',#4921,1.);
#4921 = DIRECTION('',(1.,0.));
#4922 = ( GEOMETRIC_REPRESENTATION_CONTEXT(2) 
PARAMETRIC_REPRESENTATION_CONTEXT() REPRESENTATION_CONTEXT('2D SPACE',''
  ) );
#4923 = PCURVE('',#4386,#4924);
#4924 = DEFINITIONAL_REPRESENTATION('',(#4925),#4929);
#4925 = LINE('',#4926,#4927);
#4926 = CARTESIAN_POINT('',(0.,0.));
#4927 = VECTOR('',#4928,1.);
#4928 = DIRECTION('',(0.,1.));
#4929 = ( GEOMETRIC_REPRESENTATION_CONTEXT(2) 
PARAMETRIC_REPRESENTATION_CONTEXT() REPRESENTATION_CONTEXT('2D SPACE',''
  ) );
#4930 = ORIENTED_EDGE('',*,*,#4931,.F.);
#4931 = EDGE_CURVE('',#4748,#4909,#4932,.T.);
#4932 = SURFACE_CURVE('',#4933,(#4937,#4943),.PCURVE_S1.);
#4933 = LINE('',#4934,#4935);
#4934 = CARTESIAN_POINT('',(102.5,-24.75,95.5));
#4935 = VECTOR('',#4936,1.);
#4936 = DIRECTION('',(0.,-1.,0.));
#4937 = PCURVE('',#3726,#4938);
#4938 = DEFINITIONAL_REPRESENTATION('',(#4939),#4942);
#4939 = B_SPLINE_CURVE_WITH_KNOTS('',1,(#4940,#4941),.UNSPECIFIED.,.F.,
  .F.,(2,2),(-54.25,-45.25),.PIECEWISE_BEZIER_KNOTS.);
#4940 = CARTESIAN_POINT('',(2.,9.));
#4941 = CARTESIAN_POINT('',(2.,0.));
#4942 = ( GEOMETRIC_REPRESENTATION_CONTEXT(2) 
PARAMETRIC_REPRESENTATION_CONTEXT() REPRESENTATION_CONTEXT('2D SPACE',''
  ) );
#4943 = PCURVE('',#4665,#4944);
#4944 = DEFINITIONAL_REPRESENTATION('',(#4945),#4948);
#4945 = B_SPLINE_CURVE_WITH_KNOTS('',1,(#4946,#4947),.UNSPECIFIED.,.F.,
  .F.,(2,2),(-54.25,-45.25),.PIECEWISE_BEZIER_KNOTS.);
#4946 = CARTESIAN_POINT('',(67.5,-99.5));
#4947 = CARTESIAN_POINT('',(67.5,-90.5));
#4948 = ( GEOMETRIC_REPRESENTATION_CONTEXT(2) 
PARAMETRIC_REPRESENTATION_CONTEXT() REPRESENTATION_CONTEXT('2D SPACE',''
  ) );
#4949 = ADVANCED_FACE('',(#4950),#3901,.F.);
#4950 = FACE_BOUND('',#4951,.F.);
#4951 = EDGE_LOOP('',(#4952,#4976,#4997,#4998));
#4952 = ORIENTED_EDGE('',*,*,#4953,.F.);
#4953 = EDGE_CURVE('',#4954,#4954,#4956,.T.);
#4954 = VERTEX_POINT('',#4955);
#4955 = CARTESIAN_POINT('',(102.5,-40.,117.));
#4956 = SURFACE_CURVE('',#4957,(#4962,#4969),.PCURVE_S1.);
#4957 = CIRCLE('',#4958,3.);
#4958 = AXIS2_PLACEMENT_3D('',#4959,#4960,#4961);
#4959 = CARTESIAN_POINT('',(102.5,-40.,114.));
#4960 = DIRECTION('',(1.,0.,0.));
#4961 = DIRECTION('',(-0.,0.,1.));
#4962 = PCURVE('',#3901,#4963);
#4963 = DEFINITIONAL_REPRESENTATION('',(#4964),#4968);
#4964 = LINE('',#4965,#4966);
#4965 = CARTESIAN_POINT('',(0.,3.));
#4966 = VECTOR('',#4967,1.);
#4967 = DIRECTION('',(1.,0.));
#4968 = ( GEOMETRIC_REPRESENTATION_CONTEXT(2) 
PARAMETRIC_REPRESENTATION_CONTEXT() REPRESENTATION_CONTEXT('2D SPACE',''
  ) );
#4969 = PCURVE('',#4665,#4970);
#4970 = DEFINITIONAL_REPRESENTATION('',(#4971),#4975);
#4971 = CIRCLE('',#4972,3.);
#4972 = AXIS2_PLACEMENT_2D('',#4973,#4974);
#4973 = CARTESIAN_POINT('',(86.,-30.));
#4974 = DIRECTION('',(1.,0.));
#4975 = ( GEOMETRIC_REPRESENTATION_CONTEXT(2) 
PARAMETRIC_REPRESENTATION_CONTEXT() REPRESENTATION_CONTEXT('2D SPACE',''
  ) );
#4976 = ORIENTED_EDGE('',*,*,#4977,.F.);
#4977 = EDGE_CURVE('',#3885,#4954,#4978,.T.);
#4978 = SEAM_CURVE('',#4979,(#4983,#4990),.PCURVE_S1.);
#4979 = LINE('',#4980,#4981);
#4980 = CARTESIAN_POINT('',(99.5,-40.,117.));
#4981 = VECTOR('',#4982,1.);
#4982 = DIRECTION('',(1.,0.,0.));
#4983 = PCURVE('',#3901,#4984);
#4984 = DEFINITIONAL_REPRESENTATION('',(#4985),#4989);
#4985 = LINE('',#4986,#4987);
#4986 = CARTESIAN_POINT('',(6.28318530718,-0.));
#4987 = VECTOR('',#4988,1.);
#4988 = DIRECTION('',(0.,1.));
#4989 = ( GEOMETRIC_REPRESENTATION_CONTEXT(2) 
PARAMETRIC_REPRESENTATION_CONTEXT() REPRESENTATION_CONTEXT('2D SPACE',''
  ) );
#4990 = PCURVE('',#3901,#4991);
#4991 = DEFINITIONAL_REPRESENTATION('',(#4992),#4996);
#4992 = LINE('',#4993,#4994);
#4993 = CARTESIAN_POINT('',(0.,-0.));
#4994 = VECTOR('',#4995,1.);
#4995 = DIRECTION('',(0.,1.));
#4996 = ( GEOMETRIC_REPRESENTATION_CONTEXT(2) 
PARAMETRIC_REPRESENTATION_CONTEXT() REPRESENTATION_CONTEXT('2D SPACE',''
  ) );
#4997 = ORIENTED_EDGE('',*,*,#3884,.T.);
#4998 = ORIENTED_EDGE('',*,*,#4977,.T.);
#4999 = ADVANCED_FACE('',(#5000),#3956,.T.);
#5000 = FACE_BOUND('',#5001,.T.);
#5001 = EDGE_LOOP('',(#5002,#5003,#5004,#5005));
#5002 = ORIENTED_EDGE('',*,*,#3940,.F.);
#5003 = ORIENTED_EDGE('',*,*,#3992,.T.);
#5004 = ORIENTED_EDGE('',*,*,#4553,.T.);
#5005 = ORIENTED_EDGE('',*,*,#4252,.F.);
#5006 = ADVANCED_FACE('',(#5007),#4057,.T.);
#5007 = FACE_BOUND('',#5008,.T.);
#5008 = EDGE_LOOP('',(#5009,#5010,#5011,#5012,#5013,#5014,#5015,#5016));
#5009 = ORIENTED_EDGE('',*,*,#4068,.T.);
#5010 = ORIENTED_EDGE('',*,*,#4040,.T.);
#5011 = ORIENTED_EDGE('',*,*,#4203,.T.);
#5012 = ORIENTED_EDGE('',*,*,#4182,.T.);
#5013 = ORIENTED_EDGE('',*,*,#4158,.T.);
#5014 = ORIENTED_EDGE('',*,*,#4137,.T.);
#5015 = ORIENTED_EDGE('',*,*,#4113,.T.);
#5016 = ORIENTED_EDGE('',*,*,#4092,.T.);
#5017 = ADVANCED_FACE('',(#5018),#4412,.T.);
#5018 = FACE_BOUND('',#5019,.T.);
#5019 = EDGE_LOOP('',(#5020,#5043,#5044,#5045));
#5020 = ORIENTED_EDGE('',*,*,#5021,.F.);
#5021 = EDGE_CURVE('',#4372,#5022,#5024,.T.);
#5022 = VERTEX_POINT('',#5023);
#5023 = CARTESIAN_POINT('',(100.5,20.5,123.));
#5024 = SURFACE_CURVE('',#5025,(#5029,#5036),.PCURVE_S1.);
#5025 = LINE('',#5026,#5027);
#5026 = CARTESIAN_POINT('',(100.5,20.5,95.5));
#5027 = VECTOR('',#5028,1.);
#5028 = DIRECTION('',(0.,0.,1.));
#5029 = PCURVE('',#4412,#5030);
#5030 = DEFINITIONAL_REPRESENTATION('',(#5031),#5035);
#5031 = LINE('',#5032,#5033);
#5032 = CARTESIAN_POINT('',(0.,0.));
#5033 = VECTOR('',#5034,1.);
#5034 = DIRECTION('',(1.,0.));
#5035 = ( GEOMETRIC_REPRESENTATION_CONTEXT(2) 
PARAMETRIC_REPRESENTATION_CONTEXT() REPRESENTATION_CONTEXT('2D SPACE',''
  ) );
#5036 = PCURVE('',#4386,#5037);
#5037 = DEFINITIONAL_REPRESENTATION('',(#5038),#5042);
#5038 = LINE('',#5039,#5040);
#5039 = CARTESIAN_POINT('',(0.,0.));
#5040 = VECTOR('',#5041,1.);
#5041 = DIRECTION('',(1.,0.));
#5042 = ( GEOMETRIC_REPRESENTATION_CONTEXT(2) 
PARAMETRIC_REPRESENTATION_CONTEXT() REPRESENTATION_CONTEXT('2D SPACE',''
  ) );
#5043 = ORIENTED_EDGE('',*,*,#4397,.T.);
#5044 = ORIENTED_EDGE('',*,*,#4772,.T.);
#5045 = ORIENTED_EDGE('',*,*,#5046,.F.);
#5046 = EDGE_CURVE('',#5022,#4773,#5047,.T.);
#5047 = SURFACE_CURVE('',#5048,(#5052,#5058),.PCURVE_S1.);
#5048 = LINE('',#5049,#5050);
#5049 = CARTESIAN_POINT('',(100.5,-24.75,123.));
#5050 = VECTOR('',#5051,1.);
#5051 = DIRECTION('',(-0.,1.,0.));
#5052 = PCURVE('',#4412,#5053);
#5053 = DEFINITIONAL_REPRESENTATION('',(#5054),#5057);
#5054 = B_SPLINE_CURVE_WITH_KNOTS('',1,(#5055,#5056),.UNSPECIFIED.,.F.,
  .F.,(2,2),(45.25,54.25),.PIECEWISE_BEZIER_KNOTS.);
#5055 = CARTESIAN_POINT('',(27.5,0.));
#5056 = CARTESIAN_POINT('',(27.5,-9.));
#5057 = ( GEOMETRIC_REPRESENTATION_CONTEXT(2) 
PARAMETRIC_REPRESENTATION_CONTEXT() REPRESENTATION_CONTEXT('2D SPACE',''
  ) );
#5058 = PCURVE('',#4641,#5059);
#5059 = DEFINITIONAL_REPRESENTATION('',(#5060),#5063);
#5060 = B_SPLINE_CURVE_WITH_KNOTS('',1,(#5061,#5062),.UNSPECIFIED.,.F.,
  .F.,(2,2),(45.25,54.25),.PIECEWISE_BEZIER_KNOTS.);
#5061 = CARTESIAN_POINT('',(203.,90.5));
#5062 = CARTESIAN_POINT('',(203.,99.5));
#5063 = ( GEOMETRIC_REPRESENTATION_CONTEXT(2) 
PARAMETRIC_REPRESENTATION_CONTEXT() REPRESENTATION_CONTEXT('2D SPACE',''
  ) );
#5064 = ADVANCED_FACE('',(#5065),#4386,.T.);
#5065 = FACE_BOUND('',#5066,.T.);
#5066 = EDGE_LOOP('',(#5067,#5068,#5069,#5070,#5071,#5092));
#5067 = ORIENTED_EDGE('',*,*,#4908,.F.);
#5068 = ORIENTED_EDGE('',*,*,#4863,.T.);
#5069 = ORIENTED_EDGE('',*,*,#4371,.T.);
#5070 = ORIENTED_EDGE('',*,*,#5021,.T.);
#5071 = ORIENTED_EDGE('',*,*,#5072,.F.);
#5072 = EDGE_CURVE('',#5073,#5022,#5075,.T.);
#5073 = VERTEX_POINT('',#5074);
#5074 = CARTESIAN_POINT('',(102.5,20.5,123.));
#5075 = SURFACE_CURVE('',#5076,(#5080,#5086),.PCURVE_S1.);
#5076 = LINE('',#5077,#5078);
#5077 = CARTESIAN_POINT('',(-1.,20.5,123.));
#5078 = VECTOR('',#5079,1.);
#5079 = DIRECTION('',(-1.,-0.,0.));
#5080 = PCURVE('',#4386,#5081);
#5081 = DEFINITIONAL_REPRESENTATION('',(#5082),#5085);
#5082 = B_SPLINE_CURVE_WITH_KNOTS('',1,(#5083,#5084),.UNSPECIFIED.,.F.,
  .F.,(2,2),(-103.5,-101.5),.PIECEWISE_BEZIER_KNOTS.);
#5083 = CARTESIAN_POINT('',(27.5,2.));
#5084 = CARTESIAN_POINT('',(27.5,0.));
#5085 = ( GEOMETRIC_REPRESENTATION_CONTEXT(2) 
PARAMETRIC_REPRESENTATION_CONTEXT() REPRESENTATION_CONTEXT('2D SPACE',''
  ) );
#5086 = PCURVE('',#4641,#5087);
#5087 = DEFINITIONAL_REPRESENTATION('',(#5088),#5091);
#5088 = B_SPLINE_CURVE_WITH_KNOTS('',1,(#5089,#5090),.UNSPECIFIED.,.F.,
  .F.,(2,2),(-103.5,-101.5),.PIECEWISE_BEZIER_KNOTS.);
#5089 = CARTESIAN_POINT('',(205.,90.5));
#5090 = CARTESIAN_POINT('',(203.,90.5));
#5091 = ( GEOMETRIC_REPRESENTATION_CONTEXT(2) 
PARAMETRIC_REPRESENTATION_CONTEXT() REPRESENTATION_CONTEXT('2D SPACE',''
  ) );
#5092 = ORIENTED_EDGE('',*,*,#5093,.F.);
#5093 = EDGE_CURVE('',#4909,#5073,#5094,.T.);
#5094 = SURFACE_CURVE('',#5095,(#5099,#5105),.PCURVE_S1.);
#5095 = LINE('',#5096,#5097);
#5096 = CARTESIAN_POINT('',(102.5,20.5,61.75));
#5097 = VECTOR('',#5098,1.);
#5098 = DIRECTION('',(0.,0.,1.));
#5099 = PCURVE('',#4386,#5100);
#5100 = DEFINITIONAL_REPRESENTATION('',(#5101),#5104);
#5101 = B_SPLINE_CURVE_WITH_KNOTS('',1,(#5102,#5103),.UNSPECIFIED.,.F.,
  .F.,(2,2),(33.75,61.25),.PIECEWISE_BEZIER_KNOTS.);
#5102 = CARTESIAN_POINT('',(0.,2.));
#5103 = CARTESIAN_POINT('',(27.5,2.));
#5104 = ( GEOMETRIC_REPRESENTATION_CONTEXT(2) 
PARAMETRIC_REPRESENTATION_CONTEXT() REPRESENTATION_CONTEXT('2D SPACE',''
  ) );
#5105 = PCURVE('',#4665,#5106);
#5106 = DEFINITIONAL_REPRESENTATION('',(#5107),#5110);
#5107 = B_SPLINE_CURVE_WITH_KNOTS('',1,(#5108,#5109),.UNSPECIFIED.,.F.,
  .F.,(2,2),(33.75,61.25),.PIECEWISE_BEZIER_KNOTS.);
#5108 = CARTESIAN_POINT('',(67.5,-90.5));
#5109 = CARTESIAN_POINT('',(95.,-90.5));
#5110 = ( GEOMETRIC_REPRESENTATION_CONTEXT(2) 
PARAMETRIC_REPRESENTATION_CONTEXT() REPRESENTATION_CONTEXT('2D SPACE',''
  ) );
#5111 = ADVANCED_FACE('',(#5112),#4337,.F.);
#5112 = FACE_BOUND('',#5113,.F.);
#5113 = EDGE_LOOP('',(#5114,#5115,#5116,#5117,#5140,#5161));
#5114 = ORIENTED_EDGE('',*,*,#4679,.F.);
#5115 = ORIENTED_EDGE('',*,*,#4883,.T.);
#5116 = ORIENTED_EDGE('',*,*,#4322,.T.);
#5117 = ORIENTED_EDGE('',*,*,#5118,.T.);
#5118 = EDGE_CURVE('',#4297,#5119,#5121,.T.);
#5119 = VERTEX_POINT('',#5120);
#5120 = CARTESIAN_POINT('',(100.5,-20.5,123.));
#5121 = SURFACE_CURVE('',#5122,(#5126,#5133),.PCURVE_S1.);
#5122 = LINE('',#5123,#5124);
#5123 = CARTESIAN_POINT('',(100.5,-20.5,95.5));
#5124 = VECTOR('',#5125,1.);
#5125 = DIRECTION('',(0.,0.,1.));
#5126 = PCURVE('',#4337,#5127);
#5127 = DEFINITIONAL_REPRESENTATION('',(#5128),#5132);
#5128 = LINE('',#5129,#5130);
#5129 = CARTESIAN_POINT('',(0.,0.));
#5130 = VECTOR('',#5131,1.);
#5131 = DIRECTION('',(1.,0.));
#5132 = ( GEOMETRIC_REPRESENTATION_CONTEXT(2) 
PARAMETRIC_REPRESENTATION_CONTEXT() REPRESENTATION_CONTEXT('2D SPACE',''
  ) );
#5133 = PCURVE('',#4311,#5134);
#5134 = DEFINITIONAL_REPRESENTATION('',(#5135),#5139);
#5135 = LINE('',#5136,#5137);
#5136 = CARTESIAN_POINT('',(0.,-9.));
#5137 = VECTOR('',#5138,1.);
#5138 = DIRECTION('',(1.,0.));
#5139 = ( GEOMETRIC_REPRESENTATION_CONTEXT(2) 
PARAMETRIC_REPRESENTATION_CONTEXT() REPRESENTATION_CONTEXT('2D SPACE',''
  ) );
#5140 = ORIENTED_EDGE('',*,*,#5141,.F.);
#5141 = EDGE_CURVE('',#5142,#5119,#5144,.T.);
#5142 = VERTEX_POINT('',#5143);
#5143 = CARTESIAN_POINT('',(102.5,-20.5,123.));
#5144 = SURFACE_CURVE('',#5145,(#5149,#5155),.PCURVE_S1.);
#5145 = LINE('',#5146,#5147);
#5146 = CARTESIAN_POINT('',(-1.,-20.5,123.));
#5147 = VECTOR('',#5148,1.);
#5148 = DIRECTION('',(-1.,-0.,0.));
#5149 = PCURVE('',#4337,#5150);
#5150 = DEFINITIONAL_REPRESENTATION('',(#5151),#5154);
#5151 = B_SPLINE_CURVE_WITH_KNOTS('',1,(#5152,#5153),.UNSPECIFIED.,.F.,
  .F.,(2,2),(-103.5,-101.5),.PIECEWISE_BEZIER_KNOTS.);
#5152 = CARTESIAN_POINT('',(27.5,2.));
#5153 = CARTESIAN_POINT('',(27.5,0.));
#5154 = ( GEOMETRIC_REPRESENTATION_CONTEXT(2) 
PARAMETRIC_REPRESENTATION_CONTEXT() REPRESENTATION_CONTEXT('2D SPACE',''
  ) );
#5155 = PCURVE('',#4641,#5156);
#5156 = DEFINITIONAL_REPRESENTATION('',(#5157),#5160);
#5157 = B_SPLINE_CURVE_WITH_KNOTS('',1,(#5158,#5159),.UNSPECIFIED.,.F.,
  .F.,(2,2),(-103.5,-101.5),.PIECEWISE_BEZIER_KNOTS.);
#5158 = CARTESIAN_POINT('',(205.,49.5));
#5159 = CARTESIAN_POINT('',(203.,49.5));
#5160 = ( GEOMETRIC_REPRESENTATION_CONTEXT(2) 
PARAMETRIC_REPRESENTATION_CONTEXT() REPRESENTATION_CONTEXT('2D SPACE',''
  ) );
#5161 = ORIENTED_EDGE('',*,*,#5162,.F.);
#5162 = EDGE_CURVE('',#4682,#5142,#5163,.T.);
#5163 = SURFACE_CURVE('',#5164,(#5168,#5174),.PCURVE_S1.);
#5164 = LINE('',#5165,#5166);
#5165 = CARTESIAN_POINT('',(102.5,-20.5,61.75));
#5166 = VECTOR('',#5167,1.);
#5167 = DIRECTION('',(0.,0.,1.));
#5168 = PCURVE('',#4337,#5169);
#5169 = DEFINITIONAL_REPRESENTATION('',(#5170),#5173);
#5170 = B_SPLINE_CURVE_WITH_KNOTS('',1,(#5171,#5172),.UNSPECIFIED.,.F.,
  .F.,(2,2),(33.75,61.25),.PIECEWISE_BEZIER_KNOTS.);
#5171 = CARTESIAN_POINT('',(0.,2.));
#5172 = CARTESIAN_POINT('',(27.5,2.));
#5173 = ( GEOMETRIC_REPRESENTATION_CONTEXT(2) 
PARAMETRIC_REPRESENTATION_CONTEXT() REPRESENTATION_CONTEXT('2D SPACE',''
  ) );
#5174 = PCURVE('',#4665,#5175);
#5175 = DEFINITIONAL_REPRESENTATION('',(#5176),#5179);
#5176 = B_SPLINE_CURVE_WITH_KNOTS('',1,(#5177,#5178),.UNSPECIFIED.,.F.,
  .F.,(2,2),(33.75,61.25),.PIECEWISE_BEZIER_KNOTS.);
#5177 = CARTESIAN_POINT('',(67.5,-49.5));
#5178 = CARTESIAN_POINT('',(95.,-49.5));
#5179 = ( GEOMETRIC_REPRESENTATION_CONTEXT(2) 
PARAMETRIC_REPRESENTATION_CONTEXT() REPRESENTATION_CONTEXT('2D SPACE',''
  ) );
#5180 = ADVANCED_FACE('',(#5181),#4311,.T.);
#5181 = FACE_BOUND('',#5182,.T.);
#5182 = EDGE_LOOP('',(#5183,#5184,#5185,#5186));
#5183 = ORIENTED_EDGE('',*,*,#4603,.F.);
#5184 = ORIENTED_EDGE('',*,*,#4296,.T.);
#5185 = ORIENTED_EDGE('',*,*,#5118,.T.);
#5186 = ORIENTED_EDGE('',*,*,#5187,.F.);
#5187 = EDGE_CURVE('',#4604,#5119,#5188,.T.);
#5188 = SURFACE_CURVE('',#5189,(#5193,#5199),.PCURVE_S1.);
#5189 = LINE('',#5190,#5191);
#5190 = CARTESIAN_POINT('',(100.5,-49.75,123.));
#5191 = VECTOR('',#5192,1.);
#5192 = DIRECTION('',(-0.,1.,0.));
#5193 = PCURVE('',#4311,#5194);
#5194 = DEFINITIONAL_REPRESENTATION('',(#5195),#5198);
#5195 = B_SPLINE_CURVE_WITH_KNOTS('',1,(#5196,#5197),.UNSPECIFIED.,.F.,
  .F.,(2,2),(20.25,29.25),.PIECEWISE_BEZIER_KNOTS.);
#5196 = CARTESIAN_POINT('',(27.5,0.));
#5197 = CARTESIAN_POINT('',(27.5,-9.));
#5198 = ( GEOMETRIC_REPRESENTATION_CONTEXT(2) 
PARAMETRIC_REPRESENTATION_CONTEXT() REPRESENTATION_CONTEXT('2D SPACE',''
  ) );
#5199 = PCURVE('',#4641,#5200);
#5200 = DEFINITIONAL_REPRESENTATION('',(#5201),#5204);
#5201 = B_SPLINE_CURVE_WITH_KNOTS('',1,(#5202,#5203),.UNSPECIFIED.,.F.,
  .F.,(2,2),(20.25,29.25),.PIECEWISE_BEZIER_KNOTS.);
#5202 = CARTESIAN_POINT('',(203.,40.5));
#5203 = CARTESIAN_POINT('',(203.,49.5));
#5204 = ( GEOMETRIC_REPRESENTATION_CONTEXT(2) 
PARAMETRIC_REPRESENTATION_CONTEXT() REPRESENTATION_CONTEXT('2D SPACE',''
  ) );
#5205 = ADVANCED_FACE('',(#5206),#4461,.T.);
#5206 = FACE_BOUND('',#5207,.T.);
#5207 = EDGE_LOOP('',(#5208,#5231,#5232,#5255));
#5208 = ORIENTED_EDGE('',*,*,#5209,.F.);
#5209 = EDGE_CURVE('',#4445,#5210,#5212,.T.);
#5210 = VERTEX_POINT('',#5211);
#5211 = CARTESIAN_POINT('',(96.5,-64.,123.));
#5212 = SURFACE_CURVE('',#5213,(#5217,#5224),.PCURVE_S1.);
#5213 = LINE('',#5214,#5215);
#5214 = CARTESIAN_POINT('',(96.5,-64.,121.));
#5215 = VECTOR('',#5216,1.);
#5216 = DIRECTION('',(0.,0.,1.));
#5217 = PCURVE('',#4461,#5218);
#5218 = DEFINITIONAL_REPRESENTATION('',(#5219),#5223);
#5219 = LINE('',#5220,#5221);
#5220 = CARTESIAN_POINT('',(0.,193.));
#5221 = VECTOR('',#5222,1.);
#5222 = DIRECTION('',(1.,0.));
#5223 = ( GEOMETRIC_REPRESENTATION_CONTEXT(2) 
PARAMETRIC_REPRESENTATION_CONTEXT() REPRESENTATION_CONTEXT('2D SPACE',''
  ) );
#5224 = PCURVE('',#4537,#5225);
#5225 = DEFINITIONAL_REPRESENTATION('',(#5226),#5230);
#5226 = LINE('',#5227,#5228);
#5227 = CARTESIAN_POINT('',(0.,0.));
#5228 = VECTOR('',#5229,1.);
#5229 = DIRECTION('',(1.,0.));
#5230 = ( GEOMETRIC_REPRESENTATION_CONTEXT(2) 
PARAMETRIC_REPRESENTATION_CONTEXT() REPRESENTATION_CONTEXT('2D SPACE',''
  ) );
#5231 = ORIENTED_EDGE('',*,*,#4444,.T.);
#5232 = ORIENTED_EDGE('',*,*,#5233,.T.);
#5233 = EDGE_CURVE('',#4447,#5234,#5236,.T.);
#5234 = VERTEX_POINT('',#5235);
#5235 = CARTESIAN_POINT('',(-96.5,-64.,123.));
#5236 = SURFACE_CURVE('',#5237,(#5241,#5248),.PCURVE_S1.);
#5237 = LINE('',#5238,#5239);
#5238 = CARTESIAN_POINT('',(-96.5,-64.,121.));
#5239 = VECTOR('',#5240,1.);
#5240 = DIRECTION('',(0.,0.,1.));
#5241 = PCURVE('',#4461,#5242);
#5242 = DEFINITIONAL_REPRESENTATION('',(#5243),#5247);
#5243 = LINE('',#5244,#5245);
#5244 = CARTESIAN_POINT('',(0.,0.));
#5245 = VECTOR('',#5246,1.);
#5246 = DIRECTION('',(1.,0.));
#5247 = ( GEOMETRIC_REPRESENTATION_CONTEXT(2) 
PARAMETRIC_REPRESENTATION_CONTEXT() REPRESENTATION_CONTEXT('2D SPACE',''
  ) );
#5248 = PCURVE('',#4487,#5249);
#5249 = DEFINITIONAL_REPRESENTATION('',(#5250),#5254);
#5250 = LINE('',#5251,#5252);
#5251 = CARTESIAN_POINT('',(0.,0.));
#5252 = VECTOR('',#5253,1.);
#5253 = DIRECTION('',(1.,0.));
#5254 = ( GEOMETRIC_REPRESENTATION_CONTEXT(2) 
PARAMETRIC_REPRESENTATION_CONTEXT() REPRESENTATION_CONTEXT('2D SPACE',''
  ) );
#5255 = ORIENTED_EDGE('',*,*,#5256,.F.);
#5256 = EDGE_CURVE('',#5210,#5234,#5257,.T.);
#5257 = SURFACE_CURVE('',#5258,(#5262,#5268),.PCURVE_S1.);
#5258 = LINE('',#5259,#5260);
#5259 = CARTESIAN_POINT('',(-99.,-64.,123.));
#5260 = VECTOR('',#5261,1.);
#5261 = DIRECTION('',(-1.,-0.,0.));
#5262 = PCURVE('',#4461,#5263);
#5263 = DEFINITIONAL_REPRESENTATION('',(#5264),#5267);
#5264 = B_SPLINE_CURVE_WITH_KNOTS('',1,(#5265,#5266),.UNSPECIFIED.,.F.,
  .F.,(2,2),(-195.5,-2.5),.PIECEWISE_BEZIER_KNOTS.);
#5265 = CARTESIAN_POINT('',(2.,193.));
#5266 = CARTESIAN_POINT('',(2.,0.));
#5267 = ( GEOMETRIC_REPRESENTATION_CONTEXT(2) 
PARAMETRIC_REPRESENTATION_CONTEXT() REPRESENTATION_CONTEXT('2D SPACE',''
  ) );
#5268 = PCURVE('',#4641,#5269);
#5269 = DEFINITIONAL_REPRESENTATION('',(#5270),#5274);
#5270 = LINE('',#5271,#5272);
#5271 = CARTESIAN_POINT('',(3.5,6.));
#5272 = VECTOR('',#5273,1.);
#5273 = DIRECTION('',(-1.,0.));
#5274 = ( GEOMETRIC_REPRESENTATION_CONTEXT(2) 
PARAMETRIC_REPRESENTATION_CONTEXT() REPRESENTATION_CONTEXT('2D SPACE',''
  ) );
#5275 = ADVANCED_FACE('',(#5276),#4537,.F.);
#5276 = FACE_BOUND('',#5277,.F.);
#5277 = EDGE_LOOP('',(#5278,#5279,#5280,#5303));
#5278 = ORIENTED_EDGE('',*,*,#5209,.F.);
#5279 = ORIENTED_EDGE('',*,*,#4524,.T.);
#5280 = ORIENTED_EDGE('',*,*,#5281,.T.);
#5281 = EDGE_CURVE('',#4499,#5282,#5284,.T.);
#5282 = VERTEX_POINT('',#5283);
#5283 = CARTESIAN_POINT('',(96.5,64.,123.));
#5284 = SURFACE_CURVE('',#5285,(#5289,#5296),.PCURVE_S1.);
#5285 = LINE('',#5286,#5287);
#5286 = CARTESIAN_POINT('',(96.5,64.,121.));
#5287 = VECTOR('',#5288,1.);
#5288 = DIRECTION('',(0.,0.,1.));
#5289 = PCURVE('',#4537,#5290);
#5290 = DEFINITIONAL_REPRESENTATION('',(#5291),#5295);
#5291 = LINE('',#5292,#5293);
#5292 = CARTESIAN_POINT('',(0.,-128.));
#5293 = VECTOR('',#5294,1.);
#5294 = DIRECTION('',(1.,0.));
#5295 = ( GEOMETRIC_REPRESENTATION_CONTEXT(2) 
PARAMETRIC_REPRESENTATION_CONTEXT() REPRESENTATION_CONTEXT('2D SPACE',''
  ) );
#5296 = PCURVE('',#4513,#5297);
#5297 = DEFINITIONAL_REPRESENTATION('',(#5298),#5302);
#5298 = LINE('',#5299,#5300);
#5299 = CARTESIAN_POINT('',(0.,193.));
#5300 = VECTOR('',#5301,1.);
#5301 = DIRECTION('',(1.,0.));
#5302 = ( GEOMETRIC_REPRESENTATION_CONTEXT(2) 
PARAMETRIC_REPRESENTATION_CONTEXT() REPRESENTATION_CONTEXT('2D SPACE',''
  ) );
#5303 = ORIENTED_EDGE('',*,*,#5304,.F.);
#5304 = EDGE_CURVE('',#5210,#5282,#5305,.T.);
#5305 = SURFACE_CURVE('',#5306,(#5310,#5316),.PCURVE_S1.);
#5306 = LINE('',#5307,#5308);
#5307 = CARTESIAN_POINT('',(96.5,-66.5,123.));
#5308 = VECTOR('',#5309,1.);
#5309 = DIRECTION('',(-0.,1.,0.));
#5310 = PCURVE('',#4537,#5311);
#5311 = DEFINITIONAL_REPRESENTATION('',(#5312),#5315);
#5312 = B_SPLINE_CURVE_WITH_KNOTS('',1,(#5313,#5314),.UNSPECIFIED.,.F.,
  .F.,(2,2),(2.5,130.5),.PIECEWISE_BEZIER_KNOTS.);
#5313 = CARTESIAN_POINT('',(2.,0.));
#5314 = CARTESIAN_POINT('',(2.,-128.));
#5315 = ( GEOMETRIC_REPRESENTATION_CONTEXT(2) 
PARAMETRIC_REPRESENTATION_CONTEXT() REPRESENTATION_CONTEXT('2D SPACE',''
  ) );
#5316 = PCURVE('',#4641,#5317);
#5317 = DEFINITIONAL_REPRESENTATION('',(#5318),#5322);
#5318 = LINE('',#5319,#5320);
#5319 = CARTESIAN_POINT('',(199.,3.5));
#5320 = VECTOR('',#5321,1.);
#5321 = DIRECTION('',(0.,1.));
#5322 = ( GEOMETRIC_REPRESENTATION_CONTEXT(2) 
PARAMETRIC_REPRESENTATION_CONTEXT() REPRESENTATION_CONTEXT('2D SPACE',''
  ) );
#5323 = ADVANCED_FACE('',(#5324),#4487,.T.);
#5324 = FACE_BOUND('',#5325,.T.);
#5325 = EDGE_LOOP('',(#5326,#5327,#5328,#5351));
#5326 = ORIENTED_EDGE('',*,*,#5233,.F.);
#5327 = ORIENTED_EDGE('',*,*,#4472,.T.);
#5328 = ORIENTED_EDGE('',*,*,#5329,.T.);
#5329 = EDGE_CURVE('',#4473,#5330,#5332,.T.);
#5330 = VERTEX_POINT('',#5331);
#5331 = CARTESIAN_POINT('',(-96.5,64.,123.));
#5332 = SURFACE_CURVE('',#5333,(#5337,#5344),.PCURVE_S1.);
#5333 = LINE('',#5334,#5335);
#5334 = CARTESIAN_POINT('',(-96.5,64.,121.));
#5335 = VECTOR('',#5336,1.);
#5336 = DIRECTION('',(0.,0.,1.));
#5337 = PCURVE('',#4487,#5338);
#5338 = DEFINITIONAL_REPRESENTATION('',(#5339),#5343);
#5339 = LINE('',#5340,#5341);
#5340 = CARTESIAN_POINT('',(0.,-128.));
#5341 = VECTOR('',#5342,1.);
#5342 = DIRECTION('',(1.,0.));
#5343 = ( GEOMETRIC_REPRESENTATION_CONTEXT(2) 
PARAMETRIC_REPRESENTATION_CONTEXT() REPRESENTATION_CONTEXT('2D SPACE',''
  ) );
#5344 = PCURVE('',#4513,#5345);
#5345 = DEFINITIONAL_REPRESENTATION('',(#5346),#5350);
#5346 = LINE('',#5347,#5348);
#5347 = CARTESIAN_POINT('',(0.,0.));
#5348 = VECTOR('',#5349,1.);
#5349 = DIRECTION('',(1.,0.));
#5350 = ( GEOMETRIC_REPRESENTATION_CONTEXT(2) 
PARAMETRIC_REPRESENTATION_CONTEXT() REPRESENTATION_CONTEXT('2D SPACE',''
  ) );
#5351 = ORIENTED_EDGE('',*,*,#5352,.F.);
#5352 = EDGE_CURVE('',#5234,#5330,#5353,.T.);
#5353 = SURFACE_CURVE('',#5354,(#5358,#5364),.PCURVE_S1.);
#5354 = LINE('',#5355,#5356);
#5355 = CARTESIAN_POINT('',(-96.5,-66.5,123.));
#5356 = VECTOR('',#5357,1.);
#5357 = DIRECTION('',(-0.,1.,0.));
#5358 = PCURVE('',#4487,#5359);
#5359 = DEFINITIONAL_REPRESENTATION('',(#5360),#5363);
#5360 = B_SPLINE_CURVE_WITH_KNOTS('',1,(#5361,#5362),.UNSPECIFIED.,.F.,
  .F.,(2,2),(2.5,130.5),.PIECEWISE_BEZIER_KNOTS.);
#5361 = CARTESIAN_POINT('',(2.,0.));
#5362 = CARTESIAN_POINT('',(2.,-128.));
#5363 = ( GEOMETRIC_REPRESENTATION_CONTEXT(2) 
PARAMETRIC_REPRESENTATION_CONTEXT() REPRESENTATION_CONTEXT('2D SPACE',''
  ) );
#5364 = PCURVE('',#4641,#5365);
#5365 = DEFINITIONAL_REPRESENTATION('',(#5366),#5370);
#5366 = LINE('',#5367,#5368);
#5367 = CARTESIAN_POINT('',(6.,3.5));
#5368 = VECTOR('',#5369,1.);
#5369 = DIRECTION('',(0.,1.));
#5370 = ( GEOMETRIC_REPRESENTATION_CONTEXT(2) 
PARAMETRIC_REPRESENTATION_CONTEXT() REPRESENTATION_CONTEXT('2D SPACE',''
  ) );
#5371 = ADVANCED_FACE('',(#5372),#4513,.F.);
#5372 = FACE_BOUND('',#5373,.F.);
#5373 = EDGE_LOOP('',(#5374,#5375,#5376,#5377));
#5374 = ORIENTED_EDGE('',*,*,#5281,.F.);
#5375 = ORIENTED_EDGE('',*,*,#4498,.T.);
#5376 = ORIENTED_EDGE('',*,*,#5329,.T.);
#5377 = ORIENTED_EDGE('',*,*,#5378,.F.);
#5378 = EDGE_CURVE('',#5282,#5330,#5379,.T.);
#5379 = SURFACE_CURVE('',#5380,(#5384,#5390),.PCURVE_S1.);
#5380 = LINE('',#5381,#5382);
#5381 = CARTESIAN_POINT('',(-99.,64.,123.));
#5382 = VECTOR('',#5383,1.);
#5383 = DIRECTION('',(-1.,-0.,0.));
#5384 = PCURVE('',#4513,#5385);
#5385 = DEFINITIONAL_REPRESENTATION('',(#5386),#5389);
#5386 = B_SPLINE_CURVE_WITH_KNOTS('',1,(#5387,#5388),.UNSPECIFIED.,.F.,
  .F.,(2,2),(-195.5,-2.5),.PIECEWISE_BEZIER_KNOTS.);
#5387 = CARTESIAN_POINT('',(2.,193.));
#5388 = CARTESIAN_POINT('',(2.,0.));
#5389 = ( GEOMETRIC_REPRESENTATION_CONTEXT(2) 
PARAMETRIC_REPRESENTATION_CONTEXT() REPRESENTATION_CONTEXT('2D SPACE',''
  ) );
#5390 = PCURVE('',#4641,#5391);
#5391 = DEFINITIONAL_REPRESENTATION('',(#5392),#5396);
#5392 = LINE('',#5393,#5394);
#5393 = CARTESIAN_POINT('',(3.5,134.));
#5394 = VECTOR('',#5395,1.);
#5395 = DIRECTION('',(-1.,0.));
#5396 = ( GEOMETRIC_REPRESENTATION_CONTEXT(2) 
PARAMETRIC_REPRESENTATION_CONTEXT() REPRESENTATION_CONTEXT('2D SPACE',''
  ) );
#5397 = ADVANCED_FACE('',(#5398,#5555),#4665,.T.);
#5398 = FACE_BOUND('',#5399,.T.);
#5399 = EDGE_LOOP('',(#5400,#5423,#5451,#5479,#5507,#5528,#5529,#5530,
    #5531,#5552,#5553,#5554));
#5400 = ORIENTED_EDGE('',*,*,#5401,.F.);
#5401 = EDGE_CURVE('',#5402,#4627,#5404,.T.);
#5402 = VERTEX_POINT('',#5403);
#5403 = CARTESIAN_POINT('',(102.5,-70.,123.));
#5404 = SURFACE_CURVE('',#5405,(#5409,#5416),.PCURVE_S1.);
#5405 = LINE('',#5406,#5407);
#5406 = CARTESIAN_POINT('',(102.5,-70.,123.));
#5407 = VECTOR('',#5408,1.);
#5408 = DIRECTION('',(-0.,1.,0.));
#5409 = PCURVE('',#4665,#5410);
#5410 = DEFINITIONAL_REPRESENTATION('',(#5411),#5415);
#5411 = LINE('',#5412,#5413);
#5412 = CARTESIAN_POINT('',(95.,0.));
#5413 = VECTOR('',#5414,1.);
#5414 = DIRECTION('',(0.,-1.));
#5415 = ( GEOMETRIC_REPRESENTATION_CONTEXT(2) 
PARAMETRIC_REPRESENTATION_CONTEXT() REPRESENTATION_CONTEXT('2D SPACE',''
  ) );
#5416 = PCURVE('',#4641,#5417);
#5417 = DEFINITIONAL_REPRESENTATION('',(#5418),#5422);
#5418 = LINE('',#5419,#5420);
#5419 = CARTESIAN_POINT('',(205.,0.));
#5420 = VECTOR('',#5421,1.);
#5421 = DIRECTION('',(0.,1.));
#5422 = ( GEOMETRIC_REPRESENTATION_CONTEXT(2) 
PARAMETRIC_REPRESENTATION_CONTEXT() REPRESENTATION_CONTEXT('2D SPACE',''
  ) );
#5423 = ORIENTED_EDGE('',*,*,#5424,.F.);
#5424 = EDGE_CURVE('',#5425,#5402,#5427,.T.);
#5425 = VERTEX_POINT('',#5426);
#5426 = CARTESIAN_POINT('',(102.5,-70.,28.));
#5427 = SURFACE_CURVE('',#5428,(#5432,#5439),.PCURVE_S1.);
#5428 = LINE('',#5429,#5430);
#5429 = CARTESIAN_POINT('',(102.5,-70.,28.));
#5430 = VECTOR('',#5431,1.);
#5431 = DIRECTION('',(0.,0.,1.));
#5432 = PCURVE('',#4665,#5433);
#5433 = DEFINITIONAL_REPRESENTATION('',(#5434),#5438);
#5434 = LINE('',#5435,#5436);
#5435 = CARTESIAN_POINT('',(0.,0.));
#5436 = VECTOR('',#5437,1.);
#5437 = DIRECTION('',(1.,0.));
#5438 = ( GEOMETRIC_REPRESENTATION_CONTEXT(2) 
PARAMETRIC_REPRESENTATION_CONTEXT() REPRESENTATION_CONTEXT('2D SPACE',''
  ) );
#5439 = PCURVE('',#5440,#5445);
#5440 = PLANE('',#5441);
#5441 = AXIS2_PLACEMENT_3D('',#5442,#5443,#5444);
#5442 = CARTESIAN_POINT('',(-102.5,-70.,28.));
#5443 = DIRECTION('',(-0.,1.,0.));
#5444 = DIRECTION('',(0.,0.,1.));
#5445 = DEFINITIONAL_REPRESENTATION('',(#5446),#5450);
#5446 = LINE('',#5447,#5448);
#5447 = CARTESIAN_POINT('',(0.,205.));
#5448 = VECTOR('',#5449,1.);
#5449 = DIRECTION('',(1.,0.));
#5450 = ( GEOMETRIC_REPRESENTATION_CONTEXT(2) 
PARAMETRIC_REPRESENTATION_CONTEXT() REPRESENTATION_CONTEXT('2D SPACE',''
  ) );
#5451 = ORIENTED_EDGE('',*,*,#5452,.T.);
#5452 = EDGE_CURVE('',#5425,#5453,#5455,.T.);
#5453 = VERTEX_POINT('',#5454);
#5454 = CARTESIAN_POINT('',(102.5,70.,28.));
#5455 = SURFACE_CURVE('',#5456,(#5460,#5467),.PCURVE_S1.);
#5456 = LINE('',#5457,#5458);
#5457 = CARTESIAN_POINT('',(102.5,-70.,28.));
#5458 = VECTOR('',#5459,1.);
#5459 = DIRECTION('',(-0.,1.,0.));
#5460 = PCURVE('',#4665,#5461);
#5461 = DEFINITIONAL_REPRESENTATION('',(#5462),#5466);
#5462 = LINE('',#5463,#5464);
#5463 = CARTESIAN_POINT('',(0.,0.));
#5464 = VECTOR('',#5465,1.);
#5465 = DIRECTION('',(0.,-1.));
#5466 = ( GEOMETRIC_REPRESENTATION_CONTEXT(2) 
PARAMETRIC_REPRESENTATION_CONTEXT() REPRESENTATION_CONTEXT('2D SPACE',''
  ) );
#5467 = PCURVE('',#5468,#5473);
#5468 = PLANE('',#5469);
#5469 = AXIS2_PLACEMENT_3D('',#5470,#5471,#5472);
#5470 = CARTESIAN_POINT('',(-102.5,-70.,28.));
#5471 = DIRECTION('',(0.,0.,1.));
#5472 = DIRECTION('',(1.,0.,-0.));
#5473 = DEFINITIONAL_REPRESENTATION('',(#5474),#5478);
#5474 = LINE('',#5475,#5476);
#5475 = CARTESIAN_POINT('',(205.,0.));
#5476 = VECTOR('',#5477,1.);
#5477 = DIRECTION('',(0.,1.));
#5478 = ( GEOMETRIC_REPRESENTATION_CONTEXT(2) 
PARAMETRIC_REPRESENTATION_CONTEXT() REPRESENTATION_CONTEXT('2D SPACE',''
  ) );
#5479 = ORIENTED_EDGE('',*,*,#5480,.T.);
#5480 = EDGE_CURVE('',#5453,#5481,#5483,.T.);
#5481 = VERTEX_POINT('',#5482);
#5482 = CARTESIAN_POINT('',(102.5,70.,123.));
#5483 = SURFACE_CURVE('',#5484,(#5488,#5495),.PCURVE_S1.);
#5484 = LINE('',#5485,#5486);
#5485 = CARTESIAN_POINT('',(102.5,70.,28.));
#5486 = VECTOR('',#5487,1.);
#5487 = DIRECTION('',(0.,0.,1.));
#5488 = PCURVE('',#4665,#5489);
#5489 = DEFINITIONAL_REPRESENTATION('',(#5490),#5494);
#5490 = LINE('',#5491,#5492);
#5491 = CARTESIAN_POINT('',(0.,-140.));
#5492 = VECTOR('',#5493,1.);
#5493 = DIRECTION('',(1.,0.));
#5494 = ( GEOMETRIC_REPRESENTATION_CONTEXT(2) 
PARAMETRIC_REPRESENTATION_CONTEXT() REPRESENTATION_CONTEXT('2D SPACE',''
  ) );
#5495 = PCURVE('',#5496,#5501);
#5496 = PLANE('',#5497);
#5497 = AXIS2_PLACEMENT_3D('',#5498,#5499,#5500);
#5498 = CARTESIAN_POINT('',(-102.5,70.,28.));
#5499 = DIRECTION('',(-0.,1.,0.));
#5500 = DIRECTION('',(0.,0.,1.));
#5501 = DEFINITIONAL_REPRESENTATION('',(#5502),#5506);
#5502 = LINE('',#5503,#5504);
#5503 = CARTESIAN_POINT('',(0.,205.));
#5504 = VECTOR('',#5505,1.);
#5505 = DIRECTION('',(1.,0.));
#5506 = ( GEOMETRIC_REPRESENTATION_CONTEXT(2) 
PARAMETRIC_REPRESENTATION_CONTEXT() REPRESENTATION_CONTEXT('2D SPACE',''
  ) );
#5507 = ORIENTED_EDGE('',*,*,#5508,.F.);
#5508 = EDGE_CURVE('',#4796,#5481,#5509,.T.);
#5509 = SURFACE_CURVE('',#5510,(#5514,#5521),.PCURVE_S1.);
#5510 = LINE('',#5511,#5512);
#5511 = CARTESIAN_POINT('',(102.5,-70.,123.));
#5512 = VECTOR('',#5513,1.);
#5513 = DIRECTION('',(-0.,1.,0.));
#5514 = PCURVE('',#4665,#5515);
#5515 = DEFINITIONAL_REPRESENTATION('',(#5516),#5520);
#5516 = LINE('',#5517,#5518);
#5517 = CARTESIAN_POINT('',(95.,0.));
#5518 = VECTOR('',#5519,1.);
#5519 = DIRECTION('',(0.,-1.));
#5520 = ( GEOMETRIC_REPRESENTATION_CONTEXT(2) 
PARAMETRIC_REPRESENTATION_CONTEXT() REPRESENTATION_CONTEXT('2D SPACE',''
  ) );
#5521 = PCURVE('',#4641,#5522);
#5522 = DEFINITIONAL_REPRESENTATION('',(#5523),#5527);
#5523 = LINE('',#5524,#5525);
#5524 = CARTESIAN_POINT('',(205.,0.));
#5525 = VECTOR('',#5526,1.);
#5526 = DIRECTION('',(0.,1.));
#5527 = ( GEOMETRIC_REPRESENTATION_CONTEXT(2) 
PARAMETRIC_REPRESENTATION_CONTEXT() REPRESENTATION_CONTEXT('2D SPACE',''
  ) );
#5528 = ORIENTED_EDGE('',*,*,#4816,.F.);
#5529 = ORIENTED_EDGE('',*,*,#4931,.T.);
#5530 = ORIENTED_EDGE('',*,*,#5093,.T.);
#5531 = ORIENTED_EDGE('',*,*,#5532,.F.);
#5532 = EDGE_CURVE('',#5142,#5073,#5533,.T.);
#5533 = SURFACE_CURVE('',#5534,(#5538,#5545),.PCURVE_S1.);
#5534 = LINE('',#5535,#5536);
#5535 = CARTESIAN_POINT('',(102.5,-70.,123.));
#5536 = VECTOR('',#5537,1.);
#5537 = DIRECTION('',(-0.,1.,0.));
#5538 = PCURVE('',#4665,#5539);
#5539 = DEFINITIONAL_REPRESENTATION('',(#5540),#5544);
#5540 = LINE('',#5541,#5542);
#5541 = CARTESIAN_POINT('',(95.,0.));
#5542 = VECTOR('',#5543,1.);
#5543 = DIRECTION('',(0.,-1.));
#5544 = ( GEOMETRIC_REPRESENTATION_CONTEXT(2) 
PARAMETRIC_REPRESENTATION_CONTEXT() REPRESENTATION_CONTEXT('2D SPACE',''
  ) );
#5545 = PCURVE('',#4641,#5546);
#5546 = DEFINITIONAL_REPRESENTATION('',(#5547),#5551);
#5547 = LINE('',#5548,#5549);
#5548 = CARTESIAN_POINT('',(205.,0.));
#5549 = VECTOR('',#5550,1.);
#5550 = DIRECTION('',(0.,1.));
#5551 = ( GEOMETRIC_REPRESENTATION_CONTEXT(2) 
PARAMETRIC_REPRESENTATION_CONTEXT() REPRESENTATION_CONTEXT('2D SPACE',''
  ) );
#5552 = ORIENTED_EDGE('',*,*,#5162,.F.);
#5553 = ORIENTED_EDGE('',*,*,#4725,.T.);
#5554 = ORIENTED_EDGE('',*,*,#4652,.T.);
#5555 = FACE_BOUND('',#5556,.T.);
#5556 = EDGE_LOOP('',(#5557));
#5557 = ORIENTED_EDGE('',*,*,#4953,.F.);
#5558 = ADVANCED_FACE('',(#5559,#5642),#4641,.T.);
#5559 = FACE_BOUND('',#5560,.T.);
#5560 = EDGE_LOOP('',(#5561,#5562,#5585,#5613,#5634,#5635,#5636,#5637,
    #5638,#5639,#5640,#5641));
#5561 = ORIENTED_EDGE('',*,*,#5508,.T.);
#5562 = ORIENTED_EDGE('',*,*,#5563,.F.);
#5563 = EDGE_CURVE('',#5564,#5481,#5566,.T.);
#5564 = VERTEX_POINT('',#5565);
#5565 = CARTESIAN_POINT('',(-102.5,70.,123.));
#5566 = SURFACE_CURVE('',#5567,(#5571,#5578),.PCURVE_S1.);
#5567 = LINE('',#5568,#5569);
#5568 = CARTESIAN_POINT('',(-102.5,70.,123.));
#5569 = VECTOR('',#5570,1.);
#5570 = DIRECTION('',(1.,0.,-0.));
#5571 = PCURVE('',#4641,#5572);
#5572 = DEFINITIONAL_REPRESENTATION('',(#5573),#5577);
#5573 = LINE('',#5574,#5575);
#5574 = CARTESIAN_POINT('',(0.,140.));
#5575 = VECTOR('',#5576,1.);
#5576 = DIRECTION('',(1.,0.));
#5577 = ( GEOMETRIC_REPRESENTATION_CONTEXT(2) 
PARAMETRIC_REPRESENTATION_CONTEXT() REPRESENTATION_CONTEXT('2D SPACE',''
  ) );
#5578 = PCURVE('',#5496,#5579);
#5579 = DEFINITIONAL_REPRESENTATION('',(#5580),#5584);
#5580 = LINE('',#5581,#5582);
#5581 = CARTESIAN_POINT('',(95.,0.));
#5582 = VECTOR('',#5583,1.);
#5583 = DIRECTION('',(0.,1.));
#5584 = ( GEOMETRIC_REPRESENTATION_CONTEXT(2) 
PARAMETRIC_REPRESENTATION_CONTEXT() REPRESENTATION_CONTEXT('2D SPACE',''
  ) );
#5585 = ORIENTED_EDGE('',*,*,#5586,.F.);
#5586 = EDGE_CURVE('',#5587,#5564,#5589,.T.);
#5587 = VERTEX_POINT('',#5588);
#5588 = CARTESIAN_POINT('',(-102.5,-70.,123.));
#5589 = SURFACE_CURVE('',#5590,(#5594,#5601),.PCURVE_S1.);
#5590 = LINE('',#5591,#5592);
#5591 = CARTESIAN_POINT('',(-102.5,-70.,123.));
#5592 = VECTOR('',#5593,1.);
#5593 = DIRECTION('',(-0.,1.,0.));
#5594 = PCURVE('',#4641,#5595);
#5595 = DEFINITIONAL_REPRESENTATION('',(#5596),#5600);
#5596 = LINE('',#5597,#5598);
#5597 = CARTESIAN_POINT('',(0.,0.));
#5598 = VECTOR('',#5599,1.);
#5599 = DIRECTION('',(0.,1.));
#5600 = ( GEOMETRIC_REPRESENTATION_CONTEXT(2) 
PARAMETRIC_REPRESENTATION_CONTEXT() REPRESENTATION_CONTEXT('2D SPACE',''
  ) );
#5601 = PCURVE('',#5602,#5607);
#5602 = PLANE('',#5603);
#5603 = AXIS2_PLACEMENT_3D('',#5604,#5605,#5606);
#5604 = CARTESIAN_POINT('',(-102.5,-70.,28.));
#5605 = DIRECTION('',(1.,0.,-0.));
#5606 = DIRECTION('',(0.,0.,1.));
#5607 = DEFINITIONAL_REPRESENTATION('',(#5608),#5612);
#5608 = LINE('',#5609,#5610);
#5609 = CARTESIAN_POINT('',(95.,0.));
#5610 = VECTOR('',#5611,1.);
#5611 = DIRECTION('',(0.,-1.));
#5612 = ( GEOMETRIC_REPRESENTATION_CONTEXT(2) 
PARAMETRIC_REPRESENTATION_CONTEXT() REPRESENTATION_CONTEXT('2D SPACE',''
  ) );
#5613 = ORIENTED_EDGE('',*,*,#5614,.T.);
#5614 = EDGE_CURVE('',#5587,#5402,#5615,.T.);
#5615 = SURFACE_CURVE('',#5616,(#5620,#5627),.PCURVE_S1.);
#5616 = LINE('',#5617,#5618);
#5617 = CARTESIAN_POINT('',(-102.5,-70.,123.));
#5618 = VECTOR('',#5619,1.);
#5619 = DIRECTION('',(1.,0.,-0.));
#5620 = PCURVE('',#4641,#5621);
#5621 = DEFINITIONAL_REPRESENTATION('',(#5622),#5626);
#5622 = LINE('',#5623,#5624);
#5623 = CARTESIAN_POINT('',(0.,0.));
#5624 = VECTOR('',#5625,1.);
#5625 = DIRECTION('',(1.,0.));
#5626 = ( GEOMETRIC_REPRESENTATION_CONTEXT(2) 
PARAMETRIC_REPRESENTATION_CONTEXT() REPRESENTATION_CONTEXT('2D SPACE',''
  ) );
#5627 = PCURVE('',#5440,#5628);
#5628 = DEFINITIONAL_REPRESENTATION('',(#5629),#5633);
#5629 = LINE('',#5630,#5631);
#5630 = CARTESIAN_POINT('',(95.,0.));
#5631 = VECTOR('',#5632,1.);
#5632 = DIRECTION('',(0.,1.));
#5633 = ( GEOMETRIC_REPRESENTATION_CONTEXT(2) 
PARAMETRIC_REPRESENTATION_CONTEXT() REPRESENTATION_CONTEXT('2D SPACE',''
  ) );
#5634 = ORIENTED_EDGE('',*,*,#5401,.T.);
#5635 = ORIENTED_EDGE('',*,*,#4626,.T.);
#5636 = ORIENTED_EDGE('',*,*,#5187,.T.);
#5637 = ORIENTED_EDGE('',*,*,#5141,.F.);
#5638 = ORIENTED_EDGE('',*,*,#5532,.T.);
#5639 = ORIENTED_EDGE('',*,*,#5072,.T.);
#5640 = ORIENTED_EDGE('',*,*,#5046,.T.);
#5641 = ORIENTED_EDGE('',*,*,#4795,.F.);
#5642 = FACE_BOUND('',#5643,.T.);
#5643 = EDGE_LOOP('',(#5644,#5645,#5646,#5647));
#5644 = ORIENTED_EDGE('',*,*,#5256,.T.);
#5645 = ORIENTED_EDGE('',*,*,#5352,.T.);
#5646 = ORIENTED_EDGE('',*,*,#5378,.F.);
#5647 = ORIENTED_EDGE('',*,*,#5304,.F.);
#5648 = ADVANCED_FACE('',(#5649),#5440,.F.);
#5649 = FACE_BOUND('',#5650,.F.);
#5650 = EDGE_LOOP('',(#5651,#5674,#5695,#5696));
#5651 = ORIENTED_EDGE('',*,*,#5652,.F.);
#5652 = EDGE_CURVE('',#5653,#5425,#5655,.T.);
#5653 = VERTEX_POINT('',#5654);
#5654 = CARTESIAN_POINT('',(-102.5,-70.,28.));
#5655 = SURFACE_CURVE('',#5656,(#5660,#5667),.PCURVE_S1.);
#5656 = LINE('',#5657,#5658);
#5657 = CARTESIAN_POINT('',(-102.5,-70.,28.));
#5658 = VECTOR('',#5659,1.);
#5659 = DIRECTION('',(1.,0.,-0.));
#5660 = PCURVE('',#5440,#5661);
#5661 = DEFINITIONAL_REPRESENTATION('',(#5662),#5666);
#5662 = LINE('',#5663,#5664);
#5663 = CARTESIAN_POINT('',(0.,0.));
#5664 = VECTOR('',#5665,1.);
#5665 = DIRECTION('',(0.,1.));
#5666 = ( GEOMETRIC_REPRESENTATION_CONTEXT(2) 
PARAMETRIC_REPRESENTATION_CONTEXT() REPRESENTATION_CONTEXT('2D SPACE',''
  ) );
#5667 = PCURVE('',#5468,#5668);
#5668 = DEFINITIONAL_REPRESENTATION('',(#5669),#5673);
#5669 = LINE('',#5670,#5671);
#5670 = CARTESIAN_POINT('',(0.,0.));
#5671 = VECTOR('',#5672,1.);
#5672 = DIRECTION('',(1.,0.));
#5673 = ( GEOMETRIC_REPRESENTATION_CONTEXT(2) 
PARAMETRIC_REPRESENTATION_CONTEXT() REPRESENTATION_CONTEXT('2D SPACE',''
  ) );
#5674 = ORIENTED_EDGE('',*,*,#5675,.T.);
#5675 = EDGE_CURVE('',#5653,#5587,#5676,.T.);
#5676 = SURFACE_CURVE('',#5677,(#5681,#5688),.PCURVE_S1.);
#5677 = LINE('',#5678,#5679);
#5678 = CARTESIAN_POINT('',(-102.5,-70.,28.));
#5679 = VECTOR('',#5680,1.);
#5680 = DIRECTION('',(0.,0.,1.));
#5681 = PCURVE('',#5440,#5682);
#5682 = DEFINITIONAL_REPRESENTATION('',(#5683),#5687);
#5683 = LINE('',#5684,#5685);
#5684 = CARTESIAN_POINT('',(0.,0.));
#5685 = VECTOR('',#5686,1.);
#5686 = DIRECTION('',(1.,0.));
#5687 = ( GEOMETRIC_REPRESENTATION_CONTEXT(2) 
PARAMETRIC_REPRESENTATION_CONTEXT() REPRESENTATION_CONTEXT('2D SPACE',''
  ) );
#5688 = PCURVE('',#5602,#5689);
#5689 = DEFINITIONAL_REPRESENTATION('',(#5690),#5694);
#5690 = LINE('',#5691,#5692);
#5691 = CARTESIAN_POINT('',(0.,0.));
#5692 = VECTOR('',#5693,1.);
#5693 = DIRECTION('',(1.,0.));
#5694 = ( GEOMETRIC_REPRESENTATION_CONTEXT(2) 
PARAMETRIC_REPRESENTATION_CONTEXT() REPRESENTATION_CONTEXT('2D SPACE',''
  ) );
#5695 = ORIENTED_EDGE('',*,*,#5614,.T.);
#5696 = ORIENTED_EDGE('',*,*,#5424,.F.);
#5697 = ADVANCED_FACE('',(#5698),#5468,.F.);
#5698 = FACE_BOUND('',#5699,.F.);
#5699 = EDGE_LOOP('',(#5700,#5723,#5724,#5725));
#5700 = ORIENTED_EDGE('',*,*,#5701,.F.);
#5701 = EDGE_CURVE('',#5653,#5702,#5704,.T.);
#5702 = VERTEX_POINT('',#5703);
#5703 = CARTESIAN_POINT('',(-102.5,70.,28.));
#5704 = SURFACE_CURVE('',#5705,(#5709,#5716),.PCURVE_S1.);
#5705 = LINE('',#5706,#5707);
#5706 = CARTESIAN_POINT('',(-102.5,-70.,28.));
#5707 = VECTOR('',#5708,1.);
#5708 = DIRECTION('',(-0.,1.,0.));
#5709 = PCURVE('',#5468,#5710);
#5710 = DEFINITIONAL_REPRESENTATION('',(#5711),#5715);
#5711 = LINE('',#5712,#5713);
#5712 = CARTESIAN_POINT('',(0.,0.));
#5713 = VECTOR('',#5714,1.);
#5714 = DIRECTION('',(0.,1.));
#5715 = ( GEOMETRIC_REPRESENTATION_CONTEXT(2) 
PARAMETRIC_REPRESENTATION_CONTEXT() REPRESENTATION_CONTEXT('2D SPACE',''
  ) );
#5716 = PCURVE('',#5602,#5717);
#5717 = DEFINITIONAL_REPRESENTATION('',(#5718),#5722);
#5718 = LINE('',#5719,#5720);
#5719 = CARTESIAN_POINT('',(0.,0.));
#5720 = VECTOR('',#5721,1.);
#5721 = DIRECTION('',(0.,-1.));
#5722 = ( GEOMETRIC_REPRESENTATION_CONTEXT(2) 
PARAMETRIC_REPRESENTATION_CONTEXT() REPRESENTATION_CONTEXT('2D SPACE',''
  ) );
#5723 = ORIENTED_EDGE('',*,*,#5652,.T.);
#5724 = ORIENTED_EDGE('',*,*,#5452,.T.);
#5725 = ORIENTED_EDGE('',*,*,#5726,.F.);
#5726 = EDGE_CURVE('',#5702,#5453,#5727,.T.);
#5727 = SURFACE_CURVE('',#5728,(#5732,#5739),.PCURVE_S1.);
#5728 = LINE('',#5729,#5730);
#5729 = CARTESIAN_POINT('',(-102.5,70.,28.));
#5730 = VECTOR('',#5731,1.);
#5731 = DIRECTION('',(1.,0.,-0.));
#5732 = PCURVE('',#5468,#5733);
#5733 = DEFINITIONAL_REPRESENTATION('',(#5734),#5738);
#5734 = LINE('',#5735,#5736);
#5735 = CARTESIAN_POINT('',(0.,140.));
#5736 = VECTOR('',#5737,1.);
#5737 = DIRECTION('',(1.,0.));
#5738 = ( GEOMETRIC_REPRESENTATION_CONTEXT(2) 
PARAMETRIC_REPRESENTATION_CONTEXT() REPRESENTATION_CONTEXT('2D SPACE',''
  ) );
#5739 = PCURVE('',#5496,#5740);
#5740 = DEFINITIONAL_REPRESENTATION('',(#5741),#5745);
#5741 = LINE('',#5742,#5743);
#5742 = CARTESIAN_POINT('',(0.,0.));
#5743 = VECTOR('',#5744,1.);
#5744 = DIRECTION('',(0.,1.));
#5745 = ( GEOMETRIC_REPRESENTATION_CONTEXT(2) 
PARAMETRIC_REPRESENTATION_CONTEXT() REPRESENTATION_CONTEXT('2D SPACE',''
  ) );
#5746 = ADVANCED_FACE('',(#5747),#5496,.T.);
#5747 = FACE_BOUND('',#5748,.T.);
#5748 = EDGE_LOOP('',(#5749,#5750,#5771,#5772));
#5749 = ORIENTED_EDGE('',*,*,#5726,.F.);
#5750 = ORIENTED_EDGE('',*,*,#5751,.T.);
#5751 = EDGE_CURVE('',#5702,#5564,#5752,.T.);
#5752 = SURFACE_CURVE('',#5753,(#5757,#5764),.PCURVE_S1.);
#5753 = LINE('',#5754,#5755);
#5754 = CARTESIAN_POINT('',(-102.5,70.,28.));
#5755 = VECTOR('',#5756,1.);
#5756 = DIRECTION('',(0.,0.,1.));
#5757 = PCURVE('',#5496,#5758);
#5758 = DEFINITIONAL_REPRESENTATION('',(#5759),#5763);
#5759 = LINE('',#5760,#5761);
#5760 = CARTESIAN_POINT('',(0.,0.));
#5761 = VECTOR('',#5762,1.);
#5762 = DIRECTION('',(1.,0.));
#5763 = ( GEOMETRIC_REPRESENTATION_CONTEXT(2) 
PARAMETRIC_REPRESENTATION_CONTEXT() REPRESENTATION_CONTEXT('2D SPACE',''
  ) );
#5764 = PCURVE('',#5602,#5765);
#5765 = DEFINITIONAL_REPRESENTATION('',(#5766),#5770);
#5766 = LINE('',#5767,#5768);
#5767 = CARTESIAN_POINT('',(0.,-140.));
#5768 = VECTOR('',#5769,1.);
#5769 = DIRECTION('',(1.,0.));
#5770 = ( GEOMETRIC_REPRESENTATION_CONTEXT(2) 
PARAMETRIC_REPRESENTATION_CONTEXT() REPRESENTATION_CONTEXT('2D SPACE',''
  ) );
#5771 = ORIENTED_EDGE('',*,*,#5563,.T.);
#5772 = ORIENTED_EDGE('',*,*,#5480,.F.);
#5773 = ADVANCED_FACE('',(#5774),#5602,.F.);
#5774 = FACE_BOUND('',#5775,.F.);
#5775 = EDGE_LOOP('',(#5776,#5777,#5778,#5779));
#5776 = ORIENTED_EDGE('',*,*,#5675,.F.);
#5777 = ORIENTED_EDGE('',*,*,#5701,.T.);
#5778 = ORIENTED_EDGE('',*,*,#5751,.T.);
#5779 = ORIENTED_EDGE('',*,*,#5586,.F.);
#5780 = MANIFOLD_SOLID_BREP('',#5781);
#5781 = CLOSED_SHELL('',(#5782,#5869,#5873));
#5782 = ADVANCED_FACE('',(#5783),#5796,.T.);
#5783 = FACE_BOUND('',#5784,.T.);
#5784 = EDGE_LOOP('',(#5785,#5819,#5842,#5868));
#5785 = ORIENTED_EDGE('',*,*,#5786,.F.);
#5786 = EDGE_CURVE('',#5787,#5787,#5789,.T.);
#5787 = VERTEX_POINT('',#5788);
#5788 = CARTESIAN_POINT('',(135.5,50.,117.));
#5789 = SURFACE_CURVE('',#5790,(#5795,#5807),.PCURVE_S1.);
#5790 = CIRCLE('',#5791,3.);
#5791 = AXIS2_PLACEMENT_3D('',#5792,#5793,#5794);
#5792 = CARTESIAN_POINT('',(135.5,50.,114.));
#5793 = DIRECTION('',(0.,1.,0.));
#5794 = DIRECTION('',(0.,-0.,1.));
#5795 = PCURVE('',#5796,#5801);
#5796 = CYLINDRICAL_SURFACE('',#5797,3.);
#5797 = AXIS2_PLACEMENT_3D('',#5798,#5799,#5800);
#5798 = CARTESIAN_POINT('',(135.5,30.,114.));
#5799 = DIRECTION('',(0.,1.,0.));
#5800 = DIRECTION('',(0.,-0.,1.));
#5801 = DEFINITIONAL_REPRESENTATION('',(#5802),#5806);
#5802 = LINE('',#5803,#5804);
#5803 = CARTESIAN_POINT('',(0.,20.));
#5804 = VECTOR('',#5805,1.);
#5805 = DIRECTION('',(1.,0.));
#5806 = ( GEOMETRIC_REPRESENTATION_CONTEXT(2) 
PARAMETRIC_REPRESENTATION_CONTEXT() REPRESENTATION_CONTEXT('2D SPACE',''
  ) );
#5807 = PCURVE('',#5808,#5813);
#5808 = PLANE('',#5809);
#5809 = AXIS2_PLACEMENT_3D('',#5810,#5811,#5812);
#5810 = CARTESIAN_POINT('',(135.5,50.,114.));
#5811 = DIRECTION('',(0.,1.,0.));
#5812 = DIRECTION('',(0.,-0.,1.));
#5813 = DEFINITIONAL_REPRESENTATION('',(#5814),#5818);
#5814 = CIRCLE('',#5815,3.);
#5815 = AXIS2_PLACEMENT_2D('',#5816,#5817);
#5816 = CARTESIAN_POINT('',(0.,0.));
#5817 = DIRECTION('',(1.,0.));
#5818 = ( GEOMETRIC_REPRESENTATION_CONTEXT(2) 
PARAMETRIC_REPRESENTATION_CONTEXT() REPRESENTATION_CONTEXT('2D SPACE',''
  ) );
#5819 = ORIENTED_EDGE('',*,*,#5820,.F.);
#5820 = EDGE_CURVE('',#5821,#5787,#5823,.T.);
#5821 = VERTEX_POINT('',#5822);
#5822 = CARTESIAN_POINT('',(135.5,30.,117.));
#5823 = SEAM_CURVE('',#5824,(#5828,#5835),.PCURVE_S1.);
#5824 = LINE('',#5825,#5826);
#5825 = CARTESIAN_POINT('',(135.5,30.,117.));
#5826 = VECTOR('',#5827,1.);
#5827 = DIRECTION('',(0.,1.,0.));
#5828 = PCURVE('',#5796,#5829);
#5829 = DEFINITIONAL_REPRESENTATION('',(#5830),#5834);
#5830 = LINE('',#5831,#5832);
#5831 = CARTESIAN_POINT('',(6.28318530718,-0.));
#5832 = VECTOR('',#5833,1.);
#5833 = DIRECTION('',(0.,1.));
#5834 = ( GEOMETRIC_REPRESENTATION_CONTEXT(2) 
PARAMETRIC_REPRESENTATION_CONTEXT() REPRESENTATION_CONTEXT('2D SPACE',''
  ) );
#5835 = PCURVE('',#5796,#5836);
#5836 = DEFINITIONAL_REPRESENTATION('',(#5837),#5841);
#5837 = LINE('',#5838,#5839);
#5838 = CARTESIAN_POINT('',(0.,-0.));
#5839 = VECTOR('',#5840,1.);
#5840 = DIRECTION('',(0.,1.));
#5841 = ( GEOMETRIC_REPRESENTATION_CONTEXT(2) 
PARAMETRIC_REPRESENTATION_CONTEXT() REPRESENTATION_CONTEXT('2D SPACE',''
  ) );
#5842 = ORIENTED_EDGE('',*,*,#5843,.T.);
#5843 = EDGE_CURVE('',#5821,#5821,#5844,.T.);
#5844 = SURFACE_CURVE('',#5845,(#5850,#5856),.PCURVE_S1.);
#5845 = CIRCLE('',#5846,3.);
#5846 = AXIS2_PLACEMENT_3D('',#5847,#5848,#5849);
#5847 = CARTESIAN_POINT('',(135.5,30.,114.));
#5848 = DIRECTION('',(0.,1.,0.));
#5849 = DIRECTION('',(0.,-0.,1.));
#5850 = PCURVE('',#5796,#5851);
#5851 = DEFINITIONAL_REPRESENTATION('',(#5852),#5855);
#5852 = B_SPLINE_CURVE_WITH_KNOTS('',1,(#5853,#5854),.UNSPECIFIED.,.F.,
  .F.,(2,2),(0.,6.28318530718),.PIECEWISE_BEZIER_KNOTS.);
#5853 = CARTESIAN_POINT('',(0.,0.));
#5854 = CARTESIAN_POINT('',(6.28318530718,0.));
#5855 = ( GEOMETRIC_REPRESENTATION_CONTEXT(2) 
PARAMETRIC_REPRESENTATION_CONTEXT() REPRESENTATION_CONTEXT('2D SPACE',''
  ) );
#5856 = PCURVE('',#5857,#5862);
#5857 = PLANE('',#5858);
#5858 = AXIS2_PLACEMENT_3D('',#5859,#5860,#5861);
#5859 = CARTESIAN_POINT('',(135.5,30.,114.));
#5860 = DIRECTION('',(0.,1.,0.));
#5861 = DIRECTION('',(0.,-0.,1.));
#5862 = DEFINITIONAL_REPRESENTATION('',(#5863),#5867);
#5863 = CIRCLE('',#5864,3.);
#5864 = AXIS2_PLACEMENT_2D('',#5865,#5866);
#5865 = CARTESIAN_POINT('',(0.,0.));
#5866 = DIRECTION('',(1.,0.));
#5867 = ( GEOMETRIC_REPRESENTATION_CONTEXT(2) 
PARAMETRIC_REPRESENTATION_CONTEXT() REPRESENTATION_CONTEXT('2D SPACE',''
  ) );
#5868 = ORIENTED_EDGE('',*,*,#5820,.T.);
#5869 = ADVANCED_FACE('',(#5870),#5808,.T.);
#5870 = FACE_BOUND('',#5871,.T.);
#5871 = EDGE_LOOP('',(#5872));
#5872 = ORIENTED_EDGE('',*,*,#5786,.T.);
#5873 = ADVANCED_FACE('',(#5874),#5857,.F.);
#5874 = FACE_BOUND('',#5875,.T.);
#5875 = EDGE_LOOP('',(#5876));
#5876 = ORIENTED_EDGE('',*,*,#5843,.F.);
#5877 = ( GEOMETRIC_REPRESENTATION_CONTEXT(3) 
GLOBAL_UNCERTAINTY_ASSIGNED_CONTEXT((#5881)) 
GLOBAL_UNIT_ASSIGNED_CONTEXT((#5878,#5879,#5880)) REPRESENTATION_CONTEXT
('Context #1','3D Context with UNIT and UNCERTAINTY') );
#5878 = ( LENGTH_UNIT() NAMED_UNIT(*) SI_UNIT(.MILLI.,.METRE.) );
#5879 = ( NAMED_UNIT(*) PLANE_ANGLE_UNIT() SI_UNIT($,.RADIAN.) );
#5880 = ( NAMED_UNIT(*) SI_UNIT($,.STERADIAN.) SOLID_ANGLE_UNIT() );
#5881 = UNCERTAINTY_MEASURE_WITH_UNIT(LENGTH_MEASURE(1.E-07),#5878,
  'distance_accuracy_value','confusion accuracy');
#5882 = PRODUCT_RELATED_PRODUCT_CATEGORY('part',$,(#7));
ENDSEC;
END-ISO-10303-21;
