ISO-10303-21;
HEADER;
FILE_DESCRIPTION(('Open CASCADE Model'),'2;1');
FILE_NAME('Open CASCADE Shape Model','2026-10-02T16:35:24',('Author'),(
    'Open CASCADE'),'Open CASCADE STEP processor 8.0','build123d',
  'Unknown');
FILE_SCHEMA(('AUTOMOTIVE_DESIGN { 1 0 10303 214 1 1 1 1 }'));
ENDSEC;
DATA;
#1 = APPLICATION_PROTOCOL_DEFINITION('international standard',
  'automotive_design',2000,#2);
#2 = APPLICATION_CONTEXT(
  'core data for automotive mechanical design processes');
#3 = SHAPE_DEFINITION_REPRESENTATION(#4,#10);
#4 = PRODUCT_DEFINITION_SHAPE('','',#5);
#5 = PRODUCT_DEFINITION('design','',#6,#9);
#6 = PRODUCT_DEFINITION_FORMATION('','',#7);
#7 = PRODUCT('COMPOUND','COMPOUND','',(#8));
#8 = PRODUCT_CONTEXT('',#2,'mechanical');
#9 = PRODUCT_DEFINITION_CONTEXT('part definition',#2,'design');
#10 = SHAPE_REPRESENTATION('',(#11,#15,#2025),#2355);
#11 = AXIS2_PLACEMENT_3D('',#12,#13,#14);
#12 = CARTESIAN_POINT('',(0.,0.,0.));
#13 = DIRECTION('',(0.,0.,1.));
#14 = DIRECTION('',(1.,0.,-0.));
#15 = MANIFOLD_SOLID_BREP('',#16);
#16 = CLOSED_SHELL('',(#17,#137,#327,#1496,#1550,#1599,#1653,#1702,#1752
    ,#1823,#1850,#1877,#1884,#1964,#1991,#2018));
#17 = ADVANCED_FACE('',(#18),#32,.F.);
#18 = FACE_BOUND('',#19,.F.);
#19 = EDGE_LOOP('',(#20,#55,#83,#111));
#20 = ORIENTED_EDGE('',*,*,#21,.F.);
#21 = EDGE_CURVE('',#22,#24,#26,.T.);
#22 = VERTEX_POINT('',#23);
#23 = CARTESIAN_POINT('',(-127.5,-95.,3.));
#24 = VERTEX_POINT('',#25);
#25 = CARTESIAN_POINT('',(-127.5,-95.,164.5));
#26 = SURFACE_CURVE('',#27,(#31,#43),.PCURVE_S1.);
#27 = LINE('',#28,#29);
#28 = CARTESIAN_POINT('',(-127.5,-95.,3.));
#29 = VECTOR('',#30,1.);
#30 = DIRECTION('',(0.,0.,1.));
#31 = PCURVE('',#32,#37);
#32 = PLANE('',#33);
#33 = AXIS2_PLACEMENT_3D('',#34,#35,#36);
#34 = CARTESIAN_POINT('',(-127.5,-95.,3.));
#35 = DIRECTION('',(1.,0.,-0.));
#36 = DIRECTION('',(0.,0.,1.));
#37 = DEFINITIONAL_REPRESENTATION('',(#38),#42);
#38 = LINE('',#39,#40);
#39 = CARTESIAN_POINT('',(0.,0.));
#40 = VECTOR('',#41,1.);
#41 = DIRECTION('',(1.,0.));
#42 = ( GEOMETRIC_REPRESENTATION_CONTEXT(2) 
PARAMETRIC_REPRESENTATION_CONTEXT() REPRESENTATION_CONTEXT('2D SPACE',''
  ) );
#43 = PCURVE('',#44,#49);
#44 = PLANE('',#45);
#45 = AXIS2_PLACEMENT_3D('',#46,#47,#48);
#46 = CARTESIAN_POINT('',(-127.5,-95.,3.));
#47 = DIRECTION('',(-0.,1.,0.));
#48 = DIRECTION('',(0.,0.,1.));
#49 = DEFINITIONAL_REPRESENTATION('',(#50),#54);
#50 = LINE('',#51,#52);
#51 = CARTESIAN_POINT('',(0.,0.));
#52 = VECTOR('',#53,1.);
#53 = DIRECTION('',(1.,0.));
#54 = ( GEOMETRIC_REPRESENTATION_CONTEXT(2) 
PARAMETRIC_REPRESENTATION_CONTEXT() REPRESENTATION_CONTEXT('2D SPACE',''
  ) );
#55 = ORIENTED_EDGE('',*,*,#56,.T.);
#56 = EDGE_CURVE('',#22,#57,#59,.T.);
#57 = VERTEX_POINT('',#58);
#58 = CARTESIAN_POINT('',(-127.5,95.,3.));
#59 = SURFACE_CURVE('',#60,(#64,#71),.PCURVE_S1.);
#60 = LINE('',#61,#62);
#61 = CARTESIAN_POINT('',(-127.5,-95.,3.));
#62 = VECTOR('',#63,1.);
#63 = DIRECTION('',(-0.,1.,0.));
#64 = PCURVE('',#32,#65);
#65 = DEFINITIONAL_REPRESENTATION('',(#66),#70);
#66 = LINE('',#67,#68);
#67 = CARTESIAN_POINT('',(0.,0.));
#68 = VECTOR('',#69,1.);
#69 = DIRECTION('',(0.,-1.));
#70 = ( GEOMETRIC_REPRESENTATION_CONTEXT(2) 
PARAMETRIC_REPRESENTATION_CONTEXT() REPRESENTATION_CONTEXT('2D SPACE',''
  ) );
#71 = PCURVE('',#72,#77);
#72 = PLANE('',#73);
#73 = AXIS2_PLACEMENT_3D('',#74,#75,#76);
#74 = CARTESIAN_POINT('',(-127.5,-95.,3.));
#75 = DIRECTION('',(0.,0.,1.));
#76 = DIRECTION('',(1.,0.,-0.));
#77 = DEFINITIONAL_REPRESENTATION('',(#78),#82);
#78 = LINE('',#79,#80);
#79 = CARTESIAN_POINT('',(0.,0.));
#80 = VECTOR('',#81,1.);
#81 = DIRECTION('',(0.,1.));
#82 = ( GEOMETRIC_REPRESENTATION_CONTEXT(2) 
PARAMETRIC_REPRESENTATION_CONTEXT() REPRESENTATION_CONTEXT('2D SPACE',''
  ) );
#83 = ORIENTED_EDGE('',*,*,#84,.F.);
#84 = EDGE_CURVE('',#85,#57,#87,.T.);
#85 = VERTEX_POINT('',#86);
#86 = CARTESIAN_POINT('',(-127.5,95.,164.5));
#87 = SURFACE_CURVE('',#88,(#92,#99),.PCURVE_S1.);
#88 = LINE('',#89,#90);
#89 = CARTESIAN_POINT('',(-127.5,95.,164.5));
#90 = VECTOR('',#91,1.);
#91 = DIRECTION('',(0.,0.,-1.));
#92 = PCURVE('',#32,#93);
#93 = DEFINITIONAL_REPRESENTATION('',(#94),#98);
#94 = LINE('',#95,#96);
#95 = CARTESIAN_POINT('',(161.5,-190.));
#96 = VECTOR('',#97,1.);
#97 = DIRECTION('',(-1.,0.));
#98 = ( GEOMETRIC_REPRESENTATION_CONTEXT(2) 
PARAMETRIC_REPRESENTATION_CONTEXT() REPRESENTATION_CONTEXT('2D SPACE',''
  ) );
#99 = PCURVE('',#100,#105);
#100 = PLANE('',#101);
#101 = AXIS2_PLACEMENT_3D('',#102,#103,#104);
#102 = CARTESIAN_POINT('',(-127.5,95.,3.));
#103 = DIRECTION('',(-0.,1.,0.));
#104 = DIRECTION('',(0.,0.,1.));
#105 = DEFINITIONAL_REPRESENTATION('',(#106),#110);
#106 = LINE('',#107,#108);
#107 = CARTESIAN_POINT('',(161.5,0.));
#108 = VECTOR('',#109,1.);
#109 = DIRECTION('',(-1.,0.));
#110 = ( GEOMETRIC_REPRESENTATION_CONTEXT(2) 
PARAMETRIC_REPRESENTATION_CONTEXT() REPRESENTATION_CONTEXT('2D SPACE',''
  ) );
#111 = ORIENTED_EDGE('',*,*,#112,.F.);
#112 = EDGE_CURVE('',#24,#85,#113,.T.);
#113 = SURFACE_CURVE('',#114,(#118,#125),.PCURVE_S1.);
#114 = LINE('',#115,#116);
#115 = CARTESIAN_POINT('',(-127.5,-95.,164.5));
#116 = VECTOR('',#117,1.);
#117 = DIRECTION('',(0.,1.,0.));
#118 = PCURVE('',#32,#119);
#119 = DEFINITIONAL_REPRESENTATION('',(#120),#124);
#120 = LINE('',#121,#122);
#121 = CARTESIAN_POINT('',(161.5,0.));
#122 = VECTOR('',#123,1.);
#123 = DIRECTION('',(0.,-1.));
#124 = ( GEOMETRIC_REPRESENTATION_CONTEXT(2) 
PARAMETRIC_REPRESENTATION_CONTEXT() REPRESENTATION_CONTEXT('2D SPACE',''
  ) );
#125 = PCURVE('',#126,#131);
#126 = PLANE('',#127);
#127 = AXIS2_PLACEMENT_3D('',#128,#129,#130);
#128 = CARTESIAN_POINT('',(-127.5,70.,164.5));
#129 = DIRECTION('',(0.,0.,1.));
#130 = DIRECTION('',(1.,0.,-0.));
#131 = DEFINITIONAL_REPRESENTATION('',(#132),#136);
#132 = LINE('',#133,#134);
#133 = CARTESIAN_POINT('',(0.,-165.));
#134 = VECTOR('',#135,1.);
#135 = DIRECTION('',(0.,1.));
#136 = ( GEOMETRIC_REPRESENTATION_CONTEXT(2) 
PARAMETRIC_REPRESENTATION_CONTEXT() REPRESENTATION_CONTEXT('2D SPACE',''
  ) );
#137 = ADVANCED_FACE('',(#138,#213),#126,.T.);
#138 = FACE_BOUND('',#139,.T.);
#139 = EDGE_LOOP('',(#140,#141,#164,#192));
#140 = ORIENTED_EDGE('',*,*,#112,.F.);
#141 = ORIENTED_EDGE('',*,*,#142,.T.);
#142 = EDGE_CURVE('',#24,#143,#145,.T.);
#143 = VERTEX_POINT('',#144);
#144 = CARTESIAN_POINT('',(127.5,-95.,164.5));
#145 = SURFACE_CURVE('',#146,(#150,#157),.PCURVE_S1.);
#146 = LINE('',#147,#148);
#147 = CARTESIAN_POINT('',(-127.5,-95.,164.5));
#148 = VECTOR('',#149,1.);
#149 = DIRECTION('',(1.,0.,-0.));
#150 = PCURVE('',#126,#151);
#151 = DEFINITIONAL_REPRESENTATION('',(#152),#156);
#152 = LINE('',#153,#154);
#153 = CARTESIAN_POINT('',(0.,-165.));
#154 = VECTOR('',#155,1.);
#155 = DIRECTION('',(1.,0.));
#156 = ( GEOMETRIC_REPRESENTATION_CONTEXT(2) 
PARAMETRIC_REPRESENTATION_CONTEXT() REPRESENTATION_CONTEXT('2D SPACE',''
  ) );
#157 = PCURVE('',#44,#158);
#158 = DEFINITIONAL_REPRESENTATION('',(#159),#163);
#159 = LINE('',#160,#161);
#160 = CARTESIAN_POINT('',(161.5,0.));
#161 = VECTOR('',#162,1.);
#162 = DIRECTION('',(0.,1.));
#163 = ( GEOMETRIC_REPRESENTATION_CONTEXT(2) 
PARAMETRIC_REPRESENTATION_CONTEXT() REPRESENTATION_CONTEXT('2D SPACE',''
  ) );
#164 = ORIENTED_EDGE('',*,*,#165,.T.);
#165 = EDGE_CURVE('',#143,#166,#168,.T.);
#166 = VERTEX_POINT('',#167);
#167 = CARTESIAN_POINT('',(127.5,95.,164.5));
#168 = SURFACE_CURVE('',#169,(#173,#180),.PCURVE_S1.);
#169 = LINE('',#170,#171);
#170 = CARTESIAN_POINT('',(127.5,-95.,164.5));
#171 = VECTOR('',#172,1.);
#172 = DIRECTION('',(0.,1.,0.));
#173 = PCURVE('',#126,#174);
#174 = DEFINITIONAL_REPRESENTATION('',(#175),#179);
#175 = LINE('',#176,#177);
#176 = CARTESIAN_POINT('',(255.,-165.));
#177 = VECTOR('',#178,1.);
#178 = DIRECTION('',(0.,1.));
#179 = ( GEOMETRIC_REPRESENTATION_CONTEXT(2) 
PARAMETRIC_REPRESENTATION_CONTEXT() REPRESENTATION_CONTEXT('2D SPACE',''
  ) );
#180 = PCURVE('',#181,#186);
#181 = PLANE('',#182);
#182 = AXIS2_PLACEMENT_3D('',#183,#184,#185);
#183 = CARTESIAN_POINT('',(127.5,-95.,3.));
#184 = DIRECTION('',(1.,0.,-0.));
#185 = DIRECTION('',(0.,0.,1.));
#186 = DEFINITIONAL_REPRESENTATION('',(#187),#191);
#187 = LINE('',#188,#189);
#188 = CARTESIAN_POINT('',(161.5,0.));
#189 = VECTOR('',#190,1.);
#190 = DIRECTION('',(0.,-1.));
#191 = ( GEOMETRIC_REPRESENTATION_CONTEXT(2) 
PARAMETRIC_REPRESENTATION_CONTEXT() REPRESENTATION_CONTEXT('2D SPACE',''
  ) );
#192 = ORIENTED_EDGE('',*,*,#193,.F.);
#193 = EDGE_CURVE('',#85,#166,#194,.T.);
#194 = SURFACE_CURVE('',#195,(#199,#206),.PCURVE_S1.);
#195 = LINE('',#196,#197);
#196 = CARTESIAN_POINT('',(-127.5,95.,164.5));
#197 = VECTOR('',#198,1.);
#198 = DIRECTION('',(1.,0.,-0.));
#199 = PCURVE('',#126,#200);
#200 = DEFINITIONAL_REPRESENTATION('',(#201),#205);
#201 = LINE('',#202,#203);
#202 = CARTESIAN_POINT('',(0.,25.));
#203 = VECTOR('',#204,1.);
#204 = DIRECTION('',(1.,0.));
#205 = ( GEOMETRIC_REPRESENTATION_CONTEXT(2) 
PARAMETRIC_REPRESENTATION_CONTEXT() REPRESENTATION_CONTEXT('2D SPACE',''
  ) );
#206 = PCURVE('',#100,#207);
#207 = DEFINITIONAL_REPRESENTATION('',(#208),#212);
#208 = LINE('',#209,#210);
#209 = CARTESIAN_POINT('',(161.5,0.));
#210 = VECTOR('',#211,1.);
#211 = DIRECTION('',(0.,1.));
#212 = ( GEOMETRIC_REPRESENTATION_CONTEXT(2) 
PARAMETRIC_REPRESENTATION_CONTEXT() REPRESENTATION_CONTEXT('2D SPACE',''
  ) );
#213 = FACE_BOUND('',#214,.T.);
#214 = EDGE_LOOP('',(#215,#245,#273,#301));
#215 = ORIENTED_EDGE('',*,*,#216,.F.);
#216 = EDGE_CURVE('',#217,#219,#221,.T.);
#217 = VERTEX_POINT('',#218);
#218 = CARTESIAN_POINT('',(-102.5,-70.,164.5));
#219 = VERTEX_POINT('',#220);
#220 = CARTESIAN_POINT('',(102.5,-70.,164.5));
#221 = SURFACE_CURVE('',#222,(#226,#233),.PCURVE_S1.);
#222 = LINE('',#223,#224);
#223 = CARTESIAN_POINT('',(-127.5,-70.,164.5));
#224 = VECTOR('',#225,1.);
#225 = DIRECTION('',(1.,0.,-0.));
#226 = PCURVE('',#126,#227);
#227 = DEFINITIONAL_REPRESENTATION('',(#228),#232);
#228 = LINE('',#229,#230);
#229 = CARTESIAN_POINT('',(0.,-140.));
#230 = VECTOR('',#231,1.);
#231 = DIRECTION('',(1.,0.));
#232 = ( GEOMETRIC_REPRESENTATION_CONTEXT(2) 
PARAMETRIC_REPRESENTATION_CONTEXT() REPRESENTATION_CONTEXT('2D SPACE',''
  ) );
#233 = PCURVE('',#234,#239);
#234 = PLANE('',#235);
#235 = AXIS2_PLACEMENT_3D('',#236,#237,#238);
#236 = CARTESIAN_POINT('',(-127.5,-70.,28.));
#237 = DIRECTION('',(-0.,1.,0.));
#238 = DIRECTION('',(0.,0.,1.));
#239 = DEFINITIONAL_REPRESENTATION('',(#240),#244);
#240 = LINE('',#241,#242);
#241 = CARTESIAN_POINT('',(136.5,0.));
#242 = VECTOR('',#243,1.);
#243 = DIRECTION('',(0.,1.));
#244 = ( GEOMETRIC_REPRESENTATION_CONTEXT(2) 
PARAMETRIC_REPRESENTATION_CONTEXT() REPRESENTATION_CONTEXT('2D SPACE',''
  ) );
#245 = ORIENTED_EDGE('',*,*,#246,.T.);
#246 = EDGE_CURVE('',#217,#247,#249,.T.);
#247 = VERTEX_POINT('',#248);
#248 = CARTESIAN_POINT('',(-102.5,70.,164.5));
#249 = SURFACE_CURVE('',#250,(#254,#261),.PCURVE_S1.);
#250 = LINE('',#251,#252);
#251 = CARTESIAN_POINT('',(-102.5,-70.,164.5));
#252 = VECTOR('',#253,1.);
#253 = DIRECTION('',(-0.,1.,0.));
#254 = PCURVE('',#126,#255);
#255 = DEFINITIONAL_REPRESENTATION('',(#256),#260);
#256 = LINE('',#257,#258);
#257 = CARTESIAN_POINT('',(25.,-140.));
#258 = VECTOR('',#259,1.);
#259 = DIRECTION('',(0.,1.));
#260 = ( GEOMETRIC_REPRESENTATION_CONTEXT(2) 
PARAMETRIC_REPRESENTATION_CONTEXT() REPRESENTATION_CONTEXT('2D SPACE',''
  ) );
#261 = PCURVE('',#262,#267);
#262 = PLANE('',#263);
#263 = AXIS2_PLACEMENT_3D('',#264,#265,#266);
#264 = CARTESIAN_POINT('',(-102.5,-70.,28.));
#265 = DIRECTION('',(1.,0.,-0.));
#266 = DIRECTION('',(0.,0.,1.));
#267 = DEFINITIONAL_REPRESENTATION('',(#268),#272);
#268 = LINE('',#269,#270);
#269 = CARTESIAN_POINT('',(136.5,0.));
#270 = VECTOR('',#271,1.);
#271 = DIRECTION('',(0.,-1.));
#272 = ( GEOMETRIC_REPRESENTATION_CONTEXT(2) 
PARAMETRIC_REPRESENTATION_CONTEXT() REPRESENTATION_CONTEXT('2D SPACE',''
  ) );
#273 = ORIENTED_EDGE('',*,*,#274,.T.);
#274 = EDGE_CURVE('',#247,#275,#277,.T.);
#275 = VERTEX_POINT('',#276);
#276 = CARTESIAN_POINT('',(102.5,70.,164.5));
#277 = SURFACE_CURVE('',#278,(#282,#289),.PCURVE_S1.);
#278 = LINE('',#279,#280);
#279 = CARTESIAN_POINT('',(-127.5,70.,164.5));
#280 = VECTOR('',#281,1.);
#281 = DIRECTION('',(1.,0.,-0.));
#282 = PCURVE('',#126,#283);
#283 = DEFINITIONAL_REPRESENTATION('',(#284),#288);
#284 = LINE('',#285,#286);
#285 = CARTESIAN_POINT('',(0.,0.));
#286 = VECTOR('',#287,1.);
#287 = DIRECTION('',(1.,0.));
#288 = ( GEOMETRIC_REPRESENTATION_CONTEXT(2) 
PARAMETRIC_REPRESENTATION_CONTEXT() REPRESENTATION_CONTEXT('2D SPACE',''
  ) );
#289 = PCURVE('',#290,#295);
#290 = PLANE('',#291);
#291 = AXIS2_PLACEMENT_3D('',#292,#293,#294);
#292 = CARTESIAN_POINT('',(-127.5,70.,28.));
#293 = DIRECTION('',(-0.,1.,0.));
#294 = DIRECTION('',(0.,0.,1.));
#295 = DEFINITIONAL_REPRESENTATION('',(#296),#300);
#296 = LINE('',#297,#298);
#297 = CARTESIAN_POINT('',(136.5,0.));
#298 = VECTOR('',#299,1.);
#299 = DIRECTION('',(0.,1.));
#300 = ( GEOMETRIC_REPRESENTATION_CONTEXT(2) 
PARAMETRIC_REPRESENTATION_CONTEXT() REPRESENTATION_CONTEXT('2D SPACE',''
  ) );
#301 = ORIENTED_EDGE('',*,*,#302,.F.);
#302 = EDGE_CURVE('',#219,#275,#303,.T.);
#303 = SURFACE_CURVE('',#304,(#308,#315),.PCURVE_S1.);
#304 = LINE('',#305,#306);
#305 = CARTESIAN_POINT('',(102.5,-70.,164.5));
#306 = VECTOR('',#307,1.);
#307 = DIRECTION('',(-0.,1.,0.));
#308 = PCURVE('',#126,#309);
#309 = DEFINITIONAL_REPRESENTATION('',(#310),#314);
#310 = LINE('',#311,#312);
#311 = CARTESIAN_POINT('',(230.,-140.));
#312 = VECTOR('',#313,1.);
#313 = DIRECTION('',(0.,1.));
#314 = ( GEOMETRIC_REPRESENTATION_CONTEXT(2) 
PARAMETRIC_REPRESENTATION_CONTEXT() REPRESENTATION_CONTEXT('2D SPACE',''
  ) );
#315 = PCURVE('',#316,#321);
#316 = PLANE('',#317);
#317 = AXIS2_PLACEMENT_3D('',#318,#319,#320);
#318 = CARTESIAN_POINT('',(102.5,-70.,124.));
#319 = DIRECTION('',(1.,0.,-0.));
#320 = DIRECTION('',(0.,0.,1.));
#321 = DEFINITIONAL_REPRESENTATION('',(#322),#326);
#322 = LINE('',#323,#324);
#323 = CARTESIAN_POINT('',(40.5,0.));
#324 = VECTOR('',#325,1.);
#325 = DIRECTION('',(0.,-1.));
#326 = ( GEOMETRIC_REPRESENTATION_CONTEXT(2) 
PARAMETRIC_REPRESENTATION_CONTEXT() REPRESENTATION_CONTEXT('2D SPACE',''
  ) );
#327 = ADVANCED_FACE('',(#328,#403,#434,#965),#316,.F.);
#328 = FACE_BOUND('',#329,.F.);
#329 = EDGE_LOOP('',(#330,#353,#381,#402));
#330 = ORIENTED_EDGE('',*,*,#331,.T.);
#331 = EDGE_CURVE('',#219,#332,#334,.T.);
#332 = VERTEX_POINT('',#333);
#333 = CARTESIAN_POINT('',(102.5,-70.,28.));
#334 = SURFACE_CURVE('',#335,(#339,#346),.PCURVE_S1.);
#335 = LINE('',#336,#337);
#336 = CARTESIAN_POINT('',(102.5,-70.,164.5));
#337 = VECTOR('',#338,1.);
#338 = DIRECTION('',(0.,0.,-1.));
#339 = PCURVE('',#316,#340);
#340 = DEFINITIONAL_REPRESENTATION('',(#341),#345);
#341 = LINE('',#342,#343);
#342 = CARTESIAN_POINT('',(40.5,0.));
#343 = VECTOR('',#344,1.);
#344 = DIRECTION('',(-1.,0.));
#345 = ( GEOMETRIC_REPRESENTATION_CONTEXT(2) 
PARAMETRIC_REPRESENTATION_CONTEXT() REPRESENTATION_CONTEXT('2D SPACE',''
  ) );
#346 = PCURVE('',#234,#347);
#347 = DEFINITIONAL_REPRESENTATION('',(#348),#352);
#348 = LINE('',#349,#350);
#349 = CARTESIAN_POINT('',(136.5,230.));
#350 = VECTOR('',#351,1.);
#351 = DIRECTION('',(-1.,0.));
#352 = ( GEOMETRIC_REPRESENTATION_CONTEXT(2) 
PARAMETRIC_REPRESENTATION_CONTEXT() REPRESENTATION_CONTEXT('2D SPACE',''
  ) );
#353 = ORIENTED_EDGE('',*,*,#354,.T.);
#354 = EDGE_CURVE('',#332,#355,#357,.T.);
#355 = VERTEX_POINT('',#356);
#356 = CARTESIAN_POINT('',(102.5,70.,28.));
#357 = SURFACE_CURVE('',#358,(#362,#369),.PCURVE_S1.);
#358 = LINE('',#359,#360);
#359 = CARTESIAN_POINT('',(102.5,-70.,28.));
#360 = VECTOR('',#361,1.);
#361 = DIRECTION('',(-0.,1.,0.));
#362 = PCURVE('',#316,#363);
#363 = DEFINITIONAL_REPRESENTATION('',(#364),#368);
#364 = LINE('',#365,#366);
#365 = CARTESIAN_POINT('',(-96.,0.));
#366 = VECTOR('',#367,1.);
#367 = DIRECTION('',(0.,-1.));
#368 = ( GEOMETRIC_REPRESENTATION_CONTEXT(2) 
PARAMETRIC_REPRESENTATION_CONTEXT() REPRESENTATION_CONTEXT('2D SPACE',''
  ) );
#369 = PCURVE('',#370,#375);
#370 = PLANE('',#371);
#371 = AXIS2_PLACEMENT_3D('',#372,#373,#374);
#372 = CARTESIAN_POINT('',(-127.5,-95.,28.));
#373 = DIRECTION('',(0.,0.,1.));
#374 = DIRECTION('',(1.,0.,-0.));
#375 = DEFINITIONAL_REPRESENTATION('',(#376),#380);
#376 = LINE('',#377,#378);
#377 = CARTESIAN_POINT('',(230.,25.));
#378 = VECTOR('',#379,1.);
#379 = DIRECTION('',(0.,1.));
#380 = ( GEOMETRIC_REPRESENTATION_CONTEXT(2) 
PARAMETRIC_REPRESENTATION_CONTEXT() REPRESENTATION_CONTEXT('2D SPACE',''
  ) );
#381 = ORIENTED_EDGE('',*,*,#382,.T.);
#382 = EDGE_CURVE('',#355,#275,#383,.T.);
#383 = SURFACE_CURVE('',#384,(#388,#395),.PCURVE_S1.);
#384 = LINE('',#385,#386);
#385 = CARTESIAN_POINT('',(102.5,70.,28.));
#386 = VECTOR('',#387,1.);
#387 = DIRECTION('',(0.,0.,1.));
#388 = PCURVE('',#316,#389);
#389 = DEFINITIONAL_REPRESENTATION('',(#390),#394);
#390 = LINE('',#391,#392);
#391 = CARTESIAN_POINT('',(-96.,-140.));
#392 = VECTOR('',#393,1.);
#393 = DIRECTION('',(1.,0.));
#394 = ( GEOMETRIC_REPRESENTATION_CONTEXT(2) 
PARAMETRIC_REPRESENTATION_CONTEXT() REPRESENTATION_CONTEXT('2D SPACE',''
  ) );
#395 = PCURVE('',#290,#396);
#396 = DEFINITIONAL_REPRESENTATION('',(#397),#401);
#397 = LINE('',#398,#399);
#398 = CARTESIAN_POINT('',(0.,230.));
#399 = VECTOR('',#400,1.);
#400 = DIRECTION('',(1.,0.));
#401 = ( GEOMETRIC_REPRESENTATION_CONTEXT(2) 
PARAMETRIC_REPRESENTATION_CONTEXT() REPRESENTATION_CONTEXT('2D SPACE',''
  ) );
#402 = ORIENTED_EDGE('',*,*,#302,.F.);
#403 = FACE_BOUND('',#404,.F.);
#404 = EDGE_LOOP('',(#405));
#405 = ORIENTED_EDGE('',*,*,#406,.F.);
#406 = EDGE_CURVE('',#407,#407,#409,.T.);
#407 = VERTEX_POINT('',#408);
#408 = CARTESIAN_POINT('',(102.5,-40.,116.5));
#409 = SURFACE_CURVE('',#410,(#415,#422),.PCURVE_S1.);
#410 = CIRCLE('',#411,2.5);
#411 = AXIS2_PLACEMENT_3D('',#412,#413,#414);
#412 = CARTESIAN_POINT('',(102.5,-40.,114.));
#413 = DIRECTION('',(1.,0.,0.));
#414 = DIRECTION('',(-0.,0.,1.));
#415 = PCURVE('',#316,#416);
#416 = DEFINITIONAL_REPRESENTATION('',(#417),#421);
#417 = CIRCLE('',#418,2.5);
#418 = AXIS2_PLACEMENT_2D('',#419,#420);
#419 = CARTESIAN_POINT('',(-10.,-30.));
#420 = DIRECTION('',(1.,0.));
#421 = ( GEOMETRIC_REPRESENTATION_CONTEXT(2) 
PARAMETRIC_REPRESENTATION_CONTEXT() REPRESENTATION_CONTEXT('2D SPACE',''
  ) );
#422 = PCURVE('',#423,#428);
#423 = CYLINDRICAL_SURFACE('',#424,2.5);
#424 = AXIS2_PLACEMENT_3D('',#425,#426,#427);
#425 = CARTESIAN_POINT('',(86.,-40.,114.));
#426 = DIRECTION('',(1.,0.,0.));
#427 = DIRECTION('',(-0.,0.,1.));
#428 = DEFINITIONAL_REPRESENTATION('',(#429),#433);
#429 = LINE('',#430,#431);
#430 = CARTESIAN_POINT('',(0.,16.5));
#431 = VECTOR('',#432,1.);
#432 = DIRECTION('',(1.,0.));
#433 = ( GEOMETRIC_REPRESENTATION_CONTEXT(2) 
PARAMETRIC_REPRESENTATION_CONTEXT() REPRESENTATION_CONTEXT('2D SPACE',''
  ) );
#434 = FACE_BOUND('',#435,.F.);
#435 = EDGE_LOOP('',(#436));
#436 = ORIENTED_EDGE('',*,*,#437,.T.);
#437 = EDGE_CURVE('',#438,#438,#440,.T.);
#438 = VERTEX_POINT('',#439);
#439 = CARTESIAN_POINT('',(102.5,25.,101.59901951359));
#440 = SURFACE_CURVE('',#441,(#612,#786),.PCURVE_S1.);
#441 = B_SPLINE_CURVE_WITH_KNOTS('',8,(#442,#443,#444,#445,#446,#447,
    #448,#449,#450,#451,#452,#453,#454,#455,#456,#457,#458,#459,#460,
    #461,#462,#463,#464,#465,#466,#467,#468,#469,#470,#471,#472,#473,
    #474,#475,#476,#477,#478,#479,#480,#481,#482,#483,#484,#485,#486,
    #487,#488,#489,#490,#491,#492,#493,#494,#495,#496,#497,#498,#499,
    #500,#501,#502,#503,#504,#505,#506,#507,#508,#509,#510,#511,#512,
    #513,#514,#515,#516,#517,#518,#519,#520,#521,#522,#523,#524,#525,
    #526,#527,#528,#529,#530,#531,#532,#533,#534,#535,#536,#537,#538,
    #539,#540,#541,#542,#543,#544,#545,#546,#547,#548,#549,#550,#551,
    #552,#553,#554,#555,#556,#557,#558,#559,#560,#561,#562,#563,#564,
    #565,#566,#567,#568,#569,#570,#571,#572,#573,#574,#575,#576,#577,
    #578,#579,#580,#581,#582,#583,#584,#585,#586,#587,#588,#589,#590,
    #591,#592,#593,#594,#595,#596,#597,#598,#599,#600,#601,#602,#603,
    #604,#605,#606,#607,#608,#609,#610,#611),.UNSPECIFIED.,.T.,.F.,(9,7,
    7,7,7,7,7,7,7,7,7,7,7,7,7,7,7,7,7,7,7,7,7,7,9),(0.,
    3.285864574124E-02,5.282995676409E-02,7.208243831883E-02,
    9.051981292471E-02,0.162794796628,0.26350228644,0.310255392521,
    0.373771815536,0.42371589365,0.449573441657,0.46497288192,
    0.49990704128,0.534425674738,0.550632606212,0.576499300348,
    0.625529194051,0.688956090089,0.735647525062,0.836651098033,
    0.917527754777,0.936237220796,0.956233717751,0.976172535115,1.),
  .UNSPECIFIED.);
#442 = CARTESIAN_POINT('',(102.5,25.,101.59901951359));
#443 = CARTESIAN_POINT('',(102.5,24.868988500403,101.59901951359));
#444 = CARTESIAN_POINT('',(102.5,24.738011946096,101.61200270086));
#445 = CARTESIAN_POINT('',(102.5,24.608727491838,101.63796041405));
#446 = CARTESIAN_POINT('',(102.5,24.482241435931,101.67588040246));
#447 = CARTESIAN_POINT('',(102.5,24.359259152061,101.72427117258));
#448 = CARTESIAN_POINT('',(102.5,24.240192207631,101.78154271825));
#449 = CARTESIAN_POINT('',(102.5,24.125222668601,101.84624363469));
#450 = CARTESIAN_POINT('',(102.5,23.946921325889,101.96025393554));
#451 = CARTESIAN_POINT('',(102.5,23.88095708039,102.00568932409));
#452 = CARTESIAN_POINT('',(102.5,23.816393932226,102.05321922738));
#453 = CARTESIAN_POINT('',(102.5,23.753190309101,102.1026285424));
#454 = CARTESIAN_POINT('',(102.5,23.691300945117,102.15372853638));
#455 = CARTESIAN_POINT('',(102.5,23.630676837381,102.20635676552));
#456 = CARTESIAN_POINT('',(102.5,23.571265202614,102.26037699377));
#457 = CARTESIAN_POINT('',(102.5,23.456850470839,102.36899073456));
#458 = CARTESIAN_POINT('',(102.5,23.401772987068,102.42348644182));
#459 = CARTESIAN_POINT('',(102.5,23.347730487562,102.47906293542));
#460 = CARTESIAN_POINT('',(102.5,23.294681250229,102.53562967013));
#461 = CARTESIAN_POINT('',(102.5,23.242587391431,102.59310788976));
#462 = CARTESIAN_POINT('',(102.5,23.191413931637,102.65142966351));
#463 = CARTESIAN_POINT('',(102.5,23.141127861089,102.7105369223));
#464 = CARTESIAN_POINT('',(102.5,23.044359333065,102.82769042511));
#465 = CARTESIAN_POINT('',(102.5,22.997807912607,102.88567337211));
#466 = CARTESIAN_POINT('',(102.5,22.952016202983,102.94428500412));
#467 = CARTESIAN_POINT('',(102.5,22.906960524928,103.00348589349));
#468 = CARTESIAN_POINT('',(102.5,22.862619791012,103.06324112736));
#469 = CARTESIAN_POINT('',(102.5,22.818975035646,103.123519918));
#470 = CARTESIAN_POINT('',(102.5,22.776008945084,103.18429521323));
#471 = CARTESIAN_POINT('',(102.5,22.567874351016,103.48563741255));
#472 = CARTESIAN_POINT('',(102.5,22.412281303321,103.73291323567));
#473 = CARTESIAN_POINT('',(102.5,22.265878629403,103.98605366784));
#474 = CARTESIAN_POINT('',(102.5,22.128205850642,104.24418879109));
#475 = CARTESIAN_POINT('',(102.5,21.999025500534,104.50667352031));
#476 = CARTESIAN_POINT('',(102.5,21.878219224876,104.7730259881));
#477 = CARTESIAN_POINT('',(102.5,21.765789866378,105.04292811655));
#478 = CARTESIAN_POINT('',(102.5,21.516937803877,105.69695089255));
#479 = CARTESIAN_POINT('',(102.5,21.388599504195,106.08391195852));
#480 = CARTESIAN_POINT('',(102.5,21.277048685102,106.47635908976));
#481 = CARTESIAN_POINT('',(102.5,21.183008127778,106.87355280967));
#482 = CARTESIAN_POINT('',(102.5,21.107454295372,107.27465882423));
#483 = CARTESIAN_POINT('',(102.5,21.051529371646,107.67872279201));
#484 = CARTESIAN_POINT('',(102.5,21.016537508143,108.08466547502));
#485 = CARTESIAN_POINT('',(102.5,20.998145301584,108.68004150587));
#486 = CARTESIAN_POINT('',(102.5,20.997149607687,108.86891247898));
#487 = CARTESIAN_POINT('',(102.5,21.001137095849,109.0577497311));
#488 = CARTESIAN_POINT('',(102.5,21.010261998064,109.24639465744));
#489 = CARTESIAN_POINT('',(102.5,21.024683729606,109.43466780164));
#490 = CARTESIAN_POINT('',(102.5,21.044565376853,109.62236880921));
#491 = CARTESIAN_POINT('',(102.5,21.070072185111,109.80927638107));
#492 = CARTESIAN_POINT('',(102.5,21.143889749767,110.24766438641));
#493 = CARTESIAN_POINT('',(102.5,21.197092732593,110.4982375524));
#494 = CARTESIAN_POINT('',(102.5,21.261394907004,110.74628177143));
#495 = CARTESIAN_POINT('',(102.5,21.337211322908,110.99107676732));
#496 = CARTESIAN_POINT('',(102.5,21.424932639879,111.23177528031));
#497 = CARTESIAN_POINT('',(102.5,21.524903893979,111.46740960692));
#498 = CARTESIAN_POINT('',(102.5,21.637405559563,111.69689734075));
#499 = CARTESIAN_POINT('',(102.5,21.861108511612,112.0937259505));
#500 = CARTESIAN_POINT('',(102.5,21.967438705176,112.26384679276));
#501 = CARTESIAN_POINT('',(102.5,22.081710091264,112.42881062243));
#502 = CARTESIAN_POINT('',(102.5,22.203953634639,112.58795594391));
#503 = CARTESIAN_POINT('',(102.5,22.334136662094,112.74056704532));
#504 = CARTESIAN_POINT('',(102.5,22.472148516436,112.88588572248));
#505 = CARTESIAN_POINT('',(102.5,22.617783862664,113.02312566623));
#506 = CARTESIAN_POINT('',(102.5,22.849905161946,113.21794732819));
#507 = CARTESIAN_POINT('',(102.5,22.931042359282,113.28202407425));
#508 = CARTESIAN_POINT('',(102.5,23.014088515206,113.34360775449));
#509 = CARTESIAN_POINT('',(102.5,23.098988810202,113.40258613707));
#510 = CARTESIAN_POINT('',(102.5,23.18567965926,113.458847846));
#511 = CARTESIAN_POINT('',(102.5,23.274088042716,113.51228345255));
#512 = CARTESIAN_POINT('',(102.5,23.364130837096,113.56278656647));
#513 = CARTESIAN_POINT('',(102.5,23.510256506039,113.63852466849));
#514 = CARTESIAN_POINT('',(102.5,23.565345465004,113.66571828296));
#515 = CARTESIAN_POINT('',(102.5,23.620961239429,113.69181401211));
#516 = CARTESIAN_POINT('',(102.5,23.677082873893,113.71679095705));
#517 = CARTESIAN_POINT('',(102.5,23.733688240992,113.74062907864));
#518 = CARTESIAN_POINT('',(102.5,23.790754041331,113.76330919755));
#519 = CARTESIAN_POINT('',(102.5,23.848255803532,113.78481299418));
#520 = CARTESIAN_POINT('',(102.5,24.037543429137,113.85119697462));
#521 = CARTESIAN_POINT('',(102.5,24.171042692791,113.89113225559));
#522 = CARTESIAN_POINT('',(102.5,24.306351712857,113.92472008849));
#523 = CARTESIAN_POINT('',(102.5,24.443139912305,113.95178990713));
#524 = CARTESIAN_POINT('',(102.5,24.581060476954,113.97220888087));
#525 = CARTESIAN_POINT('',(102.5,24.719750425178,113.98588381887));
#526 = CARTESIAN_POINT('',(102.5,24.858830369767,113.99276544018));
#527 = CARTESIAN_POINT('',(102.5,25.135323357037,113.99294351357));
#528 = CARTESIAN_POINT('',(102.5,25.272757013163,113.98640059632));
#529 = CARTESIAN_POINT('',(102.5,25.409822908638,113.97322421983));
#530 = CARTESIAN_POINT('',(102.5,25.546154856439,113.95346047645));
#531 = CARTESIAN_POINT('',(102.5,25.681402035989,113.92719741492));
#532 = CARTESIAN_POINT('',(102.5,25.815228792984,113.89456107336));
#533 = CARTESIAN_POINT('',(102.5,25.947314717263,113.855713719));
#534 = CARTESIAN_POINT('',(102.5,26.138410542348,113.78979223225));
#535 = CARTESIAN_POINT('',(102.5,26.199017675415,113.76740384235));
#536 = CARTESIAN_POINT('',(102.5,26.259146272155,113.74370927697));
#537 = CARTESIAN_POINT('',(102.5,26.318767640913,113.71872974934));
#538 = CARTESIAN_POINT('',(102.5,26.377854524161,113.69248753403));
#539 = CARTESIAN_POINT('',(102.5,26.4363810985,113.6650059669));
#540 = CARTESIAN_POINT('',(102.5,26.494322974655,113.63630944512));
#541 = CARTESIAN_POINT('',(102.5,26.64316414361,113.55872454685));
#542 = CARTESIAN_POINT('',(102.5,26.733123857635,113.50799492256));
#543 = CARTESIAN_POINT('',(102.5,26.821442851326,113.45433716051));
#544 = CARTESIAN_POINT('',(102.5,26.908038415281,113.39785794094));
#545 = CARTESIAN_POINT('',(102.5,26.99283794695,113.33866692826));
#546 = CARTESIAN_POINT('',(102.5,27.075778278667,113.27687568121));
#547 = CARTESIAN_POINT('',(102.5,27.156805005682,113.21259656298));
#548 = CARTESIAN_POINT('',(102.5,27.38574165053,113.01959836176));
#549 = CARTESIAN_POINT('',(102.5,27.528562420337,112.88472543159));
#550 = CARTESIAN_POINT('',(102.5,27.664034767406,112.74207717589));
#551 = CARTESIAN_POINT('',(102.5,27.791964805599,112.59239730225));
#552 = CARTESIAN_POINT('',(102.5,27.912246712109,112.43640331815));
#553 = CARTESIAN_POINT('',(102.5,28.024847447867,112.27477334224));
#554 = CARTESIAN_POINT('',(102.5,28.129793605102,112.1081353197));
#555 = CARTESIAN_POINT('',(102.5,28.353117670012,111.71574748139));
#556 = CARTESIAN_POINT('',(102.5,28.466371031322,111.48704280629));
#557 = CARTESIAN_POINT('',(102.5,28.567113007444,111.25213903114));
#558 = CARTESIAN_POINT('',(102.5,28.655618674055,111.01212125302));
#559 = CARTESIAN_POINT('',(102.5,28.73222875147,110.76796013025));
#560 = CARTESIAN_POINT('',(102.5,28.797330495199,110.52050598912));
#561 = CARTESIAN_POINT('',(102.5,28.851336366671,110.27048215818));
#562 = CARTESIAN_POINT('',(102.5,28.926553345628,109.83296541457));
#563 = CARTESIAN_POINT('',(102.5,28.952654886445,109.64639680099));
#564 = CARTESIAN_POINT('',(102.5,28.973130303852,109.45901514588));
#565 = CARTESIAN_POINT('',(102.5,28.988144300213,109.27104284311));
#566 = CARTESIAN_POINT('',(102.5,28.997859561442,109.08268126464));
#567 = CARTESIAN_POINT('',(102.5,29.002435235486,108.89411080108));
#568 = CARTESIAN_POINT('',(102.5,29.002025410806,108.70549090213));
#569 = CARTESIAN_POINT('',(102.5,28.985425445136,108.10912765438));
#570 = CARTESIAN_POINT('',(102.5,28.951439058758,107.70189833818));
#571 = CARTESIAN_POINT('',(102.5,28.896336103138,107.29650692963));
#572 = CARTESIAN_POINT('',(102.5,28.821438386348,106.89405094682));
#573 = CARTESIAN_POINT('',(102.5,28.727904945891,106.49549886031));
#574 = CARTESIAN_POINT('',(102.5,28.616728167599,106.10169501787));
#575 = CARTESIAN_POINT('',(102.5,28.488644963632,105.71338488338));
#576 = CARTESIAN_POINT('',(102.5,28.228025351424,105.02532442579));
#577 = CARTESIAN_POINT('',(102.5,28.101577899924,104.72365366971));
#578 = CARTESIAN_POINT('',(102.5,27.964675064721,104.42643952118));
#579 = CARTESIAN_POINT('',(102.5,27.81726276545,104.1341186651));
#580 = CARTESIAN_POINT('',(102.5,27.659182273626,103.84736516903));
#581 = CARTESIAN_POINT('',(102.5,27.489980046507,103.56722616128));
#582 = CARTESIAN_POINT('',(102.5,27.308964122419,103.2950818504));
#583 = CARTESIAN_POINT('',(102.5,27.069140192255,102.97272068373));
#584 = CARTESIAN_POINT('',(102.5,27.023354665129,102.91272053971));
#585 = CARTESIAN_POINT('',(102.5,26.976818217185,102.85331489616));
#586 = CARTESIAN_POINT('',(102.5,26.929507935952,102.79454067252));
#587 = CARTESIAN_POINT('',(102.5,26.881398998612,102.73644035522));
#588 = CARTESIAN_POINT('',(102.5,26.832464026127,102.67906258152));
#589 = CARTESIAN_POINT('',(102.5,26.782672437368,102.62246272338));
#590 = CARTESIAN_POINT('',(102.5,26.677820692374,102.50710852011));
#591 = CARTESIAN_POINT('',(102.5,26.622637960028,102.44847838653));
#592 = CARTESIAN_POINT('',(102.5,26.566396544571,102.390886779));
#593 = CARTESIAN_POINT('',(102.5,26.50905143082,102.33442289619));
#594 = CARTESIAN_POINT('',(102.5,26.450556557421,102.27919271584));
#595 = CARTESIAN_POINT('',(102.5,26.39086372423,102.2253202837));
#596 = CARTESIAN_POINT('',(102.5,26.329921499687,102.17294900239));
#597 = CARTESIAN_POINT('',(102.5,26.205606308314,102.07168309917));
#598 = CARTESIAN_POINT('',(102.5,26.142252649942,102.02278859219));
#599 = CARTESIAN_POINT('',(102.5,26.077552553949,101.97571692689));
#600 = CARTESIAN_POINT('',(102.5,26.011457949752,101.93066093714));
#601 = CARTESIAN_POINT('',(102.5,25.943933706838,101.88784833586));
#602 = CARTESIAN_POINT('',(102.5,25.874959611733,101.84753852842));
#603 = CARTESIAN_POINT('',(102.5,25.804533910391,101.81001666686));
#604 = CARTESIAN_POINT('',(102.5,25.646809016774,101.73443803877));
#605 = CARTESIAN_POINT('',(102.5,25.558844514235,101.69767877896));
#606 = CARTESIAN_POINT('',(102.5,25.468912434945,101.66587603369));
#607 = CARTESIAN_POINT('',(102.5,25.377213621077,101.63961519501));
#608 = CARTESIAN_POINT('',(102.5,25.284031986291,101.61944789437));
#609 = CARTESIAN_POINT('',(102.5,25.189748548787,101.60582594536));
#610 = CARTESIAN_POINT('',(102.5,25.094859741583,101.59901951359));
#611 = CARTESIAN_POINT('',(102.5,25.,101.59901951359));
#612 = PCURVE('',#316,#613);
#613 = DEFINITIONAL_REPRESENTATION('',(#614),#785);
#614 = B_SPLINE_CURVE_WITH_KNOTS('',8,(#615,#616,#617,#618,#619,#620,
    #621,#622,#623,#624,#625,#626,#627,#628,#629,#630,#631,#632,#633,
    #634,#635,#636,#637,#638,#639,#640,#641,#642,#643,#644,#645,#646,
    #647,#648,#649,#650,#651,#652,#653,#654,#655,#656,#657,#658,#659,
    #660,#661,#662,#663,#664,#665,#666,#667,#668,#669,#670,#671,#672,
    #673,#674,#675,#676,#677,#678,#679,#680,#681,#682,#683,#684,#685,
    #686,#687,#688,#689,#690,#691,#692,#693,#694,#695,#696,#697,#698,
    #699,#700,#701,#702,#703,#704,#705,#706,#707,#708,#709,#710,#711,
    #712,#713,#714,#715,#716,#717,#718,#719,#720,#721,#722,#723,#724,
    #725,#726,#727,#728,#729,#730,#731,#732,#733,#734,#735,#736,#737,
    #738,#739,#740,#741,#742,#743,#744,#745,#746,#747,#748,#749,#750,
    #751,#752,#753,#754,#755,#756,#757,#758,#759,#760,#761,#762,#763,
    #764,#765,#766,#767,#768,#769,#770,#771,#772,#773,#774,#775,#776,
    #777,#778,#779,#780,#781,#782,#783,#784),.UNSPECIFIED.,.T.,.F.,(9,7,
    7,7,7,7,7,7,7,7,7,7,7,7,7,7,7,7,7,7,7,7,7,7,9),(0.,
    3.285864574124E-02,5.282995676409E-02,7.208243831883E-02,
    9.051981292471E-02,0.162794796628,0.26350228644,0.310255392521,
    0.373771815536,0.42371589365,0.449573441657,0.46497288192,
    0.49990704128,0.534425674738,0.550632606212,0.576499300348,
    0.625529194051,0.688956090089,0.735647525062,0.836651098033,
    0.917527754777,0.936237220796,0.956233717751,0.976172535115,1.),
  .UNSPECIFIED.);
#615 = CARTESIAN_POINT('',(-22.4009804864,-95.));
#616 = CARTESIAN_POINT('',(-22.4009804864,-94.8689885004));
#617 = CARTESIAN_POINT('',(-22.38799729913,-94.73801194609));
#618 = CARTESIAN_POINT('',(-22.36203958594,-94.60872749183));
#619 = CARTESIAN_POINT('',(-22.32411959753,-94.48224143593));
#620 = CARTESIAN_POINT('',(-22.27572882741,-94.35925915206));
#621 = CARTESIAN_POINT('',(-22.21845728174,-94.24019220763));
#622 = CARTESIAN_POINT('',(-22.1537563653,-94.1252226686));
#623 = CARTESIAN_POINT('',(-22.03974606446,-93.94692132588));
#624 = CARTESIAN_POINT('',(-21.9943106759,-93.88095708039));
#625 = CARTESIAN_POINT('',(-21.94678077261,-93.81639393222));
#626 = CARTESIAN_POINT('',(-21.89737145759,-93.7531903091));
#627 = CARTESIAN_POINT('',(-21.84627146361,-93.69130094511));
#628 = CARTESIAN_POINT('',(-21.79364323447,-93.63067683738));
#629 = CARTESIAN_POINT('',(-21.73962300622,-93.57126520261));
#630 = CARTESIAN_POINT('',(-21.63100926544,-93.45685047083));
#631 = CARTESIAN_POINT('',(-21.57651355817,-93.40177298706));
#632 = CARTESIAN_POINT('',(-21.52093706457,-93.34773048756));
#633 = CARTESIAN_POINT('',(-21.46437032986,-93.29468125022));
#634 = CARTESIAN_POINT('',(-21.40689211023,-93.24258739143));
#635 = CARTESIAN_POINT('',(-21.34857033648,-93.19141393163));
#636 = CARTESIAN_POINT('',(-21.28946307769,-93.14112786108));
#637 = CARTESIAN_POINT('',(-21.17230957488,-93.04435933306));
#638 = CARTESIAN_POINT('',(-21.11432662788,-92.9978079126));
#639 = CARTESIAN_POINT('',(-21.05571499588,-92.95201620298));
#640 = CARTESIAN_POINT('',(-20.9965141065,-92.90696052492));
#641 = CARTESIAN_POINT('',(-20.93675887263,-92.86261979101));
#642 = CARTESIAN_POINT('',(-20.87648008199,-92.81897503564));
#643 = CARTESIAN_POINT('',(-20.81570478676,-92.77600894508));
#644 = CARTESIAN_POINT('',(-20.51436258744,-92.56787435101));
#645 = CARTESIAN_POINT('',(-20.26708676432,-92.41228130332));
#646 = CARTESIAN_POINT('',(-20.01394633215,-92.2658786294));
#647 = CARTESIAN_POINT('',(-19.7558112089,-92.12820585064));
#648 = CARTESIAN_POINT('',(-19.49332647968,-91.99902550053));
#649 = CARTESIAN_POINT('',(-19.22697401189,-91.87821922487));
#650 = CARTESIAN_POINT('',(-18.95707188344,-91.76578986637));
#651 = CARTESIAN_POINT('',(-18.30304910744,-91.51693780387));
#652 = CARTESIAN_POINT('',(-17.91608804147,-91.38859950419));
#653 = CARTESIAN_POINT('',(-17.52364091024,-91.2770486851));
#654 = CARTESIAN_POINT('',(-17.12644719032,-91.18300812777));
#655 = CARTESIAN_POINT('',(-16.72534117576,-91.10745429537));
#656 = CARTESIAN_POINT('',(-16.32127720799,-91.05152937164));
#657 = CARTESIAN_POINT('',(-15.91533452497,-91.01653750814));
#658 = CARTESIAN_POINT('',(-15.31995849412,-90.99814530158));
#659 = CARTESIAN_POINT('',(-15.13108752101,-90.99714960768));
#660 = CARTESIAN_POINT('',(-14.94225026889,-91.00113709584));
#661 = CARTESIAN_POINT('',(-14.75360534255,-91.01026199806));
#662 = CARTESIAN_POINT('',(-14.56533219835,-91.0246837296));
#663 = CARTESIAN_POINT('',(-14.37763119078,-91.04456537685));
#664 = CARTESIAN_POINT('',(-14.19072361892,-91.07007218511));
#665 = CARTESIAN_POINT('',(-13.75233561358,-91.14388974976));
#666 = CARTESIAN_POINT('',(-13.50176244759,-91.19709273259));
#667 = CARTESIAN_POINT('',(-13.25371822856,-91.261394907));
#668 = CARTESIAN_POINT('',(-13.00892323267,-91.3372113229));
#669 = CARTESIAN_POINT('',(-12.76822471968,-91.42493263987));
#670 = CARTESIAN_POINT('',(-12.53259039307,-91.52490389397));
#671 = CARTESIAN_POINT('',(-12.30310265924,-91.63740555956));
#672 = CARTESIAN_POINT('',(-11.9062740495,-91.86110851161));
#673 = CARTESIAN_POINT('',(-11.73615320723,-91.96743870517));
#674 = CARTESIAN_POINT('',(-11.57118937757,-92.08171009126));
#675 = CARTESIAN_POINT('',(-11.41204405608,-92.20395363463));
#676 = CARTESIAN_POINT('',(-11.25943295468,-92.33413666209));
#677 = CARTESIAN_POINT('',(-11.11411427751,-92.47214851643));
#678 = CARTESIAN_POINT('',(-10.97687433376,-92.61778386266));
#679 = CARTESIAN_POINT('',(-10.7820526718,-92.84990516194));
#680 = CARTESIAN_POINT('',(-10.71797592575,-92.93104235928));
#681 = CARTESIAN_POINT('',(-10.6563922455,-93.0140885152));
#682 = CARTESIAN_POINT('',(-10.59741386293,-93.0989888102));
#683 = CARTESIAN_POINT('',(-10.54115215399,-93.18567965926));
#684 = CARTESIAN_POINT('',(-10.48771654744,-93.27408804271));
#685 = CARTESIAN_POINT('',(-10.43721343352,-93.36413083709));
#686 = CARTESIAN_POINT('',(-10.3614753315,-93.51025650603));
#687 = CARTESIAN_POINT('',(-10.33428171703,-93.565345465));
#688 = CARTESIAN_POINT('',(-10.30818598788,-93.62096123942));
#689 = CARTESIAN_POINT('',(-10.28320904294,-93.67708287389));
#690 = CARTESIAN_POINT('',(-10.25937092135,-93.73368824099));
#691 = CARTESIAN_POINT('',(-10.23669080245,-93.79075404133));
#692 = CARTESIAN_POINT('',(-10.21518700581,-93.84825580353));
#693 = CARTESIAN_POINT('',(-10.14880302537,-94.03754342913));
#694 = CARTESIAN_POINT('',(-10.1088677444,-94.17104269279));
#695 = CARTESIAN_POINT('',(-10.0752799115,-94.30635171285));
#696 = CARTESIAN_POINT('',(-10.04821009286,-94.4431399123));
#697 = CARTESIAN_POINT('',(-10.02779111912,-94.58106047695));
#698 = CARTESIAN_POINT('',(-10.01411618112,-94.71975042517));
#699 = CARTESIAN_POINT('',(-10.00723455982,-94.85883036976));
#700 = CARTESIAN_POINT('',(-10.00705648642,-95.13532335703));
#701 = CARTESIAN_POINT('',(-10.01359940367,-95.27275701316));
#702 = CARTESIAN_POINT('',(-10.02677578016,-95.40982290863));
#703 = CARTESIAN_POINT('',(-10.04653952354,-95.54615485643));
#704 = CARTESIAN_POINT('',(-10.07280258507,-95.68140203598));
#705 = CARTESIAN_POINT('',(-10.10543892663,-95.81522879298));
#706 = CARTESIAN_POINT('',(-10.14428628099,-95.94731471726));
#707 = CARTESIAN_POINT('',(-10.21020776774,-96.13841054234));
#708 = CARTESIAN_POINT('',(-10.23259615764,-96.19901767541));
#709 = CARTESIAN_POINT('',(-10.25629072302,-96.25914627215));
#710 = CARTESIAN_POINT('',(-10.28127025065,-96.31876764091));
#711 = CARTESIAN_POINT('',(-10.30751246596,-96.37785452416));
#712 = CARTESIAN_POINT('',(-10.33499403309,-96.4363810985));
#713 = CARTESIAN_POINT('',(-10.36369055487,-96.49432297465));
#714 = CARTESIAN_POINT('',(-10.44127545314,-96.64316414361));
#715 = CARTESIAN_POINT('',(-10.49200507743,-96.73312385763));
#716 = CARTESIAN_POINT('',(-10.54566283948,-96.82144285132));
#717 = CARTESIAN_POINT('',(-10.60214205905,-96.90803841528));
#718 = CARTESIAN_POINT('',(-10.66133307173,-96.99283794695));
#719 = CARTESIAN_POINT('',(-10.72312431878,-97.07577827866));
#720 = CARTESIAN_POINT('',(-10.78740343701,-97.15680500568));
#721 = CARTESIAN_POINT('',(-10.98040163823,-97.38574165053));
#722 = CARTESIAN_POINT('',(-11.1152745684,-97.52856242033));
#723 = CARTESIAN_POINT('',(-11.25792282411,-97.6640347674));
#724 = CARTESIAN_POINT('',(-11.40760269774,-97.79196480559));
#725 = CARTESIAN_POINT('',(-11.56359668184,-97.9122467121));
#726 = CARTESIAN_POINT('',(-11.72522665775,-98.02484744786));
#727 = CARTESIAN_POINT('',(-11.89186468029,-98.1297936051));
#728 = CARTESIAN_POINT('',(-12.28425251861,-98.35311767001));
#729 = CARTESIAN_POINT('',(-12.5129571937,-98.46637103132));
#730 = CARTESIAN_POINT('',(-12.74786096885,-98.56711300744));
#731 = CARTESIAN_POINT('',(-12.98787874697,-98.65561867405));
#732 = CARTESIAN_POINT('',(-13.23203986974,-98.73222875147));
#733 = CARTESIAN_POINT('',(-13.47949401088,-98.79733049519));
#734 = CARTESIAN_POINT('',(-13.72951784181,-98.85133636667));
#735 = CARTESIAN_POINT('',(-14.16703458542,-98.92655334562));
#736 = CARTESIAN_POINT('',(-14.35360319901,-98.95265488644));
#737 = CARTESIAN_POINT('',(-14.54098485411,-98.97313030385));
#738 = CARTESIAN_POINT('',(-14.72895715688,-98.98814430021));
#739 = CARTESIAN_POINT('',(-14.91731873535,-98.99785956144));
#740 = CARTESIAN_POINT('',(-15.10588919891,-99.00243523548));
#741 = CARTESIAN_POINT('',(-15.29450909786,-99.0020254108));
#742 = CARTESIAN_POINT('',(-15.89087234561,-98.98542544513));
#743 = CARTESIAN_POINT('',(-16.29810166181,-98.95143905875));
#744 = CARTESIAN_POINT('',(-16.70349307036,-98.89633610313));
#745 = CARTESIAN_POINT('',(-17.10594905317,-98.82143838634));
#746 = CARTESIAN_POINT('',(-17.50450113969,-98.72790494589));
#747 = CARTESIAN_POINT('',(-17.89830498212,-98.61672816759));
#748 = CARTESIAN_POINT('',(-18.28661511661,-98.48864496363));
#749 = CARTESIAN_POINT('',(-18.9746755742,-98.22802535142));
#750 = CARTESIAN_POINT('',(-19.27634633029,-98.10157789992));
#751 = CARTESIAN_POINT('',(-19.57356047881,-97.96467506472));
#752 = CARTESIAN_POINT('',(-19.8658813349,-97.81726276545));
#753 = CARTESIAN_POINT('',(-20.15263483097,-97.65918227362));
#754 = CARTESIAN_POINT('',(-20.43277383871,-97.4899800465));
#755 = CARTESIAN_POINT('',(-20.70491814959,-97.30896412241));
#756 = CARTESIAN_POINT('',(-21.02727931626,-97.06914019225));
#757 = CARTESIAN_POINT('',(-21.08727946028,-97.02335466512));
#758 = CARTESIAN_POINT('',(-21.14668510383,-96.97681821718));
#759 = CARTESIAN_POINT('',(-21.20545932747,-96.92950793595));
#760 = CARTESIAN_POINT('',(-21.26355964478,-96.88139899861));
#761 = CARTESIAN_POINT('',(-21.32093741847,-96.83246402612));
#762 = CARTESIAN_POINT('',(-21.37753727661,-96.78267243736));
#763 = CARTESIAN_POINT('',(-21.49289147988,-96.67782069237));
#764 = CARTESIAN_POINT('',(-21.55152161347,-96.62263796002));
#765 = CARTESIAN_POINT('',(-21.60911322099,-96.56639654457));
#766 = CARTESIAN_POINT('',(-21.6655771038,-96.50905143082));
#767 = CARTESIAN_POINT('',(-21.72080728415,-96.45055655742));
#768 = CARTESIAN_POINT('',(-21.7746797163,-96.39086372423));
#769 = CARTESIAN_POINT('',(-21.82705099761,-96.32992149968));
#770 = CARTESIAN_POINT('',(-21.92831690082,-96.20560630831));
#771 = CARTESIAN_POINT('',(-21.9772114078,-96.14225264994));
#772 = CARTESIAN_POINT('',(-22.0242830731,-96.07755255394));
#773 = CARTESIAN_POINT('',(-22.06933906285,-96.01145794975));
#774 = CARTESIAN_POINT('',(-22.11215166413,-95.94393370683));
#775 = CARTESIAN_POINT('',(-22.15246147157,-95.87495961173));
#776 = CARTESIAN_POINT('',(-22.18998333313,-95.80453391039));
#777 = CARTESIAN_POINT('',(-22.26556196122,-95.64680901677));
#778 = CARTESIAN_POINT('',(-22.30232122103,-95.55884451423));
#779 = CARTESIAN_POINT('',(-22.3341239663,-95.46891243494));
#780 = CARTESIAN_POINT('',(-22.36038480498,-95.37721362107));
#781 = CARTESIAN_POINT('',(-22.38055210562,-95.28403198629));
#782 = CARTESIAN_POINT('',(-22.39417405463,-95.18974854878));
#783 = CARTESIAN_POINT('',(-22.4009804864,-95.09485974158));
#784 = CARTESIAN_POINT('',(-22.4009804864,-95.));
#785 = ( GEOMETRIC_REPRESENTATION_CONTEXT(2) 
PARAMETRIC_REPRESENTATION_CONTEXT() REPRESENTATION_CONTEXT('2D SPACE',''
  ) );
#786 = PCURVE('',#787,#792);
#787 = TOROIDAL_SURFACE('',#788,17.5,4.);
#788 = AXIS2_PLACEMENT_3D('',#789,#790,#791);
#789 = CARTESIAN_POINT('',(115.,25.,96.5));
#790 = DIRECTION('',(-0.,1.,0.));
#791 = DIRECTION('',(0.,0.,1.));
#792 = DEFINITIONAL_REPRESENTATION('',(#793),#964);
#793 = B_SPLINE_CURVE_WITH_KNOTS('',8,(#794,#795,#796,#797,#798,#799,
    #800,#801,#802,#803,#804,#805,#806,#807,#808,#809,#810,#811,#812,
    #813,#814,#815,#816,#817,#818,#819,#820,#821,#822,#823,#824,#825,
    #826,#827,#828,#829,#830,#831,#832,#833,#834,#835,#836,#837,#838,
    #839,#840,#841,#842,#843,#844,#845,#846,#847,#848,#849,#850,#851,
    #852,#853,#854,#855,#856,#857,#858,#859,#860,#861,#862,#863,#864,
    #865,#866,#867,#868,#869,#870,#871,#872,#873,#874,#875,#876,#877,
    #878,#879,#880,#881,#882,#883,#884,#885,#886,#887,#888,#889,#890,
    #891,#892,#893,#894,#895,#896,#897,#898,#899,#900,#901,#902,#903,
    #904,#905,#906,#907,#908,#909,#910,#911,#912,#913,#914,#915,#916,
    #917,#918,#919,#920,#921,#922,#923,#924,#925,#926,#927,#928,#929,
    #930,#931,#932,#933,#934,#935,#936,#937,#938,#939,#940,#941,#942,
    #943,#944,#945,#946,#947,#948,#949,#950,#951,#952,#953,#954,#955,
    #956,#957,#958,#959,#960,#961,#962,#963),.UNSPECIFIED.,.F.,.F.,(9,7,
    7,7,7,7,7,7,7,7,7,7,7,7,7,7,7,7,7,7,7,7,7,7,9),(0.,
    3.285864574124E-02,5.282995676409E-02,7.208243831883E-02,
    9.051981292471E-02,0.162794796628,0.26350228644,0.310255392521,
    0.373771815536,0.42371589365,0.449573441657,0.46497288192,
    0.49990704128,0.534425674738,0.550632606212,0.576499300348,
    0.625529194051,0.688956090089,0.735647525062,0.836651098033,
    0.917527754777,0.936237220796,0.956233717751,0.976172535115,1.),
  .UNSPECIFIED.);
#794 = CARTESIAN_POINT('',(5.099705581273,3.14159265359));
#795 = CARTESIAN_POINT('',(5.099705581273,3.174345528489));
#796 = CARTESIAN_POINT('',(5.100595990848,3.207089506024));
#797 = CARTESIAN_POINT('',(5.102376555277,3.239464599465));
#798 = CARTESIAN_POINT('',(5.104973575136,3.271246290958));
#799 = CARTESIAN_POINT('',(5.108278057584,3.302299834));
#800 = CARTESIAN_POINT('',(5.112173565711,3.332550450255));
#801 = CARTESIAN_POINT('',(5.116553765951,3.361969420718));
#802 = CARTESIAN_POINT('',(5.124232444949,3.407963042034));
#803 = CARTESIAN_POINT('',(5.127284210287,3.425066656167));
#804 = CARTESIAN_POINT('',(5.130467069884,3.441899694656));
#805 = CARTESIAN_POINT('',(5.133765061468,3.458475204289));
#806 = CARTESIAN_POINT('',(5.137164139378,3.474806699966));
#807 = CARTESIAN_POINT('',(5.140652153738,3.490908367061));
#808 = CARTESIAN_POINT('',(5.144218829633,3.50679526379));
#809 = CARTESIAN_POINT('',(5.151361759036,3.537607114191));
#810 = CARTESIAN_POINT('',(5.154932570875,3.552544136366));
#811 = CARTESIAN_POINT('',(5.158560325232,3.567307868956));
#812 = CARTESIAN_POINT('',(5.162238111151,3.581910291495));
#813 = CARTESIAN_POINT('',(5.165959885474,3.596362369589));
#814 = CARTESIAN_POINT('',(5.169720395033,3.610674340306));
#815 = CARTESIAN_POINT('',(5.173515098831,3.624855997576));
#816 = CARTESIAN_POINT('',(5.181003140047,3.652382647181));
#817 = CARTESIAN_POINT('',(5.184693821899,3.665737092085));
#818 = CARTESIAN_POINT('',(5.188408633391,3.678988392935));
#819 = CARTESIAN_POINT('',(5.192144441852,3.692143864529));
#820 = CARTESIAN_POINT('',(5.195898452705,3.705210188927));
#821 = CARTESIAN_POINT('',(5.199668177834,3.71819354855));
#822 = CARTESIAN_POINT('',(5.20345140396,3.731099759294));
#823 = CARTESIAN_POINT('',(5.222121706473,3.794246540224));
#824 = CARTESIAN_POINT('',(5.237169260344,3.84344159597));
#825 = CARTESIAN_POINT('',(5.252277409974,3.891877235314));
#826 = CARTESIAN_POINT('',(5.26737028975,3.939768888409));
#827 = CARTESIAN_POINT('',(5.282391344991,3.987281233666));
#828 = CARTESIAN_POINT('',(5.297298100122,4.034556715527));
#829 = CARTESIAN_POINT('',(5.312061066713,4.081720490628));
#830 = CARTESIAN_POINT('',(5.347001883504,4.194642481295));
#831 = CARTESIAN_POINT('',(5.367007987381,4.260360545432));
#832 = CARTESIAN_POINT('',(5.386614730595,4.326367519528));
#833 = CARTESIAN_POINT('',(5.405768576686,4.392884892009));
#834 = CARTESIAN_POINT('',(5.424422903084,4.460101792419));
#835 = CARTESIAN_POINT('',(5.44253748652,4.528197097734));
#836 = CARTESIAN_POINT('',(5.460078680182,4.597353877894));
#837 = CARTESIAN_POINT('',(5.484882652473,4.700496606439));
#838 = CARTESIAN_POINT('',(5.492615604701,4.733468376546));
#839 = CARTESIAN_POINT('',(5.500213882438,4.766729236901));
#840 = CARTESIAN_POINT('',(5.507673819512,4.800297403462));
#841 = CARTESIAN_POINT('',(5.514991539448,4.834190588465));
#842 = CARTESIAN_POINT('',(5.522163005823,4.868426509503));
#843 = CARTESIAN_POINT('',(5.529184072641,4.903023398584));
#844 = CARTESIAN_POINT('',(5.54537896535,4.985518660638));
#845 = CARTESIAN_POINT('',(5.554420881859,5.033732716554));
#846 = CARTESIAN_POINT('',(5.563166594472,5.082694660638));
#847 = CARTESIAN_POINT('',(5.571603709456,5.132449110941));
#848 = CARTESIAN_POINT('',(5.579717980563,5.18303564451));
#849 = CARTESIAN_POINT('',(5.587493847091,5.234491112184));
#850 = CARTESIAN_POINT('',(5.594914658552,5.286851945571));
#851 = CARTESIAN_POINT('',(5.607504494914,5.382070728352));
#852 = CARTESIAN_POINT('',(5.612815177158,5.424563335508));
#853 = CARTESIAN_POINT('',(5.617885411369,5.467647959036));
#854 = CARTESIAN_POINT('',(5.622704901968,5.511332253173));
#855 = CARTESIAN_POINT('',(5.627262575851,5.555618849775));
#856 = CARTESIAN_POINT('',(5.631546818656,5.600505196481));
#857 = CARTESIAN_POINT('',(5.635545650545,5.645982228283));
#858 = CARTESIAN_POINT('',(5.64116305911,5.715873155199));
#859 = CARTESIAN_POINT('',(5.642999442067,5.739867257965));
#860 = CARTESIAN_POINT('',(5.644754254324,5.764010963551));
#861 = CARTESIAN_POINT('',(5.646425762312,5.788300525925));
#862 = CARTESIAN_POINT('',(5.648012248239,5.812731533379));
#863 = CARTESIAN_POINT('',(5.6495120234,5.837298771637));
#864 = CARTESIAN_POINT('',(5.650923441483,5.861996086968));
#865 = CARTESIAN_POINT('',(5.653031912427,5.901597875421));
#866 = CARTESIAN_POINT('',(5.653787015378,5.916423121183));
#867 = CARTESIAN_POINT('',(5.654509883056,5.931290479291));
#868 = CARTESIAN_POINT('',(5.655200191017,5.946198340239));
#869 = CARTESIAN_POINT('',(5.655857628041,5.961144992309));
#870 = CARTESIAN_POINT('',(5.656481896144,5.976128621568));
#871 = CARTESIAN_POINT('',(5.657072710565,5.991147311872));
#872 = CARTESIAN_POINT('',(5.658893575798,6.04034441833));
#873 = CARTESIAN_POINT('',(5.659983918274,6.074662942316));
#874 = CARTESIAN_POINT('',(5.660897486521,6.109126983315));
#875 = CARTESIAN_POINT('',(5.661631644257,6.143709713475));
#876 = CARTESIAN_POINT('',(5.662184351139,6.178384184344));
#877 = CARTESIAN_POINT('',(5.662554148465,6.213122186465));
#878 = CARTESIAN_POINT('',(5.662740239025,6.247892894824));
#879 = CARTESIAN_POINT('',(5.662745054423,6.317016151132));
#880 = CARTESIAN_POINT('',(5.662568122994,6.351373857081));
#881 = CARTESIAN_POINT('',(5.662211817331,6.385700724442));
#882 = CARTESIAN_POINT('',(5.661676883075,6.41996699292));
#883 = CARTESIAN_POINT('',(5.660964698581,6.454145364792));
#884 = CARTESIAN_POINT('',(5.660077200479,6.488209729604));
#885 = CARTESIAN_POINT('',(5.659016897226,6.522134084261));
#886 = CARTESIAN_POINT('',(5.657209504703,6.571741248406));
#887 = CARTESIAN_POINT('',(5.656594620657,6.587554727654));
#888 = CARTESIAN_POINT('',(5.655942631926,6.603329713345));
#889 = CARTESIAN_POINT('',(5.655253868259,6.619063957396));
#890 = CARTESIAN_POINT('',(5.65452867575,6.634755336529));
#891 = CARTESIAN_POINT('',(5.653767416838,6.650401852268));
#892 = CARTESIAN_POINT('',(5.652970470304,6.666001630941));
#893 = CARTESIAN_POINT('',(5.650809955628,6.706373200937));
#894 = CARTESIAN_POINT('',(5.649391764084,6.731070116472));
#895 = CARTESIAN_POINT('',(5.647885252451,6.755636479622));
#896 = CARTESIAN_POINT('',(5.646292071415,6.780066174435));
#897 = CARTESIAN_POINT('',(5.644613913237,6.804354023471));
#898 = CARTESIAN_POINT('',(5.642852498445,6.828495651603));
#899 = CARTESIAN_POINT('',(5.641009562526,6.852487349824));
#900 = CARTESIAN_POINT('',(5.635442358626,6.92151159321));
#901 = CARTESIAN_POINT('',(5.631511400293,6.966144952968));
#902 = CARTESIAN_POINT('',(5.627305537962,7.010209042926));
#903 = CARTESIAN_POINT('',(5.622836107638,7.053695254957));
#904 = CARTESIAN_POINT('',(5.618114102629,7.096601075695));
#905 = CARTESIAN_POINT('',(5.613150011193,7.138928869009));
#906 = CARTESIAN_POINT('',(5.6079536002,7.180685713433));
#907 = CARTESIAN_POINT('',(5.595522188653,7.275180313088));
#908 = CARTESIAN_POINT('',(5.588137725532,7.327533709125));
#909 = CARTESIAN_POINT('',(5.580398117408,7.378982194007));
#910 = CARTESIAN_POINT('',(5.572320044456,7.429561751206));
#911 = CARTESIAN_POINT('',(5.563919094152,7.479308875025));
#912 = CARTESIAN_POINT('',(5.555209537095,7.528262837212));
#913 = CARTESIAN_POINT('',(5.546203789517,7.576467981464));
#914 = CARTESIAN_POINT('',(5.53007112981,7.658948901833));
#915 = CARTESIAN_POINT('',(5.523076078393,7.693540841851));
#916 = CARTESIAN_POINT('',(5.515930619427,7.727771039485));
#917 = CARTESIAN_POINT('',(5.50863890185,7.761657650779));
#918 = CARTESIAN_POINT('',(5.501204961863,7.795218320984));
#919 = CARTESIAN_POINT('',(5.493632672424,7.828470691288));
#920 = CARTESIAN_POINT('',(5.485925692755,7.861432905553));
#921 = CARTESIAN_POINT('',(5.461131550581,7.964842208424));
#922 = CARTESIAN_POINT('',(5.443569003609,8.034259737734));
#923 = CARTESIAN_POINT('',(5.425428071838,8.102601533381));
#924 = CARTESIAN_POINT('',(5.406742638981,8.170052062852));
#925 = CARTESIAN_POINT('',(5.387553157527,8.23679133289));
#926 = CARTESIAN_POINT('',(5.36790645106,8.30300953433));
#927 = CARTESIAN_POINT('',(5.347856188045,8.368929246091));
#928 = CARTESIAN_POINT('',(5.311138728602,8.487660001439));
#929 = CARTESIAN_POINT('',(5.29460997913,8.540412774576));
#930 = CARTESIAN_POINT('',(5.277903055288,8.593314525072));
#931 = CARTESIAN_POINT('',(5.261059095132,8.64655365802));
#932 = CARTESIAN_POINT('',(5.24413773826,8.70032347109));
#933 = CARTESIAN_POINT('',(5.227228915254,8.754878930727));
#934 = CARTESIAN_POINT('',(5.210452018768,8.810528784935));
#935 = CARTESIAN_POINT('',(5.19019646266,8.88115640901));
#936 = CARTESIAN_POINT('',(5.186409054541,8.894514866098));
#937 = CARTESIAN_POINT('',(5.182642294409,8.907969780714));
#938 = CARTESIAN_POINT('',(5.178899140605,8.921528363311));
#939 = CARTESIAN_POINT('',(5.175182957172,8.935198252402));
#940 = CARTESIAN_POINT('',(5.171497561008,8.948987701161));
#941 = CARTESIAN_POINT('',(5.167847269027,8.962905764029));
#942 = CARTESIAN_POINT('',(5.160378266127,8.991986169433));
#943 = CARTESIAN_POINT('',(5.156565541015,9.007167072045));
#944 = CARTESIAN_POINT('',(5.152804526529,9.022518306563));
#945 = CARTESIAN_POINT('',(5.149102078477,9.038052839404));
#946 = CARTESIAN_POINT('',(5.145466257767,9.053783865117));
#947 = CARTESIAN_POINT('',(5.141906436264,9.06972518351));
#948 = CARTESIAN_POINT('',(5.138433402635,9.085891576772));
#949 = CARTESIAN_POINT('',(5.131695265824,9.118659468911));
#950 = CARTESIAN_POINT('',(5.128430235857,9.135256469266));
#951 = CARTESIAN_POINT('',(5.125276249297,9.15210765556));
#952 = CARTESIAN_POINT('',(5.12224765129,9.169227352503));
#953 = CARTESIAN_POINT('',(5.119361284823,9.186626961103));
#954 = CARTESIAN_POINT('',(5.116636286227,9.204314760253));
#955 = CARTESIAN_POINT('',(5.114093652478,9.222295290414));
#956 = CARTESIAN_POINT('',(5.10896151628,9.262405118876));
#957 = CARTESIAN_POINT('',(5.106457872,9.284673152881));
#958 = CARTESIAN_POINT('',(5.104286075848,9.307348912944));
#959 = CARTESIAN_POINT('',(5.102488923195,9.330393208706));
#960 = CARTESIAN_POINT('',(5.101106722983,9.35374961446));
#961 = CARTESIAN_POINT('',(5.100172404063,9.377340839941));
#962 = CARTESIAN_POINT('',(5.099705581273,9.401063025374));
#963 = CARTESIAN_POINT('',(5.099705581273,9.424777960769));
#964 = ( GEOMETRIC_REPRESENTATION_CONTEXT(2) 
PARAMETRIC_REPRESENTATION_CONTEXT() REPRESENTATION_CONTEXT('2D SPACE',''
  ) );
#965 = FACE_BOUND('',#966,.F.);
#966 = EDGE_LOOP('',(#967));
#967 = ORIENTED_EDGE('',*,*,#968,.T.);
#968 = EDGE_CURVE('',#969,#969,#971,.T.);
#969 = VERTEX_POINT('',#970);
#970 = CARTESIAN_POINT('',(102.5,-25.,101.59901951359));
#971 = SURFACE_CURVE('',#972,(#1143,#1317),.PCURVE_S1.);
#972 = B_SPLINE_CURVE_WITH_KNOTS('',8,(#973,#974,#975,#976,#977,#978,
    #979,#980,#981,#982,#983,#984,#985,#986,#987,#988,#989,#990,#991,
    #992,#993,#994,#995,#996,#997,#998,#999,#1000,#1001,#1002,#1003,
    #1004,#1005,#1006,#1007,#1008,#1009,#1010,#1011,#1012,#1013,#1014,
    #1015,#1016,#1017,#1018,#1019,#1020,#1021,#1022,#1023,#1024,#1025,
    #1026,#1027,#1028,#1029,#1030,#1031,#1032,#1033,#1034,#1035,#1036,
    #1037,#1038,#1039,#1040,#1041,#1042,#1043,#1044,#1045,#1046,#1047,
    #1048,#1049,#1050,#1051,#1052,#1053,#1054,#1055,#1056,#1057,#1058,
    #1059,#1060,#1061,#1062,#1063,#1064,#1065,#1066,#1067,#1068,#1069,
    #1070,#1071,#1072,#1073,#1074,#1075,#1076,#1077,#1078,#1079,#1080,
    #1081,#1082,#1083,#1084,#1085,#1086,#1087,#1088,#1089,#1090,#1091,
    #1092,#1093,#1094,#1095,#1096,#1097,#1098,#1099,#1100,#1101,#1102,
    #1103,#1104,#1105,#1106,#1107,#1108,#1109,#1110,#1111,#1112,#1113,
    #1114,#1115,#1116,#1117,#1118,#1119,#1120,#1121,#1122,#1123,#1124,
    #1125,#1126,#1127,#1128,#1129,#1130,#1131,#1132,#1133,#1134,#1135,
    #1136,#1137,#1138,#1139,#1140,#1141,#1142),.UNSPECIFIED.,.T.,.F.,(9,
    7,7,7,7,7,7,7,7,7,7,7,7,7,7,7,7,7,7,7,7,7,7,7,9),(0.,
    3.285864574108E-02,5.282995676389E-02,7.20824383186E-02,
    9.051981292445E-02,0.162794796628,0.26350228644,0.310255392521,
    0.373771815536,0.42371589365,0.449573441657,0.464972881919,
    0.49990704128,0.534425674738,0.550632606211,0.576499300347,
    0.62552919405,0.688956090088,0.735647525062,0.836651098033,
    0.917527754777,0.936237220796,0.956233717751,0.976172535115,1.),
  .UNSPECIFIED.);
#973 = CARTESIAN_POINT('',(102.5,-25.,101.59901951359));
#974 = CARTESIAN_POINT('',(102.5,-25.13101149959,101.59901951359));
#975 = CARTESIAN_POINT('',(102.5,-25.2619880539,101.61200270086));
#976 = CARTESIAN_POINT('',(102.5,-25.39127250816,101.63796041405));
#977 = CARTESIAN_POINT('',(102.5,-25.51775856406,101.67588040246));
#978 = CARTESIAN_POINT('',(102.5,-25.64074084793,101.72427117258));
#979 = CARTESIAN_POINT('',(102.5,-25.75980779236,101.78154271825));
#980 = CARTESIAN_POINT('',(102.5,-25.87477733139,101.84624363469));
#981 = CARTESIAN_POINT('',(102.5,-26.0530786741,101.96025393553));
#982 = CARTESIAN_POINT('',(102.5,-26.1190429196,102.00568932409));
#983 = CARTESIAN_POINT('',(102.5,-26.18360606777,102.05321922738));
#984 = CARTESIAN_POINT('',(102.5,-26.24680969089,102.1026285424));
#985 = CARTESIAN_POINT('',(102.5,-26.30869905488,102.15372853638));
#986 = CARTESIAN_POINT('',(102.5,-26.36932316261,102.20635676552));
#987 = CARTESIAN_POINT('',(102.5,-26.42873479738,102.26037699377));
#988 = CARTESIAN_POINT('',(102.5,-26.54314952915,102.36899073455));
#989 = CARTESIAN_POINT('',(102.5,-26.59822701292,102.42348644181));
#990 = CARTESIAN_POINT('',(102.5,-26.65226951243,102.47906293542));
#991 = CARTESIAN_POINT('',(102.5,-26.70531874976,102.53562967013));
#992 = CARTESIAN_POINT('',(102.5,-26.75741260856,102.59310788976));
#993 = CARTESIAN_POINT('',(102.5,-26.80858606836,102.6514296635));
#994 = CARTESIAN_POINT('',(102.5,-26.8588721389,102.7105369223));
#995 = CARTESIAN_POINT('',(102.5,-26.95564066693,102.82769042511));
#996 = CARTESIAN_POINT('',(102.5,-27.00219208739,102.88567337211));
#997 = CARTESIAN_POINT('',(102.5,-27.04798379701,102.94428500411));
#998 = CARTESIAN_POINT('',(102.5,-27.09303947506,103.00348589349));
#999 = CARTESIAN_POINT('',(102.5,-27.13738020898,103.06324112736));
#1000 = CARTESIAN_POINT('',(102.5,-27.18102496435,103.12351991799));
#1001 = CARTESIAN_POINT('',(102.5,-27.22399105491,103.18429521323));
#1002 = CARTESIAN_POINT('',(102.5,-27.43212564898,103.48563741255));
#1003 = CARTESIAN_POINT('',(102.5,-27.58771869667,103.73291323567));
#1004 = CARTESIAN_POINT('',(102.5,-27.73412137059,103.98605366784));
#1005 = CARTESIAN_POINT('',(102.5,-27.87179414935,104.24418879109));
#1006 = CARTESIAN_POINT('',(102.5,-28.00097449946,104.50667352031));
#1007 = CARTESIAN_POINT('',(102.5,-28.12178077512,104.7730259881));
#1008 = CARTESIAN_POINT('',(102.5,-28.23421013362,105.04292811655));
#1009 = CARTESIAN_POINT('',(102.5,-28.48306219612,105.69695089255));
#1010 = CARTESIAN_POINT('',(102.5,-28.6114004958,106.08391195852));
#1011 = CARTESIAN_POINT('',(102.5,-28.72295131489,106.47635908975));
#1012 = CARTESIAN_POINT('',(102.5,-28.81699187222,106.87355280966));
#1013 = CARTESIAN_POINT('',(102.5,-28.89254570462,107.27465882422));
#1014 = CARTESIAN_POINT('',(102.5,-28.94847062835,107.678722792));
#1015 = CARTESIAN_POINT('',(102.5,-28.98346249185,108.08466547501));
#1016 = CARTESIAN_POINT('',(102.5,-29.00185469841,108.68004150586));
#1017 = CARTESIAN_POINT('',(102.5,-29.00285039231,108.86891247897));
#1018 = CARTESIAN_POINT('',(102.5,-28.99886290415,109.0577497311));
#1019 = CARTESIAN_POINT('',(102.5,-28.98973800193,109.24639465744));
#1020 = CARTESIAN_POINT('',(102.5,-28.97531627039,109.43466780163));
#1021 = CARTESIAN_POINT('',(102.5,-28.95543462314,109.62236880921));
#1022 = CARTESIAN_POINT('',(102.5,-28.92992781488,109.80927638107));
#1023 = CARTESIAN_POINT('',(102.5,-28.85611025023,110.2476643864));
#1024 = CARTESIAN_POINT('',(102.5,-28.8029072674,110.4982375524));
#1025 = CARTESIAN_POINT('',(102.5,-28.73860509299,110.74628177143));
#1026 = CARTESIAN_POINT('',(102.5,-28.66278867709,110.99107676732));
#1027 = CARTESIAN_POINT('',(102.5,-28.57506736012,111.2317752803));
#1028 = CARTESIAN_POINT('',(102.5,-28.47509610602,111.46740960691));
#1029 = CARTESIAN_POINT('',(102.5,-28.36259444043,111.69689734075));
#1030 = CARTESIAN_POINT('',(102.5,-28.13889148839,112.09372595049));
#1031 = CARTESIAN_POINT('',(102.5,-28.03256129482,112.26384679275));
#1032 = CARTESIAN_POINT('',(102.5,-27.91828990873,112.42881062242));
#1033 = CARTESIAN_POINT('',(102.5,-27.79604636536,112.58795594391));
#1034 = CARTESIAN_POINT('',(102.5,-27.6658633379,112.74056704531));
#1035 = CARTESIAN_POINT('',(102.5,-27.52785148356,112.88588572248));
#1036 = CARTESIAN_POINT('',(102.5,-27.38221613733,113.02312566623));
#1037 = CARTESIAN_POINT('',(102.5,-27.15009483805,113.21794732819));
#1038 = CARTESIAN_POINT('',(102.5,-27.06895764072,113.28202407424));
#1039 = CARTESIAN_POINT('',(102.5,-26.98591148479,113.34360775449));
#1040 = CARTESIAN_POINT('',(102.5,-26.9010111898,113.40258613706));
#1041 = CARTESIAN_POINT('',(102.5,-26.81432034074,113.458847846));
#1042 = CARTESIAN_POINT('',(102.5,-26.72591195728,113.51228345255));
#1043 = CARTESIAN_POINT('',(102.5,-26.6358691629,113.56278656647));
#1044 = CARTESIAN_POINT('',(102.5,-26.48974349396,113.63852466849));
#1045 = CARTESIAN_POINT('',(102.5,-26.43465453499,113.66571828296));
#1046 = CARTESIAN_POINT('',(102.5,-26.37903876057,113.69181401211));
#1047 = CARTESIAN_POINT('',(102.5,-26.32291712611,113.71679095705));
#1048 = CARTESIAN_POINT('',(102.5,-26.26631175901,113.74062907864));
#1049 = CARTESIAN_POINT('',(102.5,-26.20924595867,113.76330919754));
#1050 = CARTESIAN_POINT('',(102.5,-26.15174419647,113.78481299418));
#1051 = CARTESIAN_POINT('',(102.5,-25.96245657086,113.85119697462));
#1052 = CARTESIAN_POINT('',(102.5,-25.82895730721,113.89113225559));
#1053 = CARTESIAN_POINT('',(102.5,-25.69364828714,113.92472008849));
#1054 = CARTESIAN_POINT('',(102.5,-25.55686008769,113.95178990713));
#1055 = CARTESIAN_POINT('',(102.5,-25.41893952305,113.97220888087));
#1056 = CARTESIAN_POINT('',(102.5,-25.28024957482,113.98588381887));
#1057 = CARTESIAN_POINT('',(102.5,-25.14116963023,113.99276544018));
#1058 = CARTESIAN_POINT('',(102.5,-24.86467664296,113.99294351357));
#1059 = CARTESIAN_POINT('',(102.5,-24.72724298684,113.98640059632));
#1060 = CARTESIAN_POINT('',(102.5,-24.59017709136,113.97322421984));
#1061 = CARTESIAN_POINT('',(102.5,-24.45384514356,113.95346047645));
#1062 = CARTESIAN_POINT('',(102.5,-24.31859796401,113.92719741492));
#1063 = CARTESIAN_POINT('',(102.5,-24.18477120702,113.89456107336));
#1064 = CARTESIAN_POINT('',(102.5,-24.05268528274,113.855713719));
#1065 = CARTESIAN_POINT('',(102.5,-23.86158945765,113.78979223225));
#1066 = CARTESIAN_POINT('',(102.5,-23.80098232458,113.76740384235));
#1067 = CARTESIAN_POINT('',(102.5,-23.74085372784,113.74370927697));
#1068 = CARTESIAN_POINT('',(102.5,-23.68123235909,113.71872974935));
#1069 = CARTESIAN_POINT('',(102.5,-23.62214547584,113.69248753403));
#1070 = CARTESIAN_POINT('',(102.5,-23.5636189015,113.6650059669));
#1071 = CARTESIAN_POINT('',(102.5,-23.50567702534,113.63630944512));
#1072 = CARTESIAN_POINT('',(102.5,-23.35683585639,113.55872454685));
#1073 = CARTESIAN_POINT('',(102.5,-23.26687614236,113.50799492256));
#1074 = CARTESIAN_POINT('',(102.5,-23.17855714867,113.45433716051));
#1075 = CARTESIAN_POINT('',(102.5,-23.09196158472,113.39785794094));
#1076 = CARTESIAN_POINT('',(102.5,-23.00716205305,113.33866692826));
#1077 = CARTESIAN_POINT('',(102.5,-22.92422172133,113.27687568121));
#1078 = CARTESIAN_POINT('',(102.5,-22.84319499432,113.21259656299));
#1079 = CARTESIAN_POINT('',(102.5,-22.61425834947,113.01959836176));
#1080 = CARTESIAN_POINT('',(102.5,-22.47143757966,112.8847254316));
#1081 = CARTESIAN_POINT('',(102.5,-22.33596523259,112.74207717589));
#1082 = CARTESIAN_POINT('',(102.5,-22.2080351944,112.59239730225));
#1083 = CARTESIAN_POINT('',(102.5,-22.08775328789,112.43640331815));
#1084 = CARTESIAN_POINT('',(102.5,-21.97515255213,112.27477334224));
#1085 = CARTESIAN_POINT('',(102.5,-21.8702063949,112.1081353197));
#1086 = CARTESIAN_POINT('',(102.5,-21.64688232999,111.71574748139));
#1087 = CARTESIAN_POINT('',(102.5,-21.53362896868,111.48704280629));
#1088 = CARTESIAN_POINT('',(102.5,-21.43288699255,111.25213903115));
#1089 = CARTESIAN_POINT('',(102.5,-21.34438132594,111.01212125302));
#1090 = CARTESIAN_POINT('',(102.5,-21.26777124853,110.76796013026));
#1091 = CARTESIAN_POINT('',(102.5,-21.2026695048,110.52050598912));
#1092 = CARTESIAN_POINT('',(102.5,-21.14866363333,110.27048215818));
#1093 = CARTESIAN_POINT('',(102.5,-21.07344665437,109.83296541458));
#1094 = CARTESIAN_POINT('',(102.5,-21.04734511355,109.64639680099));
#1095 = CARTESIAN_POINT('',(102.5,-21.02686969614,109.45901514589));
#1096 = CARTESIAN_POINT('',(102.5,-21.01185569978,109.27104284311));
#1097 = CARTESIAN_POINT('',(102.5,-21.00214043855,109.08268126465));
#1098 = CARTESIAN_POINT('',(102.5,-20.99756476451,108.89411080109));
#1099 = CARTESIAN_POINT('',(102.5,-20.99797458919,108.70549090213));
#1100 = CARTESIAN_POINT('',(102.5,-21.01457455486,108.10912765439));
#1101 = CARTESIAN_POINT('',(102.5,-21.04856094124,107.70189833819));
#1102 = CARTESIAN_POINT('',(102.5,-21.10366389686,107.29650692964));
#1103 = CARTESIAN_POINT('',(102.5,-21.17856161365,106.89405094682));
#1104 = CARTESIAN_POINT('',(102.5,-21.2720950541,106.49549886031));
#1105 = CARTESIAN_POINT('',(102.5,-21.3832718324,106.10169501787));
#1106 = CARTESIAN_POINT('',(102.5,-21.51135503636,105.71338488339));
#1107 = CARTESIAN_POINT('',(102.5,-21.77197464857,105.02532442579));
#1108 = CARTESIAN_POINT('',(102.5,-21.89842210007,104.72365366971));
#1109 = CARTESIAN_POINT('',(102.5,-22.03532493527,104.42643952119));
#1110 = CARTESIAN_POINT('',(102.5,-22.18273723455,104.13411866509));
#1111 = CARTESIAN_POINT('',(102.5,-22.34081772636,103.84736516904));
#1112 = CARTESIAN_POINT('',(102.5,-22.51001995349,103.56722616128));
#1113 = CARTESIAN_POINT('',(102.5,-22.69103587757,103.2950818504));
#1114 = CARTESIAN_POINT('',(102.5,-22.93085980774,102.97272068373));
#1115 = CARTESIAN_POINT('',(102.5,-22.97664533486,102.91272053971));
#1116 = CARTESIAN_POINT('',(102.5,-23.02318178281,102.85331489617));
#1117 = CARTESIAN_POINT('',(102.5,-23.07049206404,102.79454067252));
#1118 = CARTESIAN_POINT('',(102.5,-23.11860100138,102.73644035522));
#1119 = CARTESIAN_POINT('',(102.5,-23.16753597386,102.67906258152));
#1120 = CARTESIAN_POINT('',(102.5,-23.21732756262,102.62246272339));
#1121 = CARTESIAN_POINT('',(102.5,-23.32217930762,102.50710852012));
#1122 = CARTESIAN_POINT('',(102.5,-23.37736203996,102.44847838653));
#1123 = CARTESIAN_POINT('',(102.5,-23.43360345542,102.390886779));
#1124 = CARTESIAN_POINT('',(102.5,-23.49094856917,102.33442289619));
#1125 = CARTESIAN_POINT('',(102.5,-23.54944344257,102.27919271584));
#1126 = CARTESIAN_POINT('',(102.5,-23.60913627576,102.2253202837));
#1127 = CARTESIAN_POINT('',(102.5,-23.6700785003,102.17294900239));
#1128 = CARTESIAN_POINT('',(102.5,-23.79439369168,102.07168309918));
#1129 = CARTESIAN_POINT('',(102.5,-23.85774735005,102.0227885922));
#1130 = CARTESIAN_POINT('',(102.5,-23.92244744604,101.97571692689));
#1131 = CARTESIAN_POINT('',(102.5,-23.98854205024,101.93066093715));
#1132 = CARTESIAN_POINT('',(102.5,-24.05606629315,101.88784833587));
#1133 = CARTESIAN_POINT('',(102.5,-24.12504038826,101.84753852842));
#1134 = CARTESIAN_POINT('',(102.5,-24.1954660896,101.81001666687));
#1135 = CARTESIAN_POINT('',(102.5,-24.35319098322,101.73443803878));
#1136 = CARTESIAN_POINT('',(102.5,-24.44115548576,101.69767877896));
#1137 = CARTESIAN_POINT('',(102.5,-24.53108756505,101.66587603369));
#1138 = CARTESIAN_POINT('',(102.5,-24.62278637892,101.63961519501));
#1139 = CARTESIAN_POINT('',(102.5,-24.7159680137,101.61944789437));
#1140 = CARTESIAN_POINT('',(102.5,-24.81025145121,101.60582594536));
#1141 = CARTESIAN_POINT('',(102.5,-24.90514025841,101.59901951359));
#1142 = CARTESIAN_POINT('',(102.5,-25.,101.59901951359));
#1143 = PCURVE('',#316,#1144);
#1144 = DEFINITIONAL_REPRESENTATION('',(#1145),#1316);
#1145 = B_SPLINE_CURVE_WITH_KNOTS('',8,(#1146,#1147,#1148,#1149,#1150,
    #1151,#1152,#1153,#1154,#1155,#1156,#1157,#1158,#1159,#1160,#1161,
    #1162,#1163,#1164,#1165,#1166,#1167,#1168,#1169,#1170,#1171,#1172,
    #1173,#1174,#1175,#1176,#1177,#1178,#1179,#1180,#1181,#1182,#1183,
    #1184,#1185,#1186,#1187,#1188,#1189,#1190,#1191,#1192,#1193,#1194,
    #1195,#1196,#1197,#1198,#1199,#1200,#1201,#1202,#1203,#1204,#1205,
    #1206,#1207,#1208,#1209,#1210,#1211,#1212,#1213,#1214,#1215,#1216,
    #1217,#1218,#1219,#1220,#1221,#1222,#1223,#1224,#1225,#1226,#1227,
    #1228,#1229,#1230,#1231,#1232,#1233,#1234,#1235,#1236,#1237,#1238,
    #1239,#1240,#1241,#1242,#1243,#1244,#1245,#1246,#1247,#1248,#1249,
    #1250,#1251,#1252,#1253,#1254,#1255,#1256,#1257,#1258,#1259,#1260,
    #1261,#1262,#1263,#1264,#1265,#1266,#1267,#1268,#1269,#1270,#1271,
    #1272,#1273,#1274,#1275,#1276,#1277,#1278,#1279,#1280,#1281,#1282,
    #1283,#1284,#1285,#1286,#1287,#1288,#1289,#1290,#1291,#1292,#1293,
    #1294,#1295,#1296,#1297,#1298,#1299,#1300,#1301,#1302,#1303,#1304,
    #1305,#1306,#1307,#1308,#1309,#1310,#1311,#1312,#1313,#1314,#1315),
  .UNSPECIFIED.,.T.,.F.,(9,7,7,7,7,7,7,7,7,7,7,7,7,7,7,7,7,7,7,7,7,7,7,7
    ,9),(0.,3.285864574108E-02,5.282995676389E-02,7.20824383186E-02,
    9.051981292445E-02,0.162794796628,0.26350228644,0.310255392521,
    0.373771815536,0.42371589365,0.449573441657,0.464972881919,
    0.49990704128,0.534425674738,0.550632606211,0.576499300347,
    0.62552919405,0.688956090088,0.735647525062,0.836651098033,
    0.917527754777,0.936237220796,0.956233717751,0.976172535115,1.),
  .UNSPECIFIED.);
#1146 = CARTESIAN_POINT('',(-22.4009804864,-45.));
#1147 = CARTESIAN_POINT('',(-22.4009804864,-44.8689885004));
#1148 = CARTESIAN_POINT('',(-22.38799729913,-44.73801194609));
#1149 = CARTESIAN_POINT('',(-22.36203958594,-44.60872749184));
#1150 = CARTESIAN_POINT('',(-22.32411959753,-44.48224143593));
#1151 = CARTESIAN_POINT('',(-22.27572882742,-44.35925915206));
#1152 = CARTESIAN_POINT('',(-22.21845728174,-44.24019220763));
#1153 = CARTESIAN_POINT('',(-22.1537563653,-44.1252226686));
#1154 = CARTESIAN_POINT('',(-22.03974606446,-43.94692132589));
#1155 = CARTESIAN_POINT('',(-21.9943106759,-43.88095708039));
#1156 = CARTESIAN_POINT('',(-21.94678077261,-43.81639393222));
#1157 = CARTESIAN_POINT('',(-21.89737145759,-43.7531903091));
#1158 = CARTESIAN_POINT('',(-21.84627146361,-43.69130094512));
#1159 = CARTESIAN_POINT('',(-21.79364323447,-43.63067683738));
#1160 = CARTESIAN_POINT('',(-21.73962300622,-43.57126520261));
#1161 = CARTESIAN_POINT('',(-21.63100926544,-43.45685047084));
#1162 = CARTESIAN_POINT('',(-21.57651355818,-43.40177298707));
#1163 = CARTESIAN_POINT('',(-21.52093706457,-43.34773048756));
#1164 = CARTESIAN_POINT('',(-21.46437032986,-43.29468125023));
#1165 = CARTESIAN_POINT('',(-21.40689211024,-43.24258739143));
#1166 = CARTESIAN_POINT('',(-21.34857033649,-43.19141393164));
#1167 = CARTESIAN_POINT('',(-21.28946307769,-43.14112786109));
#1168 = CARTESIAN_POINT('',(-21.17230957488,-43.04435933306));
#1169 = CARTESIAN_POINT('',(-21.11432662788,-42.9978079126));
#1170 = CARTESIAN_POINT('',(-21.05571499588,-42.95201620298));
#1171 = CARTESIAN_POINT('',(-20.9965141065,-42.90696052493));
#1172 = CARTESIAN_POINT('',(-20.93675887263,-42.86261979101));
#1173 = CARTESIAN_POINT('',(-20.876480082,-42.81897503564));
#1174 = CARTESIAN_POINT('',(-20.81570478676,-42.77600894508));
#1175 = CARTESIAN_POINT('',(-20.51436258745,-42.56787435101));
#1176 = CARTESIAN_POINT('',(-20.26708676432,-42.41228130332));
#1177 = CARTESIAN_POINT('',(-20.01394633215,-42.2658786294));
#1178 = CARTESIAN_POINT('',(-19.7558112089,-42.12820585064));
#1179 = CARTESIAN_POINT('',(-19.49332647968,-41.99902550053));
#1180 = CARTESIAN_POINT('',(-19.2269740119,-41.87821922487));
#1181 = CARTESIAN_POINT('',(-18.95707188344,-41.76578986638));
#1182 = CARTESIAN_POINT('',(-18.30304910744,-41.51693780387));
#1183 = CARTESIAN_POINT('',(-17.91608804148,-41.38859950419));
#1184 = CARTESIAN_POINT('',(-17.52364091024,-41.2770486851));
#1185 = CARTESIAN_POINT('',(-17.12644719033,-41.18300812777));
#1186 = CARTESIAN_POINT('',(-16.72534117577,-41.10745429537));
#1187 = CARTESIAN_POINT('',(-16.32127720799,-41.05152937164));
#1188 = CARTESIAN_POINT('',(-15.91533452498,-41.01653750814));
#1189 = CARTESIAN_POINT('',(-15.31995849413,-40.99814530158));
#1190 = CARTESIAN_POINT('',(-15.13108752102,-40.99714960768));
#1191 = CARTESIAN_POINT('',(-14.9422502689,-41.00113709584));
#1192 = CARTESIAN_POINT('',(-14.75360534255,-41.01026199806));
#1193 = CARTESIAN_POINT('',(-14.56533219836,-41.0246837296));
#1194 = CARTESIAN_POINT('',(-14.37763119078,-41.04456537685));
#1195 = CARTESIAN_POINT('',(-14.19072361892,-41.07007218511));
#1196 = CARTESIAN_POINT('',(-13.75233561359,-41.14388974976));
#1197 = CARTESIAN_POINT('',(-13.50176244759,-41.19709273259));
#1198 = CARTESIAN_POINT('',(-13.25371822856,-41.261394907));
#1199 = CARTESIAN_POINT('',(-13.00892323267,-41.3372113229));
#1200 = CARTESIAN_POINT('',(-12.76822471969,-41.42493263987));
#1201 = CARTESIAN_POINT('',(-12.53259039308,-41.52490389397));
#1202 = CARTESIAN_POINT('',(-12.30310265924,-41.63740555956));
#1203 = CARTESIAN_POINT('',(-11.9062740495,-41.86110851161));
#1204 = CARTESIAN_POINT('',(-11.73615320724,-41.96743870517));
#1205 = CARTESIAN_POINT('',(-11.57118937757,-42.08171009126));
#1206 = CARTESIAN_POINT('',(-11.41204405608,-42.20395363463));
#1207 = CARTESIAN_POINT('',(-11.25943295468,-42.33413666209));
#1208 = CARTESIAN_POINT('',(-11.11411427751,-42.47214851643));
#1209 = CARTESIAN_POINT('',(-10.97687433377,-42.61778386266));
#1210 = CARTESIAN_POINT('',(-10.7820526718,-42.84990516194));
#1211 = CARTESIAN_POINT('',(-10.71797592575,-42.93104235927));
#1212 = CARTESIAN_POINT('',(-10.6563922455,-43.0140885152));
#1213 = CARTESIAN_POINT('',(-10.59741386293,-43.09898881019));
#1214 = CARTESIAN_POINT('',(-10.54115215399,-43.18567965925));
#1215 = CARTESIAN_POINT('',(-10.48771654744,-43.27408804271));
#1216 = CARTESIAN_POINT('',(-10.43721343352,-43.36413083709));
#1217 = CARTESIAN_POINT('',(-10.3614753315,-43.51025650603));
#1218 = CARTESIAN_POINT('',(-10.33428171703,-43.565345465));
#1219 = CARTESIAN_POINT('',(-10.30818598788,-43.62096123942));
#1220 = CARTESIAN_POINT('',(-10.28320904294,-43.67708287389));
#1221 = CARTESIAN_POINT('',(-10.25937092135,-43.73368824098));
#1222 = CARTESIAN_POINT('',(-10.23669080245,-43.79075404132));
#1223 = CARTESIAN_POINT('',(-10.21518700581,-43.84825580352));
#1224 = CARTESIAN_POINT('',(-10.14880302537,-44.03754342913));
#1225 = CARTESIAN_POINT('',(-10.1088677444,-44.17104269278));
#1226 = CARTESIAN_POINT('',(-10.0752799115,-44.30635171285));
#1227 = CARTESIAN_POINT('',(-10.04821009286,-44.4431399123));
#1228 = CARTESIAN_POINT('',(-10.02779111912,-44.58106047695));
#1229 = CARTESIAN_POINT('',(-10.01411618112,-44.71975042517));
#1230 = CARTESIAN_POINT('',(-10.00723455982,-44.85883036976));
#1231 = CARTESIAN_POINT('',(-10.00705648642,-45.13532335703));
#1232 = CARTESIAN_POINT('',(-10.01359940367,-45.27275701316));
#1233 = CARTESIAN_POINT('',(-10.02677578016,-45.40982290863));
#1234 = CARTESIAN_POINT('',(-10.04653952354,-45.54615485643));
#1235 = CARTESIAN_POINT('',(-10.07280258507,-45.68140203598));
#1236 = CARTESIAN_POINT('',(-10.10543892663,-45.81522879298));
#1237 = CARTESIAN_POINT('',(-10.14428628099,-45.94731471725));
#1238 = CARTESIAN_POINT('',(-10.21020776774,-46.13841054234));
#1239 = CARTESIAN_POINT('',(-10.23259615764,-46.19901767541));
#1240 = CARTESIAN_POINT('',(-10.25629072302,-46.25914627215));
#1241 = CARTESIAN_POINT('',(-10.28127025065,-46.3187676409));
#1242 = CARTESIAN_POINT('',(-10.30751246596,-46.37785452415));
#1243 = CARTESIAN_POINT('',(-10.33499403309,-46.43638109849));
#1244 = CARTESIAN_POINT('',(-10.36369055487,-46.49432297465));
#1245 = CARTESIAN_POINT('',(-10.44127545314,-46.6431641436));
#1246 = CARTESIAN_POINT('',(-10.49200507743,-46.73312385763));
#1247 = CARTESIAN_POINT('',(-10.54566283948,-46.82144285132));
#1248 = CARTESIAN_POINT('',(-10.60214205905,-46.90803841527));
#1249 = CARTESIAN_POINT('',(-10.66133307173,-46.99283794694));
#1250 = CARTESIAN_POINT('',(-10.72312431878,-47.07577827866));
#1251 = CARTESIAN_POINT('',(-10.787403437,-47.15680500567));
#1252 = CARTESIAN_POINT('',(-10.98040163823,-47.38574165052));
#1253 = CARTESIAN_POINT('',(-11.11527456839,-47.52856242033));
#1254 = CARTESIAN_POINT('',(-11.2579228241,-47.6640347674));
#1255 = CARTESIAN_POINT('',(-11.40760269774,-47.79196480559));
#1256 = CARTESIAN_POINT('',(-11.56359668184,-47.9122467121));
#1257 = CARTESIAN_POINT('',(-11.72522665775,-48.02484744786));
#1258 = CARTESIAN_POINT('',(-11.89186468029,-48.1297936051));
#1259 = CARTESIAN_POINT('',(-12.2842525186,-48.35311767));
#1260 = CARTESIAN_POINT('',(-12.5129571937,-48.46637103132));
#1261 = CARTESIAN_POINT('',(-12.74786096884,-48.56711300744));
#1262 = CARTESIAN_POINT('',(-12.98787874697,-48.65561867405));
#1263 = CARTESIAN_POINT('',(-13.23203986973,-48.73222875146));
#1264 = CARTESIAN_POINT('',(-13.47949401087,-48.79733049519));
#1265 = CARTESIAN_POINT('',(-13.72951784181,-48.85133636667));
#1266 = CARTESIAN_POINT('',(-14.16703458541,-48.92655334562));
#1267 = CARTESIAN_POINT('',(-14.353603199,-48.95265488644));
#1268 = CARTESIAN_POINT('',(-14.5409848541,-48.97313030385));
#1269 = CARTESIAN_POINT('',(-14.72895715688,-48.98814430021));
#1270 = CARTESIAN_POINT('',(-14.91731873534,-48.99785956144));
#1271 = CARTESIAN_POINT('',(-15.1058891989,-49.00243523548));
#1272 = CARTESIAN_POINT('',(-15.29450909786,-49.0020254108));
#1273 = CARTESIAN_POINT('',(-15.8908723456,-48.98542544513));
#1274 = CARTESIAN_POINT('',(-16.2981016618,-48.95143905875));
#1275 = CARTESIAN_POINT('',(-16.70349307036,-48.89633610313));
#1276 = CARTESIAN_POINT('',(-17.10594905317,-48.82143838634));
#1277 = CARTESIAN_POINT('',(-17.50450113968,-48.72790494589));
#1278 = CARTESIAN_POINT('',(-17.89830498212,-48.6167281676));
#1279 = CARTESIAN_POINT('',(-18.2866151166,-48.48864496363));
#1280 = CARTESIAN_POINT('',(-18.9746755742,-48.22802535142));
#1281 = CARTESIAN_POINT('',(-19.27634633028,-48.10157789992));
#1282 = CARTESIAN_POINT('',(-19.5735604788,-47.96467506472));
#1283 = CARTESIAN_POINT('',(-19.8658813349,-47.81726276544));
#1284 = CARTESIAN_POINT('',(-20.15263483095,-47.65918227363));
#1285 = CARTESIAN_POINT('',(-20.43277383871,-47.4899800465));
#1286 = CARTESIAN_POINT('',(-20.70491814959,-47.30896412242));
#1287 = CARTESIAN_POINT('',(-21.02727931626,-47.06914019225));
#1288 = CARTESIAN_POINT('',(-21.08727946028,-47.02335466513));
#1289 = CARTESIAN_POINT('',(-21.14668510383,-46.97681821718));
#1290 = CARTESIAN_POINT('',(-21.20545932747,-46.92950793595));
#1291 = CARTESIAN_POINT('',(-21.26355964477,-46.88139899861));
#1292 = CARTESIAN_POINT('',(-21.32093741847,-46.83246402613));
#1293 = CARTESIAN_POINT('',(-21.3775372766,-46.78267243737));
#1294 = CARTESIAN_POINT('',(-21.49289147987,-46.67782069237));
#1295 = CARTESIAN_POINT('',(-21.55152161346,-46.62263796003));
#1296 = CARTESIAN_POINT('',(-21.60911322099,-46.56639654457));
#1297 = CARTESIAN_POINT('',(-21.6655771038,-46.50905143082));
#1298 = CARTESIAN_POINT('',(-21.72080728415,-46.45055655742));
#1299 = CARTESIAN_POINT('',(-21.77467971629,-46.39086372423));
#1300 = CARTESIAN_POINT('',(-21.8270509976,-46.32992149969));
#1301 = CARTESIAN_POINT('',(-21.92831690081,-46.20560630831));
#1302 = CARTESIAN_POINT('',(-21.97721140779,-46.14225264994));
#1303 = CARTESIAN_POINT('',(-22.0242830731,-46.07755255395));
#1304 = CARTESIAN_POINT('',(-22.06933906284,-46.01145794975));
#1305 = CARTESIAN_POINT('',(-22.11215166412,-45.94393370684));
#1306 = CARTESIAN_POINT('',(-22.15246147157,-45.87495961173));
#1307 = CARTESIAN_POINT('',(-22.18998333312,-45.80453391039));
#1308 = CARTESIAN_POINT('',(-22.26556196122,-45.64680901677));
#1309 = CARTESIAN_POINT('',(-22.30232122103,-45.55884451423));
#1310 = CARTESIAN_POINT('',(-22.3341239663,-45.46891243494));
#1311 = CARTESIAN_POINT('',(-22.36038480498,-45.37721362108));
#1312 = CARTESIAN_POINT('',(-22.38055210562,-45.28403198629));
#1313 = CARTESIAN_POINT('',(-22.39417405463,-45.18974854878));
#1314 = CARTESIAN_POINT('',(-22.4009804864,-45.09485974158));
#1315 = CARTESIAN_POINT('',(-22.4009804864,-45.));
#1316 = ( GEOMETRIC_REPRESENTATION_CONTEXT(2) 
PARAMETRIC_REPRESENTATION_CONTEXT() REPRESENTATION_CONTEXT('2D SPACE',''
  ) );
#1317 = PCURVE('',#1318,#1323);
#1318 = TOROIDAL_SURFACE('',#1319,17.5,4.);
#1319 = AXIS2_PLACEMENT_3D('',#1320,#1321,#1322);
#1320 = CARTESIAN_POINT('',(115.,-25.,96.5));
#1321 = DIRECTION('',(0.,1.,0.));
#1322 = DIRECTION('',(0.,0.,-1.));
#1323 = DEFINITIONAL_REPRESENTATION('',(#1324),#1495);
#1324 = B_SPLINE_CURVE_WITH_KNOTS('',8,(#1325,#1326,#1327,#1328,#1329,
    #1330,#1331,#1332,#1333,#1334,#1335,#1336,#1337,#1338,#1339,#1340,
    #1341,#1342,#1343,#1344,#1345,#1346,#1347,#1348,#1349,#1350,#1351,
    #1352,#1353,#1354,#1355,#1356,#1357,#1358,#1359,#1360,#1361,#1362,
    #1363,#1364,#1365,#1366,#1367,#1368,#1369,#1370,#1371,#1372,#1373,
    #1374,#1375,#1376,#1377,#1378,#1379,#1380,#1381,#1382,#1383,#1384,
    #1385,#1386,#1387,#1388,#1389,#1390,#1391,#1392,#1393,#1394,#1395,
    #1396,#1397,#1398,#1399,#1400,#1401,#1402,#1403,#1404,#1405,#1406,
    #1407,#1408,#1409,#1410,#1411,#1412,#1413,#1414,#1415,#1416,#1417,
    #1418,#1419,#1420,#1421,#1422,#1423,#1424,#1425,#1426,#1427,#1428,
    #1429,#1430,#1431,#1432,#1433,#1434,#1435,#1436,#1437,#1438,#1439,
    #1440,#1441,#1442,#1443,#1444,#1445,#1446,#1447,#1448,#1449,#1450,
    #1451,#1452,#1453,#1454,#1455,#1456,#1457,#1458,#1459,#1460,#1461,
    #1462,#1463,#1464,#1465,#1466,#1467,#1468,#1469,#1470,#1471,#1472,
    #1473,#1474,#1475,#1476,#1477,#1478,#1479,#1480,#1481,#1482,#1483,
    #1484,#1485,#1486,#1487,#1488,#1489,#1490,#1491,#1492,#1493,#1494),
  .UNSPECIFIED.,.F.,.F.,(9,7,7,7,7,7,7,7,7,7,7,7,7,7,7,7,7,7,7,7,7,7,7,7
    ,9),(0.,3.285864574108E-02,5.282995676389E-02,7.20824383186E-02,
    9.051981292445E-02,0.162794796628,0.26350228644,0.310255392521,
    0.373771815536,0.42371589365,0.449573441657,0.464972881919,
    0.49990704128,0.534425674738,0.550632606211,0.576499300347,
    0.62552919405,0.688956090088,0.735647525062,0.836651098033,
    0.917527754777,0.936237220796,0.956233717751,0.976172535115,1.),
  .UNSPECIFIED.);
#1325 = CARTESIAN_POINT('',(1.958112927684,3.14159265359));
#1326 = CARTESIAN_POINT('',(1.958112927684,3.174345528489));
#1327 = CARTESIAN_POINT('',(1.959003337258,3.207089506023));
#1328 = CARTESIAN_POINT('',(1.960783901687,3.239464599464));
#1329 = CARTESIAN_POINT('',(1.963380921546,3.271246290958));
#1330 = CARTESIAN_POINT('',(1.966685403994,3.302299834));
#1331 = CARTESIAN_POINT('',(1.970580912121,3.332550450255));
#1332 = CARTESIAN_POINT('',(1.974961112361,3.361969420717));
#1333 = CARTESIAN_POINT('',(1.982639791359,3.407963042033));
#1334 = CARTESIAN_POINT('',(1.985691556697,3.425066656166));
#1335 = CARTESIAN_POINT('',(1.988874416294,3.441899694656));
#1336 = CARTESIAN_POINT('',(1.992172407878,3.458475204289));
#1337 = CARTESIAN_POINT('',(1.995571485788,3.474806699965));
#1338 = CARTESIAN_POINT('',(1.999059500148,3.49090836706));
#1339 = CARTESIAN_POINT('',(2.002626176043,3.506795263789));
#1340 = CARTESIAN_POINT('',(2.009769105446,3.53760711419));
#1341 = CARTESIAN_POINT('',(2.013339917285,3.552544136365));
#1342 = CARTESIAN_POINT('',(2.016967671642,3.567307868955));
#1343 = CARTESIAN_POINT('',(2.020645457561,3.581910291494));
#1344 = CARTESIAN_POINT('',(2.024367231884,3.596362369588));
#1345 = CARTESIAN_POINT('',(2.028127741443,3.610674340305));
#1346 = CARTESIAN_POINT('',(2.031922445241,3.624855997575));
#1347 = CARTESIAN_POINT('',(2.039410486457,3.65238264718));
#1348 = CARTESIAN_POINT('',(2.043101168309,3.665737092085));
#1349 = CARTESIAN_POINT('',(2.046815979801,3.678988392934));
#1350 = CARTESIAN_POINT('',(2.050551788262,3.692143864528));
#1351 = CARTESIAN_POINT('',(2.054305799115,3.705210188926));
#1352 = CARTESIAN_POINT('',(2.058075524244,3.71819354855));
#1353 = CARTESIAN_POINT('',(2.06185875037,3.731099759293));
#1354 = CARTESIAN_POINT('',(2.080529052883,3.794246540223));
#1355 = CARTESIAN_POINT('',(2.095576606754,3.843441595969));
#1356 = CARTESIAN_POINT('',(2.110684756384,3.891877235313));
#1357 = CARTESIAN_POINT('',(2.12577763616,3.939768888408));
#1358 = CARTESIAN_POINT('',(2.140798691401,3.987281233665));
#1359 = CARTESIAN_POINT('',(2.155705446532,4.034556715526));
#1360 = CARTESIAN_POINT('',(2.170468413123,4.081720490627));
#1361 = CARTESIAN_POINT('',(2.205409229914,4.194642481295));
#1362 = CARTESIAN_POINT('',(2.225415333791,4.260360545431));
#1363 = CARTESIAN_POINT('',(2.245022077005,4.326367519527));
#1364 = CARTESIAN_POINT('',(2.264175923096,4.392884892008));
#1365 = CARTESIAN_POINT('',(2.282830249494,4.460101792419));
#1366 = CARTESIAN_POINT('',(2.30094483293,4.528197097733));
#1367 = CARTESIAN_POINT('',(2.318486026592,4.597353877893));
#1368 = CARTESIAN_POINT('',(2.343289998883,4.700496606438));
#1369 = CARTESIAN_POINT('',(2.351022951111,4.733468376545));
#1370 = CARTESIAN_POINT('',(2.358621228848,4.7667292369));
#1371 = CARTESIAN_POINT('',(2.366081165922,4.800297403461));
#1372 = CARTESIAN_POINT('',(2.373398885858,4.834190588465));
#1373 = CARTESIAN_POINT('',(2.380570352233,4.868426509502));
#1374 = CARTESIAN_POINT('',(2.387591419051,4.903023398583));
#1375 = CARTESIAN_POINT('',(2.40378631176,4.985518660637));
#1376 = CARTESIAN_POINT('',(2.412828228269,5.033732716553));
#1377 = CARTESIAN_POINT('',(2.421573940882,5.082694660637));
#1378 = CARTESIAN_POINT('',(2.430011055866,5.13244911094));
#1379 = CARTESIAN_POINT('',(2.438125326973,5.183035644509));
#1380 = CARTESIAN_POINT('',(2.445901193501,5.234491112184));
#1381 = CARTESIAN_POINT('',(2.453322004962,5.28685194557));
#1382 = CARTESIAN_POINT('',(2.465911841325,5.382070728351));
#1383 = CARTESIAN_POINT('',(2.471222523568,5.424563335507));
#1384 = CARTESIAN_POINT('',(2.476292757779,5.467647959035));
#1385 = CARTESIAN_POINT('',(2.481112248378,5.511332253172));
#1386 = CARTESIAN_POINT('',(2.485669922261,5.555618849774));
#1387 = CARTESIAN_POINT('',(2.489954165067,5.60050519648));
#1388 = CARTESIAN_POINT('',(2.493952996955,5.645982228282));
#1389 = CARTESIAN_POINT('',(2.49957040552,5.715873155198));
#1390 = CARTESIAN_POINT('',(2.501406788477,5.739867257964));
#1391 = CARTESIAN_POINT('',(2.503161600734,5.76401096355));
#1392 = CARTESIAN_POINT('',(2.504833108722,5.788300525924));
#1393 = CARTESIAN_POINT('',(2.506419594649,5.812731533378));
#1394 = CARTESIAN_POINT('',(2.507919369811,5.837298771636));
#1395 = CARTESIAN_POINT('',(2.509330787893,5.861996086967));
#1396 = CARTESIAN_POINT('',(2.511439258837,5.90159787542));
#1397 = CARTESIAN_POINT('',(2.512194361788,5.916423121182));
#1398 = CARTESIAN_POINT('',(2.512917229467,5.93129047929));
#1399 = CARTESIAN_POINT('',(2.513607537427,5.946198340239));
#1400 = CARTESIAN_POINT('',(2.514264974452,5.961144992308));
#1401 = CARTESIAN_POINT('',(2.514889242554,5.976128621567));
#1402 = CARTESIAN_POINT('',(2.515480056976,5.991147311871));
#1403 = CARTESIAN_POINT('',(2.517300922209,6.040344418329));
#1404 = CARTESIAN_POINT('',(2.518391264684,6.074662942315));
#1405 = CARTESIAN_POINT('',(2.519304832931,6.109126983314));
#1406 = CARTESIAN_POINT('',(2.520038990667,6.143709713474));
#1407 = CARTESIAN_POINT('',(2.52059169755,6.178384184343));
#1408 = CARTESIAN_POINT('',(2.520961494875,6.213122186464));
#1409 = CARTESIAN_POINT('',(2.521147585435,6.247892894823));
#1410 = CARTESIAN_POINT('',(2.521152400833,6.317016151131));
#1411 = CARTESIAN_POINT('',(2.520975469404,6.35137385708));
#1412 = CARTESIAN_POINT('',(2.520619163741,6.385700724441));
#1413 = CARTESIAN_POINT('',(2.520084229485,6.41996699292));
#1414 = CARTESIAN_POINT('',(2.519372044991,6.454145364791));
#1415 = CARTESIAN_POINT('',(2.518484546889,6.488209729603));
#1416 = CARTESIAN_POINT('',(2.517424243636,6.52213408426));
#1417 = CARTESIAN_POINT('',(2.515616851114,6.571741248405));
#1418 = CARTESIAN_POINT('',(2.515001967068,6.587554727653));
#1419 = CARTESIAN_POINT('',(2.514349978336,6.603329713344));
#1420 = CARTESIAN_POINT('',(2.513661214669,6.619063957395));
#1421 = CARTESIAN_POINT('',(2.51293602216,6.634755336528));
#1422 = CARTESIAN_POINT('',(2.512174763248,6.650401852267));
#1423 = CARTESIAN_POINT('',(2.511377816715,6.666001630939));
#1424 = CARTESIAN_POINT('',(2.509217302038,6.706373200936));
#1425 = CARTESIAN_POINT('',(2.507799110495,6.731070116471));
#1426 = CARTESIAN_POINT('',(2.506292598861,6.755636479621));
#1427 = CARTESIAN_POINT('',(2.504699417825,6.780066174434));
#1428 = CARTESIAN_POINT('',(2.503021259648,6.80435402347));
#1429 = CARTESIAN_POINT('',(2.501259844855,6.828495651602));
#1430 = CARTESIAN_POINT('',(2.499416908936,6.852487349823));
#1431 = CARTESIAN_POINT('',(2.493849705037,6.921511593209));
#1432 = CARTESIAN_POINT('',(2.489918746703,6.966144952966));
#1433 = CARTESIAN_POINT('',(2.485712884372,7.010209042925));
#1434 = CARTESIAN_POINT('',(2.481243454048,7.053695254956));
#1435 = CARTESIAN_POINT('',(2.476521449039,7.096601075694));
#1436 = CARTESIAN_POINT('',(2.471557357604,7.138928869008));
#1437 = CARTESIAN_POINT('',(2.46636094661,7.180685713432));
#1438 = CARTESIAN_POINT('',(2.453929535063,7.275180313087));
#1439 = CARTESIAN_POINT('',(2.446545071942,7.327533709124));
#1440 = CARTESIAN_POINT('',(2.438805463818,7.378982194006));
#1441 = CARTESIAN_POINT('',(2.430727390866,7.429561751205));
#1442 = CARTESIAN_POINT('',(2.422326440563,7.479308875024));
#1443 = CARTESIAN_POINT('',(2.413616883505,7.528262837211));
#1444 = CARTESIAN_POINT('',(2.404611135927,7.576467981463));
#1445 = CARTESIAN_POINT('',(2.38847847622,7.658948901832));
#1446 = CARTESIAN_POINT('',(2.381483424803,7.69354084185));
#1447 = CARTESIAN_POINT('',(2.374337965837,7.727771039484));
#1448 = CARTESIAN_POINT('',(2.367046248261,7.761657650778));
#1449 = CARTESIAN_POINT('',(2.359612308273,7.795218320983));
#1450 = CARTESIAN_POINT('',(2.352040018835,7.828470691287));
#1451 = CARTESIAN_POINT('',(2.344333039165,7.861432905552));
#1452 = CARTESIAN_POINT('',(2.319538896992,7.964842208423));
#1453 = CARTESIAN_POINT('',(2.301976350019,8.034259737733));
#1454 = CARTESIAN_POINT('',(2.283835418249,8.10260153338));
#1455 = CARTESIAN_POINT('',(2.265149985391,8.170052062851));
#1456 = CARTESIAN_POINT('',(2.245960503937,8.236791332889));
#1457 = CARTESIAN_POINT('',(2.22631379747,8.303009534329));
#1458 = CARTESIAN_POINT('',(2.206263534455,8.36892924609));
#1459 = CARTESIAN_POINT('',(2.169546075013,8.487660001438));
#1460 = CARTESIAN_POINT('',(2.15301732554,8.540412774575));
#1461 = CARTESIAN_POINT('',(2.136310401699,8.593314525074));
#1462 = CARTESIAN_POINT('',(2.119466441542,8.646553658015));
#1463 = CARTESIAN_POINT('',(2.102545084671,8.700323471092));
#1464 = CARTESIAN_POINT('',(2.085636261665,8.754878930725));
#1465 = CARTESIAN_POINT('',(2.068859365179,8.810528784934));
#1466 = CARTESIAN_POINT('',(2.04860380907,8.881156409009));
#1467 = CARTESIAN_POINT('',(2.044816400952,8.894514866097));
#1468 = CARTESIAN_POINT('',(2.04104964082,8.907969780713));
#1469 = CARTESIAN_POINT('',(2.037306487016,8.92152836331));
#1470 = CARTESIAN_POINT('',(2.033590303582,8.935198252401));
#1471 = CARTESIAN_POINT('',(2.029904907418,8.94898770116));
#1472 = CARTESIAN_POINT('',(2.026254615438,8.962905764028));
#1473 = CARTESIAN_POINT('',(2.018785612537,8.991986169432));
#1474 = CARTESIAN_POINT('',(2.014972887425,9.007167072044));
#1475 = CARTESIAN_POINT('',(2.01121187294,9.022518306562));
#1476 = CARTESIAN_POINT('',(2.007509424887,9.038052839403));
#1477 = CARTESIAN_POINT('',(2.003873604178,9.053783865116));
#1478 = CARTESIAN_POINT('',(2.000313782675,9.069725183509));
#1479 = CARTESIAN_POINT('',(1.996840749045,9.085891576771));
#1480 = CARTESIAN_POINT('',(1.990102612235,9.11865946891));
#1481 = CARTESIAN_POINT('',(1.986837582268,9.135256469265));
#1482 = CARTESIAN_POINT('',(1.983683595707,9.152107655559));
#1483 = CARTESIAN_POINT('',(1.9806549977,9.169227352501));
#1484 = CARTESIAN_POINT('',(1.977768631234,9.186626961102));
#1485 = CARTESIAN_POINT('',(1.975043632637,9.204314760252));
#1486 = CARTESIAN_POINT('',(1.972500998888,9.222295290412));
#1487 = CARTESIAN_POINT('',(1.967368862691,9.262405118875));
#1488 = CARTESIAN_POINT('',(1.96486521841,9.28467315288));
#1489 = CARTESIAN_POINT('',(1.962693422259,9.307348912943));
#1490 = CARTESIAN_POINT('',(1.960896269605,9.330393208706));
#1491 = CARTESIAN_POINT('',(1.959514069393,9.35374961446));
#1492 = CARTESIAN_POINT('',(1.958579750473,9.377340839941));
#1493 = CARTESIAN_POINT('',(1.958112927684,9.401063025373));
#1494 = CARTESIAN_POINT('',(1.958112927684,9.424777960769));
#1495 = ( GEOMETRIC_REPRESENTATION_CONTEXT(2) 
PARAMETRIC_REPRESENTATION_CONTEXT() REPRESENTATION_CONTEXT('2D SPACE',''
  ) );
#1496 = ADVANCED_FACE('',(#1497),#1318,.F.);
#1497 = FACE_BOUND('',#1498,.F.);
#1498 = EDGE_LOOP('',(#1499,#1500,#1523,#1549));
#1499 = ORIENTED_EDGE('',*,*,#968,.F.);
#1500 = ORIENTED_EDGE('',*,*,#1501,.T.);
#1501 = EDGE_CURVE('',#969,#1502,#1504,.T.);
#1502 = VERTEX_POINT('',#1503);
#1503 = CARTESIAN_POINT('',(115.,-25.,110.));
#1504 = SEAM_CURVE('',#1505,(#1510,#1517),.PCURVE_S1.);
#1505 = CIRCLE('',#1506,13.5);
#1506 = AXIS2_PLACEMENT_3D('',#1507,#1508,#1509);
#1507 = CARTESIAN_POINT('',(115.,-25.,96.5));
#1508 = DIRECTION('',(0.,1.,0.));
#1509 = DIRECTION('',(0.,0.,-1.));
#1510 = PCURVE('',#1318,#1511);
#1511 = DEFINITIONAL_REPRESENTATION('',(#1512),#1516);
#1512 = LINE('',#1513,#1514);
#1513 = CARTESIAN_POINT('',(0.,9.424777960769));
#1514 = VECTOR('',#1515,1.);
#1515 = DIRECTION('',(1.,0.));
#1516 = ( GEOMETRIC_REPRESENTATION_CONTEXT(2) 
PARAMETRIC_REPRESENTATION_CONTEXT() REPRESENTATION_CONTEXT('2D SPACE',''
  ) );
#1517 = PCURVE('',#1318,#1518);
#1518 = DEFINITIONAL_REPRESENTATION('',(#1519),#1522);
#1519 = B_SPLINE_CURVE_WITH_KNOTS('',1,(#1520,#1521),.UNSPECIFIED.,.F.,
  .F.,(2,2),(1.570796326795,3.14159265359),.PIECEWISE_BEZIER_KNOTS.);
#1520 = CARTESIAN_POINT('',(1.570796326795,3.14159265359));
#1521 = CARTESIAN_POINT('',(3.14159265359,3.14159265359));
#1522 = ( GEOMETRIC_REPRESENTATION_CONTEXT(2) 
PARAMETRIC_REPRESENTATION_CONTEXT() REPRESENTATION_CONTEXT('2D SPACE',''
  ) );
#1523 = ORIENTED_EDGE('',*,*,#1524,.T.);
#1524 = EDGE_CURVE('',#1502,#1502,#1525,.T.);
#1525 = SURFACE_CURVE('',#1526,(#1531,#1538),.PCURVE_S1.);
#1526 = CIRCLE('',#1527,4.);
#1527 = AXIS2_PLACEMENT_3D('',#1528,#1529,#1530);
#1528 = CARTESIAN_POINT('',(115.,-25.,114.));
#1529 = DIRECTION('',(-1.,0.,-1.224646799147E-16));
#1530 = DIRECTION('',(-1.224646799147E-16,0.,1.));
#1531 = PCURVE('',#1318,#1532);
#1532 = DEFINITIONAL_REPRESENTATION('',(#1533),#1537);
#1533 = LINE('',#1534,#1535);
#1534 = CARTESIAN_POINT('',(3.14159265359,0.));
#1535 = VECTOR('',#1536,1.);
#1536 = DIRECTION('',(0.,1.));
#1537 = ( GEOMETRIC_REPRESENTATION_CONTEXT(2) 
PARAMETRIC_REPRESENTATION_CONTEXT() REPRESENTATION_CONTEXT('2D SPACE',''
  ) );
#1538 = PCURVE('',#1539,#1544);
#1539 = CYLINDRICAL_SURFACE('',#1540,4.);
#1540 = AXIS2_PLACEMENT_3D('',#1541,#1542,#1543);
#1541 = CARTESIAN_POINT('',(115.,-25.,114.));
#1542 = DIRECTION('',(1.,0.,0.));
#1543 = DIRECTION('',(0.,0.,-1.));
#1544 = DEFINITIONAL_REPRESENTATION('',(#1545),#1548);
#1545 = B_SPLINE_CURVE_WITH_KNOTS('',1,(#1546,#1547),.UNSPECIFIED.,.F.,
  .F.,(2,2),(3.14159265359,9.424777960769),.PIECEWISE_BEZIER_KNOTS.);
#1546 = CARTESIAN_POINT('',(6.28318530718,0.));
#1547 = CARTESIAN_POINT('',(0.,0.));
#1548 = ( GEOMETRIC_REPRESENTATION_CONTEXT(2) 
PARAMETRIC_REPRESENTATION_CONTEXT() REPRESENTATION_CONTEXT('2D SPACE',''
  ) );
#1549 = ORIENTED_EDGE('',*,*,#1501,.F.);
#1550 = ADVANCED_FACE('',(#1551),#1539,.F.);
#1551 = FACE_BOUND('',#1552,.F.);
#1552 = EDGE_LOOP('',(#1553,#1554,#1576,#1598));
#1553 = ORIENTED_EDGE('',*,*,#1524,.F.);
#1554 = ORIENTED_EDGE('',*,*,#1555,.T.);
#1555 = EDGE_CURVE('',#1502,#1556,#1558,.T.);
#1556 = VERTEX_POINT('',#1557);
#1557 = CARTESIAN_POINT('',(127.5,-25.,110.));
#1558 = SEAM_CURVE('',#1559,(#1563,#1570),.PCURVE_S1.);
#1559 = LINE('',#1560,#1561);
#1560 = CARTESIAN_POINT('',(115.,-25.,110.));
#1561 = VECTOR('',#1562,1.);
#1562 = DIRECTION('',(1.,0.,0.));
#1563 = PCURVE('',#1539,#1564);
#1564 = DEFINITIONAL_REPRESENTATION('',(#1565),#1569);
#1565 = LINE('',#1566,#1567);
#1566 = CARTESIAN_POINT('',(0.,0.));
#1567 = VECTOR('',#1568,1.);
#1568 = DIRECTION('',(0.,1.));
#1569 = ( GEOMETRIC_REPRESENTATION_CONTEXT(2) 
PARAMETRIC_REPRESENTATION_CONTEXT() REPRESENTATION_CONTEXT('2D SPACE',''
  ) );
#1570 = PCURVE('',#1539,#1571);
#1571 = DEFINITIONAL_REPRESENTATION('',(#1572),#1575);
#1572 = B_SPLINE_CURVE_WITH_KNOTS('',1,(#1573,#1574),.UNSPECIFIED.,.F.,
  .F.,(2,2),(0.,20.5),.PIECEWISE_BEZIER_KNOTS.);
#1573 = CARTESIAN_POINT('',(6.28318530718,0.));
#1574 = CARTESIAN_POINT('',(6.28318530718,20.5));
#1575 = ( GEOMETRIC_REPRESENTATION_CONTEXT(2) 
PARAMETRIC_REPRESENTATION_CONTEXT() REPRESENTATION_CONTEXT('2D SPACE',''
  ) );
#1576 = ORIENTED_EDGE('',*,*,#1577,.F.);
#1577 = EDGE_CURVE('',#1556,#1556,#1578,.T.);
#1578 = SURFACE_CURVE('',#1579,(#1584,#1591),.PCURVE_S1.);
#1579 = CIRCLE('',#1580,4.);
#1580 = AXIS2_PLACEMENT_3D('',#1581,#1582,#1583);
#1581 = CARTESIAN_POINT('',(127.5,-25.,114.));
#1582 = DIRECTION('',(1.,0.,0.));
#1583 = DIRECTION('',(0.,0.,-1.));
#1584 = PCURVE('',#1539,#1585);
#1585 = DEFINITIONAL_REPRESENTATION('',(#1586),#1590);
#1586 = LINE('',#1587,#1588);
#1587 = CARTESIAN_POINT('',(0.,12.5));
#1588 = VECTOR('',#1589,1.);
#1589 = DIRECTION('',(1.,0.));
#1590 = ( GEOMETRIC_REPRESENTATION_CONTEXT(2) 
PARAMETRIC_REPRESENTATION_CONTEXT() REPRESENTATION_CONTEXT('2D SPACE',''
  ) );
#1591 = PCURVE('',#181,#1592);
#1592 = DEFINITIONAL_REPRESENTATION('',(#1593),#1597);
#1593 = CIRCLE('',#1594,4.);
#1594 = AXIS2_PLACEMENT_2D('',#1595,#1596);
#1595 = CARTESIAN_POINT('',(111.,-70.));
#1596 = DIRECTION('',(-1.,0.));
#1597 = ( GEOMETRIC_REPRESENTATION_CONTEXT(2) 
PARAMETRIC_REPRESENTATION_CONTEXT() REPRESENTATION_CONTEXT('2D SPACE',''
  ) );
#1598 = ORIENTED_EDGE('',*,*,#1555,.F.);
#1599 = ADVANCED_FACE('',(#1600),#787,.F.);
#1600 = FACE_BOUND('',#1601,.F.);
#1601 = EDGE_LOOP('',(#1602,#1603,#1626,#1652));
#1602 = ORIENTED_EDGE('',*,*,#437,.F.);
#1603 = ORIENTED_EDGE('',*,*,#1604,.T.);
#1604 = EDGE_CURVE('',#438,#1605,#1607,.T.);
#1605 = VERTEX_POINT('',#1606);
#1606 = CARTESIAN_POINT('',(115.,25.,110.));
#1607 = SEAM_CURVE('',#1608,(#1613,#1620),.PCURVE_S1.);
#1608 = CIRCLE('',#1609,13.5);
#1609 = AXIS2_PLACEMENT_3D('',#1610,#1611,#1612);
#1610 = CARTESIAN_POINT('',(115.,25.,96.5));
#1611 = DIRECTION('',(-0.,1.,0.));
#1612 = DIRECTION('',(0.,0.,1.));
#1613 = PCURVE('',#787,#1614);
#1614 = DEFINITIONAL_REPRESENTATION('',(#1615),#1619);
#1615 = LINE('',#1616,#1617);
#1616 = CARTESIAN_POINT('',(0.,9.424777960769));
#1617 = VECTOR('',#1618,1.);
#1618 = DIRECTION('',(1.,0.));
#1619 = ( GEOMETRIC_REPRESENTATION_CONTEXT(2) 
PARAMETRIC_REPRESENTATION_CONTEXT() REPRESENTATION_CONTEXT('2D SPACE',''
  ) );
#1620 = PCURVE('',#787,#1621);
#1621 = DEFINITIONAL_REPRESENTATION('',(#1622),#1625);
#1622 = B_SPLINE_CURVE_WITH_KNOTS('',1,(#1623,#1624),.UNSPECIFIED.,.F.,
  .F.,(2,2),(4.712388980385,6.28318530718),.PIECEWISE_BEZIER_KNOTS.);
#1623 = CARTESIAN_POINT('',(4.712388980385,3.14159265359));
#1624 = CARTESIAN_POINT('',(6.28318530718,3.14159265359));
#1625 = ( GEOMETRIC_REPRESENTATION_CONTEXT(2) 
PARAMETRIC_REPRESENTATION_CONTEXT() REPRESENTATION_CONTEXT('2D SPACE',''
  ) );
#1626 = ORIENTED_EDGE('',*,*,#1627,.T.);
#1627 = EDGE_CURVE('',#1605,#1605,#1628,.T.);
#1628 = SURFACE_CURVE('',#1629,(#1634,#1641),.PCURVE_S1.);
#1629 = CIRCLE('',#1630,4.);
#1630 = AXIS2_PLACEMENT_3D('',#1631,#1632,#1633);
#1631 = CARTESIAN_POINT('',(115.,25.,114.));
#1632 = DIRECTION('',(-1.,0.,-2.449293598295E-16));
#1633 = DIRECTION('',(-2.449293598295E-16,0.,1.));
#1634 = PCURVE('',#787,#1635);
#1635 = DEFINITIONAL_REPRESENTATION('',(#1636),#1640);
#1636 = LINE('',#1637,#1638);
#1637 = CARTESIAN_POINT('',(6.28318530718,0.));
#1638 = VECTOR('',#1639,1.);
#1639 = DIRECTION('',(0.,1.));
#1640 = ( GEOMETRIC_REPRESENTATION_CONTEXT(2) 
PARAMETRIC_REPRESENTATION_CONTEXT() REPRESENTATION_CONTEXT('2D SPACE',''
  ) );
#1641 = PCURVE('',#1642,#1647);
#1642 = CYLINDRICAL_SURFACE('',#1643,4.);
#1643 = AXIS2_PLACEMENT_3D('',#1644,#1645,#1646);
#1644 = CARTESIAN_POINT('',(115.,25.,114.));
#1645 = DIRECTION('',(1.,0.,0.));
#1646 = DIRECTION('',(0.,0.,-1.));
#1647 = DEFINITIONAL_REPRESENTATION('',(#1648),#1651);
#1648 = B_SPLINE_CURVE_WITH_KNOTS('',1,(#1649,#1650),.UNSPECIFIED.,.F.,
  .F.,(2,2),(3.14159265359,9.424777960769),.PIECEWISE_BEZIER_KNOTS.);
#1649 = CARTESIAN_POINT('',(6.28318530718,0.));
#1650 = CARTESIAN_POINT('',(0.,0.));
#1651 = ( GEOMETRIC_REPRESENTATION_CONTEXT(2) 
PARAMETRIC_REPRESENTATION_CONTEXT() REPRESENTATION_CONTEXT('2D SPACE',''
  ) );
#1652 = ORIENTED_EDGE('',*,*,#1604,.F.);
#1653 = ADVANCED_FACE('',(#1654),#1642,.F.);
#1654 = FACE_BOUND('',#1655,.F.);
#1655 = EDGE_LOOP('',(#1656,#1657,#1679,#1701));
#1656 = ORIENTED_EDGE('',*,*,#1627,.F.);
#1657 = ORIENTED_EDGE('',*,*,#1658,.T.);
#1658 = EDGE_CURVE('',#1605,#1659,#1661,.T.);
#1659 = VERTEX_POINT('',#1660);
#1660 = CARTESIAN_POINT('',(127.5,25.,110.));
#1661 = SEAM_CURVE('',#1662,(#1666,#1673),.PCURVE_S1.);
#1662 = LINE('',#1663,#1664);
#1663 = CARTESIAN_POINT('',(115.,25.,110.));
#1664 = VECTOR('',#1665,1.);
#1665 = DIRECTION('',(1.,0.,0.));
#1666 = PCURVE('',#1642,#1667);
#1667 = DEFINITIONAL_REPRESENTATION('',(#1668),#1672);
#1668 = LINE('',#1669,#1670);
#1669 = CARTESIAN_POINT('',(0.,0.));
#1670 = VECTOR('',#1671,1.);
#1671 = DIRECTION('',(0.,1.));
#1672 = ( GEOMETRIC_REPRESENTATION_CONTEXT(2) 
PARAMETRIC_REPRESENTATION_CONTEXT() REPRESENTATION_CONTEXT('2D SPACE',''
  ) );
#1673 = PCURVE('',#1642,#1674);
#1674 = DEFINITIONAL_REPRESENTATION('',(#1675),#1678);
#1675 = B_SPLINE_CURVE_WITH_KNOTS('',1,(#1676,#1677),.UNSPECIFIED.,.F.,
  .F.,(2,2),(0.,20.5),.PIECEWISE_BEZIER_KNOTS.);
#1676 = CARTESIAN_POINT('',(6.28318530718,0.));
#1677 = CARTESIAN_POINT('',(6.28318530718,20.5));
#1678 = ( GEOMETRIC_REPRESENTATION_CONTEXT(2) 
PARAMETRIC_REPRESENTATION_CONTEXT() REPRESENTATION_CONTEXT('2D SPACE',''
  ) );
#1679 = ORIENTED_EDGE('',*,*,#1680,.F.);
#1680 = EDGE_CURVE('',#1659,#1659,#1681,.T.);
#1681 = SURFACE_CURVE('',#1682,(#1687,#1694),.PCURVE_S1.);
#1682 = CIRCLE('',#1683,4.);
#1683 = AXIS2_PLACEMENT_3D('',#1684,#1685,#1686);
#1684 = CARTESIAN_POINT('',(127.5,25.,114.));
#1685 = DIRECTION('',(1.,0.,0.));
#1686 = DIRECTION('',(0.,0.,-1.));
#1687 = PCURVE('',#1642,#1688);
#1688 = DEFINITIONAL_REPRESENTATION('',(#1689),#1693);
#1689 = LINE('',#1690,#1691);
#1690 = CARTESIAN_POINT('',(0.,12.5));
#1691 = VECTOR('',#1692,1.);
#1692 = DIRECTION('',(1.,0.));
#1693 = ( GEOMETRIC_REPRESENTATION_CONTEXT(2) 
PARAMETRIC_REPRESENTATION_CONTEXT() REPRESENTATION_CONTEXT('2D SPACE',''
  ) );
#1694 = PCURVE('',#181,#1695);
#1695 = DEFINITIONAL_REPRESENTATION('',(#1696),#1700);
#1696 = CIRCLE('',#1697,4.);
#1697 = AXIS2_PLACEMENT_2D('',#1698,#1699);
#1698 = CARTESIAN_POINT('',(111.,-120.));
#1699 = DIRECTION('',(-1.,0.));
#1700 = ( GEOMETRIC_REPRESENTATION_CONTEXT(2) 
PARAMETRIC_REPRESENTATION_CONTEXT() REPRESENTATION_CONTEXT('2D SPACE',''
  ) );
#1701 = ORIENTED_EDGE('',*,*,#1658,.F.);
#1702 = ADVANCED_FACE('',(#1703),#423,.F.);
#1703 = FACE_BOUND('',#1704,.F.);
#1704 = EDGE_LOOP('',(#1705,#1729,#1750,#1751));
#1705 = ORIENTED_EDGE('',*,*,#1706,.F.);
#1706 = EDGE_CURVE('',#1707,#1707,#1709,.T.);
#1707 = VERTEX_POINT('',#1708);
#1708 = CARTESIAN_POINT('',(127.5,-40.,116.5));
#1709 = SURFACE_CURVE('',#1710,(#1715,#1722),.PCURVE_S1.);
#1710 = CIRCLE('',#1711,2.5);
#1711 = AXIS2_PLACEMENT_3D('',#1712,#1713,#1714);
#1712 = CARTESIAN_POINT('',(127.5,-40.,114.));
#1713 = DIRECTION('',(1.,0.,0.));
#1714 = DIRECTION('',(-0.,0.,1.));
#1715 = PCURVE('',#423,#1716);
#1716 = DEFINITIONAL_REPRESENTATION('',(#1717),#1721);
#1717 = LINE('',#1718,#1719);
#1718 = CARTESIAN_POINT('',(0.,41.5));
#1719 = VECTOR('',#1720,1.);
#1720 = DIRECTION('',(1.,0.));
#1721 = ( GEOMETRIC_REPRESENTATION_CONTEXT(2) 
PARAMETRIC_REPRESENTATION_CONTEXT() REPRESENTATION_CONTEXT('2D SPACE',''
  ) );
#1722 = PCURVE('',#181,#1723);
#1723 = DEFINITIONAL_REPRESENTATION('',(#1724),#1728);
#1724 = CIRCLE('',#1725,2.5);
#1725 = AXIS2_PLACEMENT_2D('',#1726,#1727);
#1726 = CARTESIAN_POINT('',(111.,-55.));
#1727 = DIRECTION('',(1.,0.));
#1728 = ( GEOMETRIC_REPRESENTATION_CONTEXT(2) 
PARAMETRIC_REPRESENTATION_CONTEXT() REPRESENTATION_CONTEXT('2D SPACE',''
  ) );
#1729 = ORIENTED_EDGE('',*,*,#1730,.F.);
#1730 = EDGE_CURVE('',#407,#1707,#1731,.T.);
#1731 = SEAM_CURVE('',#1732,(#1736,#1743),.PCURVE_S1.);
#1732 = LINE('',#1733,#1734);
#1733 = CARTESIAN_POINT('',(86.,-40.,116.5));
#1734 = VECTOR('',#1735,1.);
#1735 = DIRECTION('',(1.,0.,0.));
#1736 = PCURVE('',#423,#1737);
#1737 = DEFINITIONAL_REPRESENTATION('',(#1738),#1742);
#1738 = LINE('',#1739,#1740);
#1739 = CARTESIAN_POINT('',(6.28318530718,-0.));
#1740 = VECTOR('',#1741,1.);
#1741 = DIRECTION('',(0.,1.));
#1742 = ( GEOMETRIC_REPRESENTATION_CONTEXT(2) 
PARAMETRIC_REPRESENTATION_CONTEXT() REPRESENTATION_CONTEXT('2D SPACE',''
  ) );
#1743 = PCURVE('',#423,#1744);
#1744 = DEFINITIONAL_REPRESENTATION('',(#1745),#1749);
#1745 = LINE('',#1746,#1747);
#1746 = CARTESIAN_POINT('',(0.,-0.));
#1747 = VECTOR('',#1748,1.);
#1748 = DIRECTION('',(0.,1.));
#1749 = ( GEOMETRIC_REPRESENTATION_CONTEXT(2) 
PARAMETRIC_REPRESENTATION_CONTEXT() REPRESENTATION_CONTEXT('2D SPACE',''
  ) );
#1750 = ORIENTED_EDGE('',*,*,#406,.T.);
#1751 = ORIENTED_EDGE('',*,*,#1730,.T.);
#1752 = ADVANCED_FACE('',(#1753),#370,.T.);
#1753 = FACE_BOUND('',#1754,.T.);
#1754 = EDGE_LOOP('',(#1755,#1778,#1801,#1822));
#1755 = ORIENTED_EDGE('',*,*,#1756,.F.);
#1756 = EDGE_CURVE('',#1757,#355,#1759,.T.);
#1757 = VERTEX_POINT('',#1758);
#1758 = CARTESIAN_POINT('',(-102.5,70.,28.));
#1759 = SURFACE_CURVE('',#1760,(#1764,#1771),.PCURVE_S1.);
#1760 = LINE('',#1761,#1762);
#1761 = CARTESIAN_POINT('',(-127.5,70.,28.));
#1762 = VECTOR('',#1763,1.);
#1763 = DIRECTION('',(1.,0.,-0.));
#1764 = PCURVE('',#370,#1765);
#1765 = DEFINITIONAL_REPRESENTATION('',(#1766),#1770);
#1766 = LINE('',#1767,#1768);
#1767 = CARTESIAN_POINT('',(0.,165.));
#1768 = VECTOR('',#1769,1.);
#1769 = DIRECTION('',(1.,0.));
#1770 = ( GEOMETRIC_REPRESENTATION_CONTEXT(2) 
PARAMETRIC_REPRESENTATION_CONTEXT() REPRESENTATION_CONTEXT('2D SPACE',''
  ) );
#1771 = PCURVE('',#290,#1772);
#1772 = DEFINITIONAL_REPRESENTATION('',(#1773),#1777);
#1773 = LINE('',#1774,#1775);
#1774 = CARTESIAN_POINT('',(0.,0.));
#1775 = VECTOR('',#1776,1.);
#1776 = DIRECTION('',(0.,1.));
#1777 = ( GEOMETRIC_REPRESENTATION_CONTEXT(2) 
PARAMETRIC_REPRESENTATION_CONTEXT() REPRESENTATION_CONTEXT('2D SPACE',''
  ) );
#1778 = ORIENTED_EDGE('',*,*,#1779,.F.);
#1779 = EDGE_CURVE('',#1780,#1757,#1782,.T.);
#1780 = VERTEX_POINT('',#1781);
#1781 = CARTESIAN_POINT('',(-102.5,-70.,28.));
#1782 = SURFACE_CURVE('',#1783,(#1787,#1794),.PCURVE_S1.);
#1783 = LINE('',#1784,#1785);
#1784 = CARTESIAN_POINT('',(-102.5,-70.,28.));
#1785 = VECTOR('',#1786,1.);
#1786 = DIRECTION('',(-0.,1.,0.));
#1787 = PCURVE('',#370,#1788);
#1788 = DEFINITIONAL_REPRESENTATION('',(#1789),#1793);
#1789 = LINE('',#1790,#1791);
#1790 = CARTESIAN_POINT('',(25.,25.));
#1791 = VECTOR('',#1792,1.);
#1792 = DIRECTION('',(0.,1.));
#1793 = ( GEOMETRIC_REPRESENTATION_CONTEXT(2) 
PARAMETRIC_REPRESENTATION_CONTEXT() REPRESENTATION_CONTEXT('2D SPACE',''
  ) );
#1794 = PCURVE('',#262,#1795);
#1795 = DEFINITIONAL_REPRESENTATION('',(#1796),#1800);
#1796 = LINE('',#1797,#1798);
#1797 = CARTESIAN_POINT('',(0.,0.));
#1798 = VECTOR('',#1799,1.);
#1799 = DIRECTION('',(0.,-1.));
#1800 = ( GEOMETRIC_REPRESENTATION_CONTEXT(2) 
PARAMETRIC_REPRESENTATION_CONTEXT() REPRESENTATION_CONTEXT('2D SPACE',''
  ) );
#1801 = ORIENTED_EDGE('',*,*,#1802,.T.);
#1802 = EDGE_CURVE('',#1780,#332,#1803,.T.);
#1803 = SURFACE_CURVE('',#1804,(#1808,#1815),.PCURVE_S1.);
#1804 = LINE('',#1805,#1806);
#1805 = CARTESIAN_POINT('',(-127.5,-70.,28.));
#1806 = VECTOR('',#1807,1.);
#1807 = DIRECTION('',(1.,0.,-0.));
#1808 = PCURVE('',#370,#1809);
#1809 = DEFINITIONAL_REPRESENTATION('',(#1810),#1814);
#1810 = LINE('',#1811,#1812);
#1811 = CARTESIAN_POINT('',(0.,25.));
#1812 = VECTOR('',#1813,1.);
#1813 = DIRECTION('',(1.,0.));
#1814 = ( GEOMETRIC_REPRESENTATION_CONTEXT(2) 
PARAMETRIC_REPRESENTATION_CONTEXT() REPRESENTATION_CONTEXT('2D SPACE',''
  ) );
#1815 = PCURVE('',#234,#1816);
#1816 = DEFINITIONAL_REPRESENTATION('',(#1817),#1821);
#1817 = LINE('',#1818,#1819);
#1818 = CARTESIAN_POINT('',(0.,0.));
#1819 = VECTOR('',#1820,1.);
#1820 = DIRECTION('',(0.,1.));
#1821 = ( GEOMETRIC_REPRESENTATION_CONTEXT(2) 
PARAMETRIC_REPRESENTATION_CONTEXT() REPRESENTATION_CONTEXT('2D SPACE',''
  ) );
#1822 = ORIENTED_EDGE('',*,*,#354,.T.);
#1823 = ADVANCED_FACE('',(#1824),#290,.F.);
#1824 = FACE_BOUND('',#1825,.F.);
#1825 = EDGE_LOOP('',(#1826,#1827,#1848,#1849));
#1826 = ORIENTED_EDGE('',*,*,#1756,.F.);
#1827 = ORIENTED_EDGE('',*,*,#1828,.T.);
#1828 = EDGE_CURVE('',#1757,#247,#1829,.T.);
#1829 = SURFACE_CURVE('',#1830,(#1834,#1841),.PCURVE_S1.);
#1830 = LINE('',#1831,#1832);
#1831 = CARTESIAN_POINT('',(-102.5,70.,28.));
#1832 = VECTOR('',#1833,1.);
#1833 = DIRECTION('',(0.,0.,1.));
#1834 = PCURVE('',#290,#1835);
#1835 = DEFINITIONAL_REPRESENTATION('',(#1836),#1840);
#1836 = LINE('',#1837,#1838);
#1837 = CARTESIAN_POINT('',(0.,25.));
#1838 = VECTOR('',#1839,1.);
#1839 = DIRECTION('',(1.,0.));
#1840 = ( GEOMETRIC_REPRESENTATION_CONTEXT(2) 
PARAMETRIC_REPRESENTATION_CONTEXT() REPRESENTATION_CONTEXT('2D SPACE',''
  ) );
#1841 = PCURVE('',#262,#1842);
#1842 = DEFINITIONAL_REPRESENTATION('',(#1843),#1847);
#1843 = LINE('',#1844,#1845);
#1844 = CARTESIAN_POINT('',(0.,-140.));
#1845 = VECTOR('',#1846,1.);
#1846 = DIRECTION('',(1.,0.));
#1847 = ( GEOMETRIC_REPRESENTATION_CONTEXT(2) 
PARAMETRIC_REPRESENTATION_CONTEXT() REPRESENTATION_CONTEXT('2D SPACE',''
  ) );
#1848 = ORIENTED_EDGE('',*,*,#274,.T.);
#1849 = ORIENTED_EDGE('',*,*,#382,.F.);
#1850 = ADVANCED_FACE('',(#1851),#262,.T.);
#1851 = FACE_BOUND('',#1852,.T.);
#1852 = EDGE_LOOP('',(#1853,#1874,#1875,#1876));
#1853 = ORIENTED_EDGE('',*,*,#1854,.F.);
#1854 = EDGE_CURVE('',#1780,#217,#1855,.T.);
#1855 = SURFACE_CURVE('',#1856,(#1860,#1867),.PCURVE_S1.);
#1856 = LINE('',#1857,#1858);
#1857 = CARTESIAN_POINT('',(-102.5,-70.,28.));
#1858 = VECTOR('',#1859,1.);
#1859 = DIRECTION('',(0.,0.,1.));
#1860 = PCURVE('',#262,#1861);
#1861 = DEFINITIONAL_REPRESENTATION('',(#1862),#1866);
#1862 = LINE('',#1863,#1864);
#1863 = CARTESIAN_POINT('',(0.,0.));
#1864 = VECTOR('',#1865,1.);
#1865 = DIRECTION('',(1.,0.));
#1866 = ( GEOMETRIC_REPRESENTATION_CONTEXT(2) 
PARAMETRIC_REPRESENTATION_CONTEXT() REPRESENTATION_CONTEXT('2D SPACE',''
  ) );
#1867 = PCURVE('',#234,#1868);
#1868 = DEFINITIONAL_REPRESENTATION('',(#1869),#1873);
#1869 = LINE('',#1870,#1871);
#1870 = CARTESIAN_POINT('',(0.,25.));
#1871 = VECTOR('',#1872,1.);
#1872 = DIRECTION('',(1.,0.));
#1873 = ( GEOMETRIC_REPRESENTATION_CONTEXT(2) 
PARAMETRIC_REPRESENTATION_CONTEXT() REPRESENTATION_CONTEXT('2D SPACE',''
  ) );
#1874 = ORIENTED_EDGE('',*,*,#1779,.T.);
#1875 = ORIENTED_EDGE('',*,*,#1828,.T.);
#1876 = ORIENTED_EDGE('',*,*,#246,.F.);
#1877 = ADVANCED_FACE('',(#1878),#234,.T.);
#1878 = FACE_BOUND('',#1879,.T.);
#1879 = EDGE_LOOP('',(#1880,#1881,#1882,#1883));
#1880 = ORIENTED_EDGE('',*,*,#1802,.F.);
#1881 = ORIENTED_EDGE('',*,*,#1854,.T.);
#1882 = ORIENTED_EDGE('',*,*,#216,.T.);
#1883 = ORIENTED_EDGE('',*,*,#331,.T.);
#1884 = ADVANCED_FACE('',(#1885,#1955,#1958,#1961),#181,.T.);
#1885 = FACE_BOUND('',#1886,.T.);
#1886 = EDGE_LOOP('',(#1887,#1910,#1933,#1954));
#1887 = ORIENTED_EDGE('',*,*,#1888,.F.);
#1888 = EDGE_CURVE('',#1889,#143,#1891,.T.);
#1889 = VERTEX_POINT('',#1890);
#1890 = CARTESIAN_POINT('',(127.5,-95.,3.));
#1891 = SURFACE_CURVE('',#1892,(#1896,#1903),.PCURVE_S1.);
#1892 = LINE('',#1893,#1894);
#1893 = CARTESIAN_POINT('',(127.5,-95.,3.));
#1894 = VECTOR('',#1895,1.);
#1895 = DIRECTION('',(0.,0.,1.));
#1896 = PCURVE('',#181,#1897);
#1897 = DEFINITIONAL_REPRESENTATION('',(#1898),#1902);
#1898 = LINE('',#1899,#1900);
#1899 = CARTESIAN_POINT('',(0.,0.));
#1900 = VECTOR('',#1901,1.);
#1901 = DIRECTION('',(1.,0.));
#1902 = ( GEOMETRIC_REPRESENTATION_CONTEXT(2) 
PARAMETRIC_REPRESENTATION_CONTEXT() REPRESENTATION_CONTEXT('2D SPACE',''
  ) );
#1903 = PCURVE('',#44,#1904);
#1904 = DEFINITIONAL_REPRESENTATION('',(#1905),#1909);
#1905 = LINE('',#1906,#1907);
#1906 = CARTESIAN_POINT('',(0.,255.));
#1907 = VECTOR('',#1908,1.);
#1908 = DIRECTION('',(1.,0.));
#1909 = ( GEOMETRIC_REPRESENTATION_CONTEXT(2) 
PARAMETRIC_REPRESENTATION_CONTEXT() REPRESENTATION_CONTEXT('2D SPACE',''
  ) );
#1910 = ORIENTED_EDGE('',*,*,#1911,.T.);
#1911 = EDGE_CURVE('',#1889,#1912,#1914,.T.);
#1912 = VERTEX_POINT('',#1913);
#1913 = CARTESIAN_POINT('',(127.5,95.,3.));
#1914 = SURFACE_CURVE('',#1915,(#1919,#1926),.PCURVE_S1.);
#1915 = LINE('',#1916,#1917);
#1916 = CARTESIAN_POINT('',(127.5,-95.,3.));
#1917 = VECTOR('',#1918,1.);
#1918 = DIRECTION('',(-0.,1.,0.));
#1919 = PCURVE('',#181,#1920);
#1920 = DEFINITIONAL_REPRESENTATION('',(#1921),#1925);
#1921 = LINE('',#1922,#1923);
#1922 = CARTESIAN_POINT('',(0.,0.));
#1923 = VECTOR('',#1924,1.);
#1924 = DIRECTION('',(0.,-1.));
#1925 = ( GEOMETRIC_REPRESENTATION_CONTEXT(2) 
PARAMETRIC_REPRESENTATION_CONTEXT() REPRESENTATION_CONTEXT('2D SPACE',''
  ) );
#1926 = PCURVE('',#72,#1927);
#1927 = DEFINITIONAL_REPRESENTATION('',(#1928),#1932);
#1928 = LINE('',#1929,#1930);
#1929 = CARTESIAN_POINT('',(255.,0.));
#1930 = VECTOR('',#1931,1.);
#1931 = DIRECTION('',(0.,1.));
#1932 = ( GEOMETRIC_REPRESENTATION_CONTEXT(2) 
PARAMETRIC_REPRESENTATION_CONTEXT() REPRESENTATION_CONTEXT('2D SPACE',''
  ) );
#1933 = ORIENTED_EDGE('',*,*,#1934,.F.);
#1934 = EDGE_CURVE('',#166,#1912,#1935,.T.);
#1935 = SURFACE_CURVE('',#1936,(#1940,#1947),.PCURVE_S1.);
#1936 = LINE('',#1937,#1938);
#1937 = CARTESIAN_POINT('',(127.5,95.,164.5));
#1938 = VECTOR('',#1939,1.);
#1939 = DIRECTION('',(0.,0.,-1.));
#1940 = PCURVE('',#181,#1941);
#1941 = DEFINITIONAL_REPRESENTATION('',(#1942),#1946);
#1942 = LINE('',#1943,#1944);
#1943 = CARTESIAN_POINT('',(161.5,-190.));
#1944 = VECTOR('',#1945,1.);
#1945 = DIRECTION('',(-1.,0.));
#1946 = ( GEOMETRIC_REPRESENTATION_CONTEXT(2) 
PARAMETRIC_REPRESENTATION_CONTEXT() REPRESENTATION_CONTEXT('2D SPACE',''
  ) );
#1947 = PCURVE('',#100,#1948);
#1948 = DEFINITIONAL_REPRESENTATION('',(#1949),#1953);
#1949 = LINE('',#1950,#1951);
#1950 = CARTESIAN_POINT('',(161.5,255.));
#1951 = VECTOR('',#1952,1.);
#1952 = DIRECTION('',(-1.,0.));
#1953 = ( GEOMETRIC_REPRESENTATION_CONTEXT(2) 
PARAMETRIC_REPRESENTATION_CONTEXT() REPRESENTATION_CONTEXT('2D SPACE',''
  ) );
#1954 = ORIENTED_EDGE('',*,*,#165,.F.);
#1955 = FACE_BOUND('',#1956,.T.);
#1956 = EDGE_LOOP('',(#1957));
#1957 = ORIENTED_EDGE('',*,*,#1680,.F.);
#1958 = FACE_BOUND('',#1959,.T.);
#1959 = EDGE_LOOP('',(#1960));
#1960 = ORIENTED_EDGE('',*,*,#1706,.F.);
#1961 = FACE_BOUND('',#1962,.T.);
#1962 = EDGE_LOOP('',(#1963));
#1963 = ORIENTED_EDGE('',*,*,#1577,.F.);
#1964 = ADVANCED_FACE('',(#1965),#100,.T.);
#1965 = FACE_BOUND('',#1966,.T.);
#1966 = EDGE_LOOP('',(#1967,#1988,#1989,#1990));
#1967 = ORIENTED_EDGE('',*,*,#1968,.F.);
#1968 = EDGE_CURVE('',#57,#1912,#1969,.T.);
#1969 = SURFACE_CURVE('',#1970,(#1974,#1981),.PCURVE_S1.);
#1970 = LINE('',#1971,#1972);
#1971 = CARTESIAN_POINT('',(-127.5,95.,3.));
#1972 = VECTOR('',#1973,1.);
#1973 = DIRECTION('',(1.,0.,-0.));
#1974 = PCURVE('',#100,#1975);
#1975 = DEFINITIONAL_REPRESENTATION('',(#1976),#1980);
#1976 = LINE('',#1977,#1978);
#1977 = CARTESIAN_POINT('',(0.,0.));
#1978 = VECTOR('',#1979,1.);
#1979 = DIRECTION('',(0.,1.));
#1980 = ( GEOMETRIC_REPRESENTATION_CONTEXT(2) 
PARAMETRIC_REPRESENTATION_CONTEXT() REPRESENTATION_CONTEXT('2D SPACE',''
  ) );
#1981 = PCURVE('',#72,#1982);
#1982 = DEFINITIONAL_REPRESENTATION('',(#1983),#1987);
#1983 = LINE('',#1984,#1985);
#1984 = CARTESIAN_POINT('',(0.,190.));
#1985 = VECTOR('',#1986,1.);
#1986 = DIRECTION('',(1.,0.));
#1987 = ( GEOMETRIC_REPRESENTATION_CONTEXT(2) 
PARAMETRIC_REPRESENTATION_CONTEXT() REPRESENTATION_CONTEXT('2D SPACE',''
  ) );
#1988 = ORIENTED_EDGE('',*,*,#84,.F.);
#1989 = ORIENTED_EDGE('',*,*,#193,.T.);
#1990 = ORIENTED_EDGE('',*,*,#1934,.T.);
#1991 = ADVANCED_FACE('',(#1992),#72,.F.);
#1992 = FACE_BOUND('',#1993,.F.);
#1993 = EDGE_LOOP('',(#1994,#1995,#2016,#2017));
#1994 = ORIENTED_EDGE('',*,*,#56,.F.);
#1995 = ORIENTED_EDGE('',*,*,#1996,.T.);
#1996 = EDGE_CURVE('',#22,#1889,#1997,.T.);
#1997 = SURFACE_CURVE('',#1998,(#2002,#2009),.PCURVE_S1.);
#1998 = LINE('',#1999,#2000);
#1999 = CARTESIAN_POINT('',(-127.5,-95.,3.));
#2000 = VECTOR('',#2001,1.);
#2001 = DIRECTION('',(1.,0.,-0.));
#2002 = PCURVE('',#72,#2003);
#2003 = DEFINITIONAL_REPRESENTATION('',(#2004),#2008);
#2004 = LINE('',#2005,#2006);
#2005 = CARTESIAN_POINT('',(0.,0.));
#2006 = VECTOR('',#2007,1.);
#2007 = DIRECTION('',(1.,0.));
#2008 = ( GEOMETRIC_REPRESENTATION_CONTEXT(2) 
PARAMETRIC_REPRESENTATION_CONTEXT() REPRESENTATION_CONTEXT('2D SPACE',''
  ) );
#2009 = PCURVE('',#44,#2010);
#2010 = DEFINITIONAL_REPRESENTATION('',(#2011),#2015);
#2011 = LINE('',#2012,#2013);
#2012 = CARTESIAN_POINT('',(0.,0.));
#2013 = VECTOR('',#2014,1.);
#2014 = DIRECTION('',(0.,1.));
#2015 = ( GEOMETRIC_REPRESENTATION_CONTEXT(2) 
PARAMETRIC_REPRESENTATION_CONTEXT() REPRESENTATION_CONTEXT('2D SPACE',''
  ) );
#2016 = ORIENTED_EDGE('',*,*,#1911,.T.);
#2017 = ORIENTED_EDGE('',*,*,#1968,.F.);
#2018 = ADVANCED_FACE('',(#2019),#44,.F.);
#2019 = FACE_BOUND('',#2020,.F.);
#2020 = EDGE_LOOP('',(#2021,#2022,#2023,#2024));
#2021 = ORIENTED_EDGE('',*,*,#1996,.F.);
#2022 = ORIENTED_EDGE('',*,*,#21,.T.);
#2023 = ORIENTED_EDGE('',*,*,#142,.T.);
#2024 = ORIENTED_EDGE('',*,*,#1888,.F.);
#2025 = MANIFOLD_SOLID_BREP('',#2026);
#2026 = CLOSED_SHELL('',(#2027,#2147,#2223,#2294,#2321,#2348));
#2027 = ADVANCED_FACE('',(#2028),#2042,.F.);
#2028 = FACE_BOUND('',#2029,.F.);
#2029 = EDGE_LOOP('',(#2030,#2065,#2093,#2121));
#2030 = ORIENTED_EDGE('',*,*,#2031,.F.);
#2031 = EDGE_CURVE('',#2032,#2034,#2036,.T.);
#2032 = VERTEX_POINT('',#2033);
#2033 = CARTESIAN_POINT('',(-102.,-69.5,139.5));
#2034 = VERTEX_POINT('',#2035);
#2035 = CARTESIAN_POINT('',(-102.,-69.5,164.5));
#2036 = SURFACE_CURVE('',#2037,(#2041,#2053),.PCURVE_S1.);
#2037 = LINE('',#2038,#2039);
#2038 = CARTESIAN_POINT('',(-102.,-69.5,139.5));
#2039 = VECTOR('',#2040,1.);
#2040 = DIRECTION('',(0.,0.,1.));
#2041 = PCURVE('',#2042,#2047);
#2042 = PLANE('',#2043);
#2043 = AXIS2_PLACEMENT_3D('',#2044,#2045,#2046);
#2044 = CARTESIAN_POINT('',(-102.,-69.5,139.5));
#2045 = DIRECTION('',(1.,0.,-0.));
#2046 = DIRECTION('',(0.,0.,1.));
#2047 = DEFINITIONAL_REPRESENTATION('',(#2048),#2052);
#2048 = LINE('',#2049,#2050);
#2049 = CARTESIAN_POINT('',(0.,0.));
#2050 = VECTOR('',#2051,1.);
#2051 = DIRECTION('',(1.,0.));
#2052 = ( GEOMETRIC_REPRESENTATION_CONTEXT(2) 
PARAMETRIC_REPRESENTATION_CONTEXT() REPRESENTATION_CONTEXT('2D SPACE',''
  ) );
#2053 = PCURVE('',#2054,#2059);
#2054 = PLANE('',#2055);
#2055 = AXIS2_PLACEMENT_3D('',#2056,#2057,#2058);
#2056 = CARTESIAN_POINT('',(-102.,-69.5,139.5));
#2057 = DIRECTION('',(-0.,1.,0.));
#2058 = DIRECTION('',(0.,0.,1.));
#2059 = DEFINITIONAL_REPRESENTATION('',(#2060),#2064);
#2060 = LINE('',#2061,#2062);
#2061 = CARTESIAN_POINT('',(0.,0.));
#2062 = VECTOR('',#2063,1.);
#2063 = DIRECTION('',(1.,0.));
#2064 = ( GEOMETRIC_REPRESENTATION_CONTEXT(2) 
PARAMETRIC_REPRESENTATION_CONTEXT() REPRESENTATION_CONTEXT('2D SPACE',''
  ) );
#2065 = ORIENTED_EDGE('',*,*,#2066,.T.);
#2066 = EDGE_CURVE('',#2032,#2067,#2069,.T.);
#2067 = VERTEX_POINT('',#2068);
#2068 = CARTESIAN_POINT('',(-102.,69.5,139.5));
#2069 = SURFACE_CURVE('',#2070,(#2074,#2081),.PCURVE_S1.);
#2070 = LINE('',#2071,#2072);
#2071 = CARTESIAN_POINT('',(-102.,-69.5,139.5));
#2072 = VECTOR('',#2073,1.);
#2073 = DIRECTION('',(-0.,1.,0.));
#2074 = PCURVE('',#2042,#2075);
#2075 = DEFINITIONAL_REPRESENTATION('',(#2076),#2080);
#2076 = LINE('',#2077,#2078);
#2077 = CARTESIAN_POINT('',(0.,0.));
#2078 = VECTOR('',#2079,1.);
#2079 = DIRECTION('',(0.,-1.));
#2080 = ( GEOMETRIC_REPRESENTATION_CONTEXT(2) 
PARAMETRIC_REPRESENTATION_CONTEXT() REPRESENTATION_CONTEXT('2D SPACE',''
  ) );
#2081 = PCURVE('',#2082,#2087);
#2082 = PLANE('',#2083);
#2083 = AXIS2_PLACEMENT_3D('',#2084,#2085,#2086);
#2084 = CARTESIAN_POINT('',(-102.,-69.5,139.5));
#2085 = DIRECTION('',(0.,0.,1.));
#2086 = DIRECTION('',(1.,0.,-0.));
#2087 = DEFINITIONAL_REPRESENTATION('',(#2088),#2092);
#2088 = LINE('',#2089,#2090);
#2089 = CARTESIAN_POINT('',(0.,0.));
#2090 = VECTOR('',#2091,1.);
#2091 = DIRECTION('',(0.,1.));
#2092 = ( GEOMETRIC_REPRESENTATION_CONTEXT(2) 
PARAMETRIC_REPRESENTATION_CONTEXT() REPRESENTATION_CONTEXT('2D SPACE',''
  ) );
#2093 = ORIENTED_EDGE('',*,*,#2094,.T.);
#2094 = EDGE_CURVE('',#2067,#2095,#2097,.T.);
#2095 = VERTEX_POINT('',#2096);
#2096 = CARTESIAN_POINT('',(-102.,69.5,164.5));
#2097 = SURFACE_CURVE('',#2098,(#2102,#2109),.PCURVE_S1.);
#2098 = LINE('',#2099,#2100);
#2099 = CARTESIAN_POINT('',(-102.,69.5,139.5));
#2100 = VECTOR('',#2101,1.);
#2101 = DIRECTION('',(0.,0.,1.));
#2102 = PCURVE('',#2042,#2103);
#2103 = DEFINITIONAL_REPRESENTATION('',(#2104),#2108);
#2104 = LINE('',#2105,#2106);
#2105 = CARTESIAN_POINT('',(0.,-139.));
#2106 = VECTOR('',#2107,1.);
#2107 = DIRECTION('',(1.,0.));
#2108 = ( GEOMETRIC_REPRESENTATION_CONTEXT(2) 
PARAMETRIC_REPRESENTATION_CONTEXT() REPRESENTATION_CONTEXT('2D SPACE',''
  ) );
#2109 = PCURVE('',#2110,#2115);
#2110 = PLANE('',#2111);
#2111 = AXIS2_PLACEMENT_3D('',#2112,#2113,#2114);
#2112 = CARTESIAN_POINT('',(-102.,69.5,139.5));
#2113 = DIRECTION('',(-0.,1.,0.));
#2114 = DIRECTION('',(0.,0.,1.));
#2115 = DEFINITIONAL_REPRESENTATION('',(#2116),#2120);
#2116 = LINE('',#2117,#2118);
#2117 = CARTESIAN_POINT('',(0.,0.));
#2118 = VECTOR('',#2119,1.);
#2119 = DIRECTION('',(1.,0.));
#2120 = ( GEOMETRIC_REPRESENTATION_CONTEXT(2) 
PARAMETRIC_REPRESENTATION_CONTEXT() REPRESENTATION_CONTEXT('2D SPACE',''
  ) );
#2121 = ORIENTED_EDGE('',*,*,#2122,.F.);
#2122 = EDGE_CURVE('',#2034,#2095,#2123,.T.);
#2123 = SURFACE_CURVE('',#2124,(#2128,#2135),.PCURVE_S1.);
#2124 = LINE('',#2125,#2126);
#2125 = CARTESIAN_POINT('',(-102.,-69.5,164.5));
#2126 = VECTOR('',#2127,1.);
#2127 = DIRECTION('',(-0.,1.,0.));
#2128 = PCURVE('',#2042,#2129);
#2129 = DEFINITIONAL_REPRESENTATION('',(#2130),#2134);
#2130 = LINE('',#2131,#2132);
#2131 = CARTESIAN_POINT('',(25.,0.));
#2132 = VECTOR('',#2133,1.);
#2133 = DIRECTION('',(0.,-1.));
#2134 = ( GEOMETRIC_REPRESENTATION_CONTEXT(2) 
PARAMETRIC_REPRESENTATION_CONTEXT() REPRESENTATION_CONTEXT('2D SPACE',''
  ) );
#2135 = PCURVE('',#2136,#2141);
#2136 = PLANE('',#2137);
#2137 = AXIS2_PLACEMENT_3D('',#2138,#2139,#2140);
#2138 = CARTESIAN_POINT('',(-102.,-69.5,164.5));
#2139 = DIRECTION('',(0.,0.,1.));
#2140 = DIRECTION('',(1.,0.,-0.));
#2141 = DEFINITIONAL_REPRESENTATION('',(#2142),#2146);
#2142 = LINE('',#2143,#2144);
#2143 = CARTESIAN_POINT('',(0.,0.));
#2144 = VECTOR('',#2145,1.);
#2145 = DIRECTION('',(0.,1.));
#2146 = ( GEOMETRIC_REPRESENTATION_CONTEXT(2) 
PARAMETRIC_REPRESENTATION_CONTEXT() REPRESENTATION_CONTEXT('2D SPACE',''
  ) );
#2147 = ADVANCED_FACE('',(#2148),#2082,.F.);
#2148 = FACE_BOUND('',#2149,.F.);
#2149 = EDGE_LOOP('',(#2150,#2151,#2174,#2202));
#2150 = ORIENTED_EDGE('',*,*,#2066,.F.);
#2151 = ORIENTED_EDGE('',*,*,#2152,.T.);
#2152 = EDGE_CURVE('',#2032,#2153,#2155,.T.);
#2153 = VERTEX_POINT('',#2154);
#2154 = CARTESIAN_POINT('',(102.,-69.5,139.5));
#2155 = SURFACE_CURVE('',#2156,(#2160,#2167),.PCURVE_S1.);
#2156 = LINE('',#2157,#2158);
#2157 = CARTESIAN_POINT('',(-102.,-69.5,139.5));
#2158 = VECTOR('',#2159,1.);
#2159 = DIRECTION('',(1.,0.,-0.));
#2160 = PCURVE('',#2082,#2161);
#2161 = DEFINITIONAL_REPRESENTATION('',(#2162),#2166);
#2162 = LINE('',#2163,#2164);
#2163 = CARTESIAN_POINT('',(0.,0.));
#2164 = VECTOR('',#2165,1.);
#2165 = DIRECTION('',(1.,0.));
#2166 = ( GEOMETRIC_REPRESENTATION_CONTEXT(2) 
PARAMETRIC_REPRESENTATION_CONTEXT() REPRESENTATION_CONTEXT('2D SPACE',''
  ) );
#2167 = PCURVE('',#2054,#2168);
#2168 = DEFINITIONAL_REPRESENTATION('',(#2169),#2173);
#2169 = LINE('',#2170,#2171);
#2170 = CARTESIAN_POINT('',(0.,0.));
#2171 = VECTOR('',#2172,1.);
#2172 = DIRECTION('',(0.,1.));
#2173 = ( GEOMETRIC_REPRESENTATION_CONTEXT(2) 
PARAMETRIC_REPRESENTATION_CONTEXT() REPRESENTATION_CONTEXT('2D SPACE',''
  ) );
#2174 = ORIENTED_EDGE('',*,*,#2175,.T.);
#2175 = EDGE_CURVE('',#2153,#2176,#2178,.T.);
#2176 = VERTEX_POINT('',#2177);
#2177 = CARTESIAN_POINT('',(102.,69.5,139.5));
#2178 = SURFACE_CURVE('',#2179,(#2183,#2190),.PCURVE_S1.);
#2179 = LINE('',#2180,#2181);
#2180 = CARTESIAN_POINT('',(102.,-69.5,139.5));
#2181 = VECTOR('',#2182,1.);
#2182 = DIRECTION('',(-0.,1.,0.));
#2183 = PCURVE('',#2082,#2184);
#2184 = DEFINITIONAL_REPRESENTATION('',(#2185),#2189);
#2185 = LINE('',#2186,#2187);
#2186 = CARTESIAN_POINT('',(204.,0.));
#2187 = VECTOR('',#2188,1.);
#2188 = DIRECTION('',(0.,1.));
#2189 = ( GEOMETRIC_REPRESENTATION_CONTEXT(2) 
PARAMETRIC_REPRESENTATION_CONTEXT() REPRESENTATION_CONTEXT('2D SPACE',''
  ) );
#2190 = PCURVE('',#2191,#2196);
#2191 = PLANE('',#2192);
#2192 = AXIS2_PLACEMENT_3D('',#2193,#2194,#2195);
#2193 = CARTESIAN_POINT('',(102.,-69.5,139.5));
#2194 = DIRECTION('',(1.,0.,-0.));
#2195 = DIRECTION('',(0.,0.,1.));
#2196 = DEFINITIONAL_REPRESENTATION('',(#2197),#2201);
#2197 = LINE('',#2198,#2199);
#2198 = CARTESIAN_POINT('',(0.,0.));
#2199 = VECTOR('',#2200,1.);
#2200 = DIRECTION('',(0.,-1.));
#2201 = ( GEOMETRIC_REPRESENTATION_CONTEXT(2) 
PARAMETRIC_REPRESENTATION_CONTEXT() REPRESENTATION_CONTEXT('2D SPACE',''
  ) );
#2202 = ORIENTED_EDGE('',*,*,#2203,.F.);
#2203 = EDGE_CURVE('',#2067,#2176,#2204,.T.);
#2204 = SURFACE_CURVE('',#2205,(#2209,#2216),.PCURVE_S1.);
#2205 = LINE('',#2206,#2207);
#2206 = CARTESIAN_POINT('',(-102.,69.5,139.5));
#2207 = VECTOR('',#2208,1.);
#2208 = DIRECTION('',(1.,0.,-0.));
#2209 = PCURVE('',#2082,#2210);
#2210 = DEFINITIONAL_REPRESENTATION('',(#2211),#2215);
#2211 = LINE('',#2212,#2213);
#2212 = CARTESIAN_POINT('',(0.,139.));
#2213 = VECTOR('',#2214,1.);
#2214 = DIRECTION('',(1.,0.));
#2215 = ( GEOMETRIC_REPRESENTATION_CONTEXT(2) 
PARAMETRIC_REPRESENTATION_CONTEXT() REPRESENTATION_CONTEXT('2D SPACE',''
  ) );
#2216 = PCURVE('',#2110,#2217);
#2217 = DEFINITIONAL_REPRESENTATION('',(#2218),#2222);
#2218 = LINE('',#2219,#2220);
#2219 = CARTESIAN_POINT('',(0.,0.));
#2220 = VECTOR('',#2221,1.);
#2221 = DIRECTION('',(0.,1.));
#2222 = ( GEOMETRIC_REPRESENTATION_CONTEXT(2) 
PARAMETRIC_REPRESENTATION_CONTEXT() REPRESENTATION_CONTEXT('2D SPACE',''
  ) );
#2223 = ADVANCED_FACE('',(#2224),#2191,.T.);
#2224 = FACE_BOUND('',#2225,.T.);
#2225 = EDGE_LOOP('',(#2226,#2249,#2250,#2273));
#2226 = ORIENTED_EDGE('',*,*,#2227,.F.);
#2227 = EDGE_CURVE('',#2153,#2228,#2230,.T.);
#2228 = VERTEX_POINT('',#2229);
#2229 = CARTESIAN_POINT('',(102.,-69.5,164.5));
#2230 = SURFACE_CURVE('',#2231,(#2235,#2242),.PCURVE_S1.);
#2231 = LINE('',#2232,#2233);
#2232 = CARTESIAN_POINT('',(102.,-69.5,139.5));
#2233 = VECTOR('',#2234,1.);
#2234 = DIRECTION('',(0.,0.,1.));
#2235 = PCURVE('',#2191,#2236);
#2236 = DEFINITIONAL_REPRESENTATION('',(#2237),#2241);
#2237 = LINE('',#2238,#2239);
#2238 = CARTESIAN_POINT('',(0.,0.));
#2239 = VECTOR('',#2240,1.);
#2240 = DIRECTION('',(1.,0.));
#2241 = ( GEOMETRIC_REPRESENTATION_CONTEXT(2) 
PARAMETRIC_REPRESENTATION_CONTEXT() REPRESENTATION_CONTEXT('2D SPACE',''
  ) );
#2242 = PCURVE('',#2054,#2243);
#2243 = DEFINITIONAL_REPRESENTATION('',(#2244),#2248);
#2244 = LINE('',#2245,#2246);
#2245 = CARTESIAN_POINT('',(0.,204.));
#2246 = VECTOR('',#2247,1.);
#2247 = DIRECTION('',(1.,0.));
#2248 = ( GEOMETRIC_REPRESENTATION_CONTEXT(2) 
PARAMETRIC_REPRESENTATION_CONTEXT() REPRESENTATION_CONTEXT('2D SPACE',''
  ) );
#2249 = ORIENTED_EDGE('',*,*,#2175,.T.);
#2250 = ORIENTED_EDGE('',*,*,#2251,.T.);
#2251 = EDGE_CURVE('',#2176,#2252,#2254,.T.);
#2252 = VERTEX_POINT('',#2253);
#2253 = CARTESIAN_POINT('',(102.,69.5,164.5));
#2254 = SURFACE_CURVE('',#2255,(#2259,#2266),.PCURVE_S1.);
#2255 = LINE('',#2256,#2257);
#2256 = CARTESIAN_POINT('',(102.,69.5,139.5));
#2257 = VECTOR('',#2258,1.);
#2258 = DIRECTION('',(0.,0.,1.));
#2259 = PCURVE('',#2191,#2260);
#2260 = DEFINITIONAL_REPRESENTATION('',(#2261),#2265);
#2261 = LINE('',#2262,#2263);
#2262 = CARTESIAN_POINT('',(0.,-139.));
#2263 = VECTOR('',#2264,1.);
#2264 = DIRECTION('',(1.,0.));
#2265 = ( GEOMETRIC_REPRESENTATION_CONTEXT(2) 
PARAMETRIC_REPRESENTATION_CONTEXT() REPRESENTATION_CONTEXT('2D SPACE',''
  ) );
#2266 = PCURVE('',#2110,#2267);
#2267 = DEFINITIONAL_REPRESENTATION('',(#2268),#2272);
#2268 = LINE('',#2269,#2270);
#2269 = CARTESIAN_POINT('',(0.,204.));
#2270 = VECTOR('',#2271,1.);
#2271 = DIRECTION('',(1.,0.));
#2272 = ( GEOMETRIC_REPRESENTATION_CONTEXT(2) 
PARAMETRIC_REPRESENTATION_CONTEXT() REPRESENTATION_CONTEXT('2D SPACE',''
  ) );
#2273 = ORIENTED_EDGE('',*,*,#2274,.F.);
#2274 = EDGE_CURVE('',#2228,#2252,#2275,.T.);
#2275 = SURFACE_CURVE('',#2276,(#2280,#2287),.PCURVE_S1.);
#2276 = LINE('',#2277,#2278);
#2277 = CARTESIAN_POINT('',(102.,-69.5,164.5));
#2278 = VECTOR('',#2279,1.);
#2279 = DIRECTION('',(-0.,1.,0.));
#2280 = PCURVE('',#2191,#2281);
#2281 = DEFINITIONAL_REPRESENTATION('',(#2282),#2286);
#2282 = LINE('',#2283,#2284);
#2283 = CARTESIAN_POINT('',(25.,0.));
#2284 = VECTOR('',#2285,1.);
#2285 = DIRECTION('',(0.,-1.));
#2286 = ( GEOMETRIC_REPRESENTATION_CONTEXT(2) 
PARAMETRIC_REPRESENTATION_CONTEXT() REPRESENTATION_CONTEXT('2D SPACE',''
  ) );
#2287 = PCURVE('',#2136,#2288);
#2288 = DEFINITIONAL_REPRESENTATION('',(#2289),#2293);
#2289 = LINE('',#2290,#2291);
#2290 = CARTESIAN_POINT('',(204.,0.));
#2291 = VECTOR('',#2292,1.);
#2292 = DIRECTION('',(0.,1.));
#2293 = ( GEOMETRIC_REPRESENTATION_CONTEXT(2) 
PARAMETRIC_REPRESENTATION_CONTEXT() REPRESENTATION_CONTEXT('2D SPACE',''
  ) );
#2294 = ADVANCED_FACE('',(#2295),#2110,.T.);
#2295 = FACE_BOUND('',#2296,.T.);
#2296 = EDGE_LOOP('',(#2297,#2298,#2299,#2320));
#2297 = ORIENTED_EDGE('',*,*,#2203,.F.);
#2298 = ORIENTED_EDGE('',*,*,#2094,.T.);
#2299 = ORIENTED_EDGE('',*,*,#2300,.T.);
#2300 = EDGE_CURVE('',#2095,#2252,#2301,.T.);
#2301 = SURFACE_CURVE('',#2302,(#2306,#2313),.PCURVE_S1.);
#2302 = LINE('',#2303,#2304);
#2303 = CARTESIAN_POINT('',(-102.,69.5,164.5));
#2304 = VECTOR('',#2305,1.);
#2305 = DIRECTION('',(1.,0.,-0.));
#2306 = PCURVE('',#2110,#2307);
#2307 = DEFINITIONAL_REPRESENTATION('',(#2308),#2312);
#2308 = LINE('',#2309,#2310);
#2309 = CARTESIAN_POINT('',(25.,0.));
#2310 = VECTOR('',#2311,1.);
#2311 = DIRECTION('',(0.,1.));
#2312 = ( GEOMETRIC_REPRESENTATION_CONTEXT(2) 
PARAMETRIC_REPRESENTATION_CONTEXT() REPRESENTATION_CONTEXT('2D SPACE',''
  ) );
#2313 = PCURVE('',#2136,#2314);
#2314 = DEFINITIONAL_REPRESENTATION('',(#2315),#2319);
#2315 = LINE('',#2316,#2317);
#2316 = CARTESIAN_POINT('',(0.,139.));
#2317 = VECTOR('',#2318,1.);
#2318 = DIRECTION('',(1.,0.));
#2319 = ( GEOMETRIC_REPRESENTATION_CONTEXT(2) 
PARAMETRIC_REPRESENTATION_CONTEXT() REPRESENTATION_CONTEXT('2D SPACE',''
  ) );
#2320 = ORIENTED_EDGE('',*,*,#2251,.F.);
#2321 = ADVANCED_FACE('',(#2322),#2136,.T.);
#2322 = FACE_BOUND('',#2323,.T.);
#2323 = EDGE_LOOP('',(#2324,#2325,#2346,#2347));
#2324 = ORIENTED_EDGE('',*,*,#2122,.F.);
#2325 = ORIENTED_EDGE('',*,*,#2326,.T.);
#2326 = EDGE_CURVE('',#2034,#2228,#2327,.T.);
#2327 = SURFACE_CURVE('',#2328,(#2332,#2339),.PCURVE_S1.);
#2328 = LINE('',#2329,#2330);
#2329 = CARTESIAN_POINT('',(-102.,-69.5,164.5));
#2330 = VECTOR('',#2331,1.);
#2331 = DIRECTION('',(1.,0.,-0.));
#2332 = PCURVE('',#2136,#2333);
#2333 = DEFINITIONAL_REPRESENTATION('',(#2334),#2338);
#2334 = LINE('',#2335,#2336);
#2335 = CARTESIAN_POINT('',(0.,0.));
#2336 = VECTOR('',#2337,1.);
#2337 = DIRECTION('',(1.,0.));
#2338 = ( GEOMETRIC_REPRESENTATION_CONTEXT(2) 
PARAMETRIC_REPRESENTATION_CONTEXT() REPRESENTATION_CONTEXT('2D SPACE',''
  ) );
#2339 = PCURVE('',#2054,#2340);
#2340 = DEFINITIONAL_REPRESENTATION('',(#2341),#2345);
#2341 = LINE('',#2342,#2343);
#2342 = CARTESIAN_POINT('',(25.,0.));
#2343 = VECTOR('',#2344,1.);
#2344 = DIRECTION('',(0.,1.));
#2345 = ( GEOMETRIC_REPRESENTATION_CONTEXT(2) 
PARAMETRIC_REPRESENTATION_CONTEXT() REPRESENTATION_CONTEXT('2D SPACE',''
  ) );
#2346 = ORIENTED_EDGE('',*,*,#2274,.T.);
#2347 = ORIENTED_EDGE('',*,*,#2300,.F.);
#2348 = ADVANCED_FACE('',(#2349),#2054,.F.);
#2349 = FACE_BOUND('',#2350,.F.);
#2350 = EDGE_LOOP('',(#2351,#2352,#2353,#2354));
#2351 = ORIENTED_EDGE('',*,*,#2152,.F.);
#2352 = ORIENTED_EDGE('',*,*,#2031,.T.);
#2353 = ORIENTED_EDGE('',*,*,#2326,.T.);
#2354 = ORIENTED_EDGE('',*,*,#2227,.F.);
#2355 = ( GEOMETRIC_REPRESENTATION_CONTEXT(3) 
GLOBAL_UNCERTAINTY_ASSIGNED_CONTEXT((#2359)) 
GLOBAL_UNIT_ASSIGNED_CONTEXT((#2356,#2357,#2358)) REPRESENTATION_CONTEXT
('Context #1','3D Context with UNIT and UNCERTAINTY') );
#2356 = ( LENGTH_UNIT() NAMED_UNIT(*) SI_UNIT(.MILLI.,.METRE.) );
#2357 = ( NAMED_UNIT(*) PLANE_ANGLE_UNIT() SI_UNIT($,.RADIAN.) );
#2358 = ( NAMED_UNIT(*) SI_UNIT($,.STERADIAN.) SOLID_ANGLE_UNIT() );
#2359 = UNCERTAINTY_MEASURE_WITH_UNIT(LENGTH_MEASURE(2.E-07),#2356,
  'distance_accuracy_value','confusion accuracy');
#2360 = PRODUCT_RELATED_PRODUCT_CATEGORY('part',$,(#7));
ENDSEC;
END-ISO-10303-21;
